254,-8,-22,6144,-1280,20223,0,-513,0,1626
253,-7,-21,6144,-1280,20223,0,-1025,0,1626
251,-8,-18,6144,-1280,20223,0,-1281,0,1627
255,-9,-25,6144,-1280,20223,0,-257,0,1629
257,-3,-20,5376,-3072,16127,0,-513,0,1627
249,-8,-23,6144,-2560,18943,0,1792,0,1628
257,-5,-16,6144,-2560,18943,0,6144,0,1629
252,-5,-23,5888,-1024,14847,0,6656,0,1627
243,-15,-29,5120,-2048,16383,0,5888,0,1629
241,-21,-22,5120,-2048,16383,0,1792,0,1628
246,-29,-36,4352,-1280,16895,0,-513,0,1628
244,-33,-35,5120,-3072,14591,0,-4609,0,1628
243,-34,-33,5120,-3072,14591,0,-7425,0,1629
243,-15,-35,4608,-2816,14591,0,-8705,0,1628
243,-16,-37,4864,-2816,16895,0,-11777,0,1628
248,-2,-44,4864,-2816,16895,0,-12545,0,1627
248,3,-49,3840,-3328,17919,0,-5121,0,1631
243,7,-59,4096,-2816,14591,0,-4097,0,1631
249,-7,-41,4096,-2816,14591,0,-1793,0,1628
251,-12,-40,4096,-2816,14591,0,-2305,0,1628
250,-20,-47,5120,-3584,15359,0,-2049,0,1627
249,-21,-46,5120,-3584,15359,0,-1,0,1628
244,-18,-37,5376,-1792,15359,0,-769,0,1628
238,-18,-41,3072,-3072,14335,0,-5633,0,1628
253,-5,-41,3072,-3072,14335,0,-7937,0,1628
258,-2,-37,3840,-3840,15359,0,-7425,0,1629
252,-5,-51,4096,-5632,13567,0,-2561,0,1628
252,-6,-50,4096,-5632,13567,0,-513,0,1629
245,-6,-41,3328,-4608,14335,0,1536,0,1629
243,-8,-45,4608,-3840,16639,0,512,0,1629
254,-10,-34,4608,-3840,16639,0,0,0,1628
255,-12,-48,4096,-4608,15615,0,2048,0,1629
248,-10,-43,5376,-3840,14847,0,5120,0,1627
233,-9,-40,5376,-3840,14847,0,1280,0,1627
245,-17,-47,6400,-2816,21503,0,-3585,0,1628
262,-27,-24,4096,-2560,19711,0,-7169,0,1628
250,-12,-7,4096,-2560,19711,0,-4353,0,1629
256,-16,16,3840,-2816,15871,0,512,0,1627
255,-8,3,4608,-3328,16639,0,-1537,0,1628
246,-8,-16,4608,-3328,16639,0,-2049,0,1629
257,-1,-44,5376,-2048,21247,0,-3329,0,1627
247,-7,-44,5632,-4608,15359,0,-769,0,1629
246,-5,-37,5632,-4608,15359,0,2048,0,1628
240,-8,-13,5376,-3328,16895,0,1536,0,1628
246,-19,-8,6912,-4096,23295,0,4096,0,1629
247,-14,-1,6912,-4096,23295,0,4608,0,1629
242,-20,-22,3328,-3072,14591,0,0,0,1628
254,-15,-31,5120,-3584,16383,0,-2817,0,1629
263,-16,-31,5120,-3584,16383,0,-769,0,1629
246,-7,-16,4608,-3072,15615,0,1280,0,1628
247,-5,-15,6912,-1536,23295,0,256,0,1628
247,-9,-8,6912,-1536,23295,0,1280,0,1628
249,-9,-20,4608,-4096,14079,0,1792,0,1629
243,-16,-23,4608,-4096,14079,0,1792,0,1628
242,-17,-29,4608,-4096,14079,0,-1793,0,1628
249,-12,-27,4864,-4864,14847,0,-4865,0,1629
246,-10,-31,4864,-4864,14847,0,-4353,0,1629
247,-14,-24,4864,-4864,14847,0,512,0,1628
252,-12,-24,5376,-4608,14591,0,-1537,0,1629
255,-11,-11,5376,-4608,14591,0,-4353,0,1629
258,-4,-19,5376,-4608,14591,0,-1025,0,1628
242,-9,-23,5888,-3072,21247,0,2816,0,1627
251,-9,-27,5888,-3072,21247,0,-1025,0,1627
248,-13,-19,5888,-3072,21247,0,-769,0,1628
257,-17,-14,5888,-5376,13823,0,-1537,0,1631
261,-18,8,4608,-4864,14335,0,-2817,0,1628
265,-21,35,4608,-4864,14335,0,-2817,0,1629
237,-20,60,7168,-3584,24063,0,7936,0,1627
263,-15,13,7168,-3584,24063,0,-513,0,1628
266,-14,6,7168,-3584,24063,0,-2561,0,1628
271,-10,2,5120,-5120,14335,0,768,0,1629
275,-3,16,5120,-5120,14335,0,2816,0,1628
252,-10,30,5120,-4352,15359,0,6144,0,1628
258,-21,24,5632,-3072,13055,0,4096,0,1628
258,-13,12,5632,-3072,13055,0,5376,0,1628
255,-16,5,5632,-4352,21247,0,4352,0,1628
245,-13,14,4864,-3584,14079,0,2304,0,1629
244,-15,-4,4864,-3584,14079,0,1280,0,1629
259,-17,-17,5632,-5120,18687,0,1792,0,1629
246,-22,-26,3584,-5632,14847,0,-1025,0,1627
253,-17,-11,3584,-5632,14847,0,256,0,1628
245,-23,-10,4864,-4352,13055,0,-1,0,1629
243,-16,-10,4096,-4096,19199,0,-3329,0,1629
253,-20,-1,4096,-4096,19199,0,-5633,0,1628
250,-17,-6,4352,-6912,15871,0,-3329,0,1628
241,-19,15,4096,-7168,13567,0,-1281,0,1628
253,-16,-1,4096,-7168,13567,0,-257,0,1629
253,-26,-11,3840,-5888,13311,0,-5633,0,1628
252,-19,-14,5888,-6656,14079,0,-8193,0,1628
253,-13,8,5888,-6656,14079,0,-7169,0,1627
240,-15,15,6144,-5376,13823,0,-2817,0,1628
249,-24,-4,6656,-5888,17663,0,-3329,0,1627
250,-17,-17,6656,-5888,17663,0,-4353,0,1631
241,-7,-25,4352,-5888,14335,0,-7937,0,1628
254,-8,-10,4352,-3584,15615,0,-5121,0,1629
241,-16,11,4352,-3584,15615,0,-2817,0,1628
250,-18,-2,4096,-4352,16127,0,0,0,1629
253,-14,-14,4864,-5888,14335,0,-4097,0,1629
239,-11,-8,4864,-5888,14335,0,-5889,0,1628
243,-17,-13,5376,-5376,16895,0,-6145,0,1628
250,-23,1,7424,-4352,20223,0,-8193,0,1628
244,-10,3,7424,-4352,20223,0,-6657,0,1627
253,-12,0,5120,-4864,13567,0,-3329,0,1628
253,-17,-9,6144,-4608,11519,0,-5121,0,1629
261,-13,-11,6144,-4608,11519,0,-5377,0,1627
252,-7,-9,4608,-4608,13055,0,256,0,1627
241,-1,-3,6656,-4096,16639,0,2048,0,1629
240,-1,-4,6656,-4096,16639,0,4608,0,1628
245,-9,1,6912,-4864,14335,0,1280,0,1629
247,-15,-16,6912,-4864,14335,0,-1,0,1629
246,-22,-19,5376,-6656,13055,0,1280,0,1629
258,-27,-9,7168,-4096,24831,0,0,0,1628
252,-21,-8,7168,-4096,24831,0,-5889,0,1629
252,-11,-5,5120,-4352,17919,0,-11265,0,1629
250,-5,-5,4864,-6144,13567,0,-8449,0,1628
244,2,-15,4864,-6144,13567,0,-1793,0,1629
253,-18,-7,6144,-6144,13823,0,3328,0,1628
260,-12,-17,7168,-4608,23807,0,1536,0,1628
245,1,-12,7168,-4608,23807,0,-5377,0,1629
259,0,-1,8192,-4608,20223,0,2048,0,1628
259,-12,-20,4608,-7424,14079,0,8448,0,1629
248,-15,-10,4608,-7424,14079,0,11776,0,1630
251,-13,-18,4608,-5376,14335,0,7424,0,1627
255,-18,-7,5888,-4096,17407,0,4096,0,1628
229,-35,-15,5888,-4096,17407,0,5120,0,1627
255,-19,-9,7680,-3840,22015,0,768,0,1628
259,-17,-13,5120,-4096,17151,0,8448,0,1627
266,-10,-14,5120,-4096,17151,0,13312,0,1625
243,-18,-7,5120,-5376,17919,0,2048,0,1629
258,-14,-7,5632,-5120,15615,0,-8449,0,1629
235,-21,-10,5632,-5120,15615,0,32511,0,1629
255,-20,-11,6400,-3328,20991,0,14080,0,1628
245,-27,0,4096,-5120,16127,0,11776,0,1628
258,-31,-4,4096,-5120,16127,0,7424,0,1629
249,-28,-6,4352,-4864,15615,0,18688,0,1629
257,-25,9,3840,-5120,17151,0,20992,0,1629
237,-30,9,3840,-5120,17151,0,7936,0,1629
239,-36,-10,4608,-3584,16639,0,-9985,0,1629
241,-17,-20,4608,-5632,17919,0,-22785,0,1629
250,-18,-16,5632,-5632,17919,0,-12289,0,1628
241,-11,1,5632,-5120,18943,0,-18689,0,1628
250,-10,11,4352,-5888,18175,0,-18177,0,1628
276,-22,1,4352,-5888,18175,0,-12289,0,1631
244,-32,7,4096,-3328,14847,0,-5377,0,1628
255,-20,-8,4608,-3840,16895,0,-16641,0,1629
251,-13,-1,4608,-3840,16895,0,-11777,0,1628
259,-15,-1,3584,-4352,15359,0,-10241,0,1628
249,-21,9,4352,-2560,19455,0,-13569,0,1629
248,-14,-1,4352,-2560,19455,0,-12033,0,1628
249,-16,0,4096,-4608,14847,0,-13057,0,1629
256,-20,2,3584,-3584,16639,0,-9217,0,1629
246,-17,1,3584,-3584,16639,0,-6401,0,1628
249,-20,5,2816,-3584,15871,0,-8961,0,1628
267,-10,2,2560,-3840,14079,0,-9473,0,1628
257,-11,-2,2560,-3840,14079,0,-6145,0,1628
271,-10,1,4096,-4096,19711,0,-7425,0,1628
248,-8,6,5376,-4864,14847,0,-5121,0,1628
243,-9,5,5376,-4864,14847,0,-4609,0,1628
253,-8,12,4352,-3328,14079,0,-5889,0,1628
261,-21,12,4352,-3328,14079,0,-3073,0,1626
276,-25,11,6912,-4096,24575,0,3072,0,1627
258,-13,19,4864,-2304,16127,0,256,0,1627
260,-3,31,4864,-2304,16127,0,-1793,0,1628
262,-11,13,4096,-2560,15359,0,-3585,0,1628
258,-6,4,4352,-4864,14591,0,256,0,1627
257,-24,17,4352,-4864,14591,0,-1,0,1626
250,-13,25,5632,-3072,21759,0,2816,0,1628
266,-12,24,4864,-3840,17663,0,2048,0,1627
257,-7,9,4864,-3840,17663,0,1024,0,1629
252,-12,8,3072,-2048,16127,0,4352,0,1628
260,-18,19,8448,-3584,16639,0,2048,0,1628
250,-16,27,8448,-3584,16639,0,-1793,0,1628
267,-22,14,3328,-4096,13823,0,2560,0,1629
254,-28,30,6144,-3072,21247,0,-4865,0,1628
255,-20,29,6144,-3072,21247,0,-2561,0,1626
248,-18,40,6144,-2048,21503,0,-513,0,1628
261,-8,26,6144,-2048,21503,0,-4097,0,1628
255,-20,15,6144,-2048,21503,0,-4097,0,1627
263,-13,8,3840,-5120,16127,0,-2561,0,1628
262,-28,31,3840,-5120,16127,0,-5121,0,1628
250,-11,33,5632,-3072,17919,0,-8193,0,1627
264,-14,39,4096,-4352,15359,0,-2817,0,1628
261,-21,32,4096,-4352,15359,0,-7937,0,1629
262,-7,11,4608,-4352,14079,0,-8961,0,1629
262,-11,15,4608,-4096,14079,0,-6401,0,1629
248,-8,40,4608,-4096,14079,0,-7425,0,1629
250,-12,34,4608,-4096,14079,0,-2817,0,1628
266,-18,24,4096,-3072,15359,0,-5377,0,1629
261,-22,30,4096,-3072,15359,0,-7681,0,1629
253,-10,29,4608,-3328,13055,0,-5121,0,1628
270,-18,39,3840,-3584,15103,0,-2561,0,1629
245,-10,36,3840,-3584,15103,0,-5121,0,1628
263,-6,33,5888,-3072,14591,0,1280,0,1628
254,-12,43,6656,-2304,19199,0,-6401,0,1628
249,-9,36,6656,-2304,19199,0,-3841,0,1630
264,-19,38,4608,-2560,13055,0,0,0,1628
237,-15,29,4608,-3584,16639,0,-9217,0,1628
283,-16,-3,4608,-3584,16639,0,-1281,0,1628
246,-9,15,4864,-3328,14591,0,-4353,0,1627
262,3,20,5120,-3584,18943,0,-4097,0,1628
235,9,41,5120,-3584,18943,0,-13313,0,1629
255,-3,18,4608,-5120,15359,0,-3073,0,1628
260,-10,7,4864,-2560,16383,0,3072,0,1628
265,-14,19,4864,-2560,16383,0,1792,0,1628
255,-11,23,6144,-1536,17407,0,512,0,1628
257,-10,38,4864,-3584,15615,0,-9985,0,1628
250,-6,28,4864,-3584,15615,0,-7681,0,1629
259,-4,4,4608,-1280,18687,0,-769,0,1628
256,-10,20,4608,-1280,18687,0,2048,0,1629
248,4,22,4608,-1280,18687,0,1024,0,1629
252,2,26,3840,-1536,14591,0,0,0,1629
259,-7,28,3840,-1536,14591,0,-769,0,1631
277,-12,15,5120,-3072,16127,0,2304,0,1629
233,-21,20,4608,-2048,15615,0,2048,0,1629
252,-23,25,4608,-2048,15615,0,1024,0,1629
259,-23,28,7168,-1280,24063,0,3584,0,1629
241,-10,31,3840,-2048,15103,0,-6401,0,1628
243,-4,10,3840,-2048,15103,0,1536,0,1629
260,-8,24,5376,-3072,18431,0,-4865,0,1628
250,-15,27,6400,-4096,15615,0,-4865,0,1628
258,-15,37,6400,-4096,15615,0,-4865,0,1629
264,-25,41,4096,-2816,15103,0,-257,0,1628
261,-22,46,4096,-2816,15103,0,-4609,0,1629
255,-20,42,4096,-2816,15103,0,-3329,0,1628
264,-7,56,5120,-2048,16383,0,-2817,0,1629
242,-2,41,5120,-2048,16383,0,-4865,0,1628
263,-19,34,4864,-3840,15103,0,-6401,0,1626
265,-21,35,4352,-1280,15871,0,-3841,0,1627
272,-21,35,4352,-1280,15871,0,-2049,0,1627
263,-12,49,5376,-512,19711,0,-8193,0,1629
274,-20,44,5888,-768,17407,0,-9985,0,1628
270,-11,39,5888,-768,17407,0,-5889,0,1628
260,-10,33,5376,-3072,15359,0,-8449,0,1627
267,-8,31,4864,-2048,15103,0,-3073,0,1629
258,-7,48,4864,-2048,15103,0,-7169,0,1628
257,-17,43,5376,-1792,18687,0,-2817,0,1628
256,-10,39,5632,-2560,18175,0,-6401,0,1629
267,-15,32,5632,-2560,18175,0,-3329,0,1628
271,-19,47,4608,-768,19199,0,-6657,0,1629
266,-17,42,5632,-1536,15103,0,-9729,0,1627
273,-9,41,5632,-1536,15103,0,-513,0,1629
262,-8,44,4608,-1536,14591,0,-2305,0,1629
262,-8,23,4096,-768,14847,0,-1025,0,1628
271,1,54,4096,-768,14847,0,256,0,1627
252,-5,41,5120,-1536,14847,0,3328,0,1629
245,-10,42,6912,-2304,14335,0,512,0,1629
266,-20,49,6912,-2304,14335,0,2816,0,1629
253,-21,48,5632,-2304,14079,0,4352,0,1628
260,-25,47,5632,-2304,14079,0,5888,0,1627
254,-9,48,5120,-1792,19455,0,-1793,0,1628
263,-7,50,4608,-768,16127,0,-3841,0,1629
272,-11,50,4608,-768,16127,0,-2817,0,1628
260,-25,52,6400,-2048,18943,0,-769,0,1628
278,-29,42,4096,-3328,14591,0,3072,0,1629
257,-24,68,4096,-3328,14591,0,-2561,0,1628
269,-18,62,3840,-2560,18175,0,-5121,0,1628
254,-18,58,4864,-1792,14335,0,-6145,0,1629
277,-19,55,4864,-1792,14335,0,-6657,0,1629
251,-8,58,4864,-3072,14847,0,-257,0,1628
262,-15,57,4352,-1792,15103,0,1792,0,1629
250,-12,62,4352,-1792,15103,0,-6913,0,1630
276,-20,55,7424,-2816,24319,0,-3073,0,1628
266,-20,59,5120,-512,13311,0,-5121,0,1627
269,-13,61,5120,-512,13311,0,-3329,0,1629
268,-10,56,4352,-3072,15871,0,256,0,1628
257,-14,59,6912,-2048,22271,0,-2817,0,1628
280,-13,61,6912,-2048,22271,0,-2817,0,1629
245,-8,65,4352,-3840,16127,0,-6401,0,1628
265,-16,53,6144,-1536,18175,0,-513,0,1629
266,-25,62,6144,-1536,18175,0,-6401,0,1628
263,-21,63,6400,-2816,15871,0,-6913,0,1629
258,-19,61,8192,-768,24063,0,-6657,0,1628
264,-17,48,8192,-768,24063,0,-7169,0,1628
272,-9,56,6400,-2560,16895,0,-257,0,1628
262,-5,64,6400,-1792,18175,0,-4865,0,1628
276,-7,63,7680,-1792,18175,0,-257,0,1628
255,-7,63,6400,-1024,18943,0,-1025,0,1627
277,-14,61,6400,-1024,18943,0,1024,0,1628
254,-31,65,8960,-768,20223,0,-513,0,1628
262,-30,63,7424,-1024,18175,0,-2049,0,1627
251,-28,65,7424,-1024,18175,0,-5889,0,1627
261,-24,63,4864,-768,16383,0,-5121,0,1628
263,-12,66,5888,-1536,17151,0,-5121,0,1628
265,-19,68,5888,-1536,17151,0,-2817,0,1628
277,-17,64,8960,-2048,26111,0,3840,0,1628
272,-11,71,5888,-2560,16639,0,4608,0,1629
272,-12,62,5888,-2560,16639,0,9216,0,1628
266,-31,65,7424,-1280,19711,0,11264,0,1627
256,-37,74,6144,-3072,17663,0,9472,0,1628
257,-47,77,6144,-3072,17663,0,5120,0,1629
255,-50,66,5376,-3584,14335,0,-513,0,1629
262,-48,63,5632,-3584,16895,0,-3841,0,1629
248,-49,51,5632,-3584,16895,0,-1793,0,1629
259,-43,63,5888,-3584,14335,0,-4865,0,1628
264,-33,56,6400,-3328,16383,0,-1537,0,1630
250,-32,76,6400,-3328,16383,0,-6145,0,1629
258,-26,56,6912,-4864,17919,0,-7425,0,1628
259,-26,73,6656,-3072,17151,0,512,0,1628
262,-37,58,6656,-3072,17151,0,3840,0,1629
262,-33,65,6144,-3840,14847,0,1024,0,1629
266,-24,54,7936,-4864,18943,0,4096,0,1629
258,-31,48,7936,-4864,18943,0,1280,0,1628
269,-37,60,5888,-5120,15871,0,1536,0,1628
263,-47,55,7424,-6400,15103,0,3072,0,1628
263,-41,56,7424,-6400,15103,0,2560,0,1627
265,-44,56,9472,-6400,23807,0,6656,0,1629
254,-53,60,9472,-6400,23807,0,4864,0,1629
260,-47,57,8192,-7680,15359,0,3328,0,1629
260,-48,50,7424,-7168,17919,0,3328,0,1628
251,-39,51,7424,-7168,17919,0,7936,0,1628
256,-41,36,7424,-6656,16383,0,13312,0,1629
258,-50,33,9728,-6912,23295,0,12800,0,1628
252,-56,27,9728,-6912,23295,0,7168,0,1627
246,-52,19,8192,-9216,20735,0,3840,0,1627
264,-66,29,7424,-10752,15359,0,2048,0,1628
255,-60,20,7424,-10752,15359,0,4608,0,1629
255,-45,19,8192,-12288,15871,0,5376,0,1631
264,-49,23,7936,-12544,16383,0,7424,0,1629
261,-56,31,7936,-12544,16383,0,11520,0,1629
266,-54,35,7424,-13056,17151,0,15872,0,1627
262,-71,36,8704,-13824,16895,0,16896,0,1628
249,-68,35,8704,-13824,16895,0,12032,0,1629
250,-66,31,8704,-15104,21503,0,9728,0,1629
241,-65,32,7424,-17408,16639,0,6912,0,1628
247,-72,32,7424,-17408,16639,0,7424,0,1627
255,-63,26,7424,-17408,16639,0,6400,0,1626
262,-56,24,9728,-20480,15615,0,7680,0,1628
261,-59,41,9728,-20480,15615,0,4608,0,1627
263,-46,28,9728,-20480,15615,0,7680,0,1629
260,-59,31,9216,-22016,15871,0,12032,0,1631
261,-55,26,9216,-22016,15871,0,14336,0,1628
262,-51,32,8704,-23552,13823,0,18688,0,1629
254,-44,26,8192,-25088,16127,0,19200,0,1629
257,-62,23,7424,-25344,13823,0,20736,0,1629
256,-65,27,7424,-25344,13823,0,18688,0,1629
242,-72,31,7680,-27136,16639,0,19456,0,1630
259,-70,28,7424,-27904,15103,0,9728,0,1628
261,-72,42,7424,-27904,15103,0,1280,0,1628
260,-63,29,7168,-29696,13823,0,-1025,0,1628
255,-69,36,7936,32512,12287,0,-3329,0,1631
238,-64,36,7936,32512,12287,0,-769,0,1628
248,-60,23,6400,-32768,11007,0,-257,0,1628
253,-44,20,8192,30720,14335,0,-2049,0,1627
262,-25,14,8192,30720,14335,0,3328,0,1627
258,-11,21,5376,27904,8447,0,9984,0,1629
259,-24,18,6656,28416,8191,0,21760,0,1629
256,-18,19,6656,28416,8191,0,23296,0,1628
255,-32,16,6656,27904,11519,0,29184,0,1627
244,-41,16,6656,27904,11519,0,23552,0,1628
245,-63,27,6656,27904,11519,0,18176,0,1626
244,-63,18,4608,25344,6399,0,15872,0,1627
246,-67,22,4608,25344,6399,0,4608,0,1629
241,-77,15,4608,23808,7679,0,-7425,0,1627
260,-61,26,3328,23808,7423,0,-12033,0,1628
248,-49,16,3328,23808,7423,0,-11521,0,1628
257,-44,21,6144,23552,17663,0,-16641,0,1628
261,-34,25,1792,23552,8703,0,-7169,0,1629
256,-18,22,1792,23552,8703,0,-2561,0,1629
246,-20,27,3328,22272,6911,0,-7937,0,1629
255,-24,37,3840,18944,6399,0,3840,0,1628
230,-40,17,3840,18944,6399,0,10240,0,1628
216,-57,15,2816,21248,8703,0,4096,0,1630
204,-79,17,1024,20736,5119,0,-11521,0,1628
302,-68,31,1024,20736,5119,0,-3585,0,1628
266,-56,25,1792,20480,10495,0,-29952,0,1629
279,-54,-13,2048,20224,6911,0,-19968,0,1628
257,-11,33,2048,20224,6911,0,20480,0,1629
293,35,52,1536,17664,3839,0,-2561,0,1628
226,-11,32,1024,14080,3327,0,25856,0,1629
273,-58,20,1024,14080,3327,0,11264,0,1628
243,-108,18,-769,15616,1535,0,27904,0,1627
253,-110,28,-1537,16896,1791,0,14336,0,1631
209,-111,50,-1537,16896,1791,0,-1,0,1628
255,-97,67,-2817,19456,-258,0,32255,0,1629
207,-66,45,-1793,17920,-514,0,-11265,0,1629
269,-75,4,-1793,17920,-514,0,18176,0,1629
215,-21,17,-513,17408,6399,0,-13313,0,1628
218,29,48,-2817,16128,5119,0,20735,0,1629
245,1,20,-2817,16128,5119,0,-769,0,1629
292,-13,27,-2561,13312,255,0,12032,0,1628
229,-38,31,-3073,12800,511,0,26112,0,1628
307,-35,-4,-3073,12800,511,0,25856,0,1629
278,-42,29,-2817,14848,8703,0,9472,0,1629
243,-59,29,-2817,14848,8703,0,7424,0,1629
289,-91,-11,-2561,13824,-2306,0,8448,0,1629
275,-72,21,-4097,12288,-258,0,0,0,1629
220,-56,13,-4097,12288,-258,0,6144,0,1628
253,-35,47,-1537,14592,6399,0,-9217,0,1629
220,-23,65,-4609,13568,-2050,0,-8449,0,1629
219,-19,21,-4609,13568,-2050,0,2048,0,1628
277,-7,5,-4353,11264,-1282,0,-5889,0,1629
242,-1,26,-3585,12032,5375,0,6656,0,1628
259,-16,24,-3585,12032,5375,0,9216,0,1627
240,-58,51,-4609,10496,-2,0,-1025,0,1629
220,-75,19,-5889,12800,-3586,0,8960,0,1628
323,-89,1,-5889,12800,-3586,0,8960,0,1628
212,-55,10,-6145,11264,-1026,0,-8449,0,1629
336,-33,7,-4353,10496,8959,0,14080,0,1627
232,-14,55,-4353,10496,8959,0,2560,0,1627
247,-14,12,-5633,10240,-1794,0,3072,0,1627
268,-38,19,-5377,8448,-2562,0,18176,0,1628
226,-40,21,-5377,8448,-2562,0,4864,0,1628
246,-56,19,-6145,10496,-2306,0,-1281,0,1628
235,-60,11,-6145,12032,2559,0,9984,0,1628
266,-64,55,-6145,12032,2559,0,2048,0,1629
271,-64,3,-6401,10240,-3074,0,-7425,0,1629
240,-45,26,-7425,11008,-1026,0,-16129,0,1629
240,-15,20,-7425,11008,-1026,0,-8961,0,1627
262,-8,20,-7937,9472,-3074,0,-6145,0,1628
241,-29,-3,-7681,6656,-2306,0,6656,0,1627
245,-26,20,-7681,6656,-2306,0,-13057,0,1628
248,-17,33,-7169,8960,-2818,0,6400,0,1628
260,-4,1,-7169,8448,-2306,0,-17409,0,1628
239,-34,47,-7169,8448,-2306,0,-17665,0,1628
256,-60,12,-7169,10240,-1282,0,4864,0,1629
325,-47,34,-6913,8960,-3330,0,-257,0,1627
194,-24,20,-6913,8960,-3330,0,-2561,0,1626
297,-9,-13,-7681,7680,-2562,0,-21505,0,1628
286,11,50,-6913,7680,-2818,0,-11009,0,1628
252,-15,35,-6913,7680,-2818,0,6144,0,1627
260,-20,1,-5377,8192,6911,0,-2817,0,1631
299,1,55,-5633,8704,-258,0,2560,0,1628
244,-46,5,-5633,8704,-258,0,23040,0,1628
195,-12,60,-6913,9472,-5122,0,-23041,0,1628
275,-44,-4,-6913,9472,-5122,0,-15105,0,1629
274,-22,69,-6913,9472,-5122,0,26367,0,1628
292,-67,-10,-5377,11520,5631,0,3072,0,1629
222,-35,22,-5377,12032,2303,0,-26881,0,1629
244,13,23,-5377,12032,2303,0,2048,0,1627
237,-5,13,-5633,12032,-1026,0,20736,0,1628
261,31,46,-5633,12032,-1026,0,-7937,0,1627
228,10,2,-5633,12032,-1026,0,12288,0,1629
291,-9,31,-3841,7936,3839,0,4608,0,1629
256,-23,36,-3841,7936,3839,0,2816,0,1627
258,-58,50,-5377,7936,-2818,0,-2049,0,1629
275,-84,8,-5889,10496,511,0,-13825,0,1628
285,-100,6,-5889,10496,511,0,24064,0,1629
208,-48,12,-5377,9728,-770,0,0,0,1629
260,-12,94,-5633,11008,-4098,0,-25857,0,1629
187,-16,18,-5633,11008,-4098,0,30464,0,1629
326,24,1,-5377,9984,-770,0,-2049,0,1628
179,0,-1,-4609,7936,1023,0,19456,0,1630
279,-30,-27,-4609,7936,1023,0,-7169,0,1628
300,-17,54,-4353,8704,511,0,23552,0,1628
208,-48,6,-5377,9216,-3330,0,24576,0,1629
193,-96,1,-5377,9216,-3330,0,-11521,0,1628
250,-83,33,-4097,10496,5119,0,-5889,0,1628
285,-59,18,-6401,8960,-2050,0,5376,0,1628
317,-42,44,-6401,8960,-2050,0,-2305,0,1627
214,-49,8,-7681,8192,-1282,0,-9473,0,1629
253,-1,34,-7681,9216,-3074,0,-5377,0,1629
250,-12,15,-5377,9216,-3074,0,-15617,0,1627
254,-31,33,-6401,8192,1023,0,-5377,0,1627
235,-56,-32,-6401,8192,1023,0,6656,0,1628
228,-52,34,-6401,8192,1023,0,-18433,0,1629
247,-38,3,-6145,8448,-4610,0,1536,0,1628
259,-49,85,-6145,8448,-4610,0,-26881,0,1627
239,-68,-17,-5889,8704,-1026,0,21248,0,1627
270,-46,-23,-6657,9216,-1282,0,512,0,1627
190,-14,11,-6657,9216,-1282,0,-20225,0,1628
307,9,44,-6657,9216,-1282,0,-3585,0,1629
241,-2,16,-7425,7936,-2050,0,-5377,0,1629
234,-42,-3,-7425,7936,-2050,0,15872,0,1628
262,-70,5,-5121,8192,1535,0,512,0,1628
260,-42,48,-6657,7680,-1282,0,-8449,0,1631
279,-59,43,-6657,7680,-1282,0,-20737,0,1627
232,-66,31,-6913,8448,-3842,0,-5121,0,1628
290,-43,0,-6401,8192,-3330,0,-32257,0,1628
205,-19,35,-6401,8192,-3330,0,-31233,0,1629
374,-22,31,-6657,7424,-2818,0,18432,0,1629
158,0,31,-6401,8960,-770,0,4096,0,1628
279,-9,-7,-6401,8960,-770,0,4352,0,1629
231,3,28,-6657,8448,-3586,0,18176,0,1627
259,-6,30,-5889,6656,767,0,-4097,0,1629
210,-43,3,-5889,6656,767,0,-513,0,1628
237,-83,5,-7169,7680,-4098,0,4096,0,1629
232,-85,7,-7169,7680,-4098,0,-21761,0,1630
261,-54,32,-7169,7680,-4098,0,-13825,0,1628
267,-46,11,-3841,10496,6143,0,-2049,0,1629
258,-30,40,-3841,10496,6143,0,-29441,0,1627
300,2,28,-6401,7168,-1794,0,-11265,0,1629
257,9,4,-5633,7168,-770,0,-4353,0,1629
277,7,28,-5633,7168,-770,0,2560,0,1628
265,-20,33,-5889,7168,-1282,0,11776,0,1628
294,-22,46,-5377,8704,-1282,0,15360,0,1628
198,-56,20,-5377,8704,-1282,0,16128,0,1629
303,-39,20,-6145,8448,-2562,0,-4353,0,1628
203,-34,13,-7425,8192,-1794,0,6656,0,1629
315,-34,18,-7425,8192,-1794,0,4096,0,1629
222,-25,36,-4097,9984,-770,0,-9473,0,1628
279,-49,22,-6401,6912,1791,0,17408,0,1629
215,-44,56,-6401,6912,1791,0,-7169,0,1629
312,-38,64,-7169,8192,-2306,0,-1281,0,1629
228,-31,43,-5633,6912,-258,0,-2817,0,1629
317,-35,52,-5633,6912,-258,0,7936,0,1629
201,-28,74,-5121,7936,7935,0,-14337,0,1628
301,-5,64,-5121,8192,5887,0,13568,0,1629
217,-37,58,-5121,8192,5887,0,-1537,0,1629
284,-59,52,-5377,8704,1279,0,9216,0,1629
257,-55,59,-5377,8704,1279,0,3584,0,1629
263,-56,64,-5377,8704,1279,0,11008,0,1628
275,-21,54,-6657,6656,-2,0,3584,0,1628
221,-38,41,-6657,6656,-2,0,0,0,1630
272,-25,47,-5889,6400,1023,0,3840,0,1629
199,-27,54,-4609,5888,-1538,0,-19713,0,1628
313,-55,74,-4609,5888,-1538,0,1280,0,1627
283,-68,51,-5633,6656,-1794,0,-32768,0,1628
273,-45,117,-6145,6400,-258,0,-22017,0,1629
242,-34,28,-6145,6400,-258,0,0,0,1629
262,-13,54,-4865,7936,2815,0,-4865,0,1629
165,3,31,-5121,8960,1279,0,-1281,0,1627
213,-36,41,-5121,8960,1279,0,-28161,0,1629
250,-67,3,-6145,7424,3327,0,-13569,0,1628
268,-67,21,-6145,7424,3327,0,-12801,0,1628
244,-96,10,-6145,7424,3327,0,15104,0,1626
307,-45,36,-6401,10240,1535,0,12800,0,1628
309,9,39,-6401,10240,1535,0,-24577,0,1627
234,10,17,-3585,9216,8447,0,-1,0,1629
283,-8,-16,-5121,8704,-1538,0,-9729,0,1629
221,-2,54,-5121,8704,-1538,0,-2561,0,1629
257,-9,32,-5633,8704,4351,0,0,0,1628
229,-60,33,-7169,8960,-514,0,6400,0,1629
285,-90,14,-7169,8960,-514,0,-6657,0,1627
274,-66,17,-7425,10496,-258,0,22272,0,1629
247,-25,14,-7937,8448,-2050,0,-2561,0,1628
206,3,32,-7937,8448,-2050,0,-31489,0,1626
293,4,-5,-7937,8192,-1538,0,5632,0,1628
208,-16,23,-7937,8192,-1538,0,-11009,0,1629
319,-37,-10,-6657,8448,-514,0,25344,0,1627
260,-47,25,-7681,7168,-770,0,14848,0,1628
239,-73,50,-7681,7168,-770,0,5632,0,1629
268,-45,38,-6145,8192,-1026,0,22272,0,1628
229,-55,48,-8961,9472,-2306,0,-23809,0,1630
255,-23,46,-8961,9472,-2306,0,-21505,0,1627
235,-19,35,-8961,9472,-2306,0,-10753,0,1629
314,-49,30,-7937,9472,-1026,0,-10241,0,1627
198,-55,65,-6401,7424,-2562,0,-19969,0,1628
311,-52,33,-6401,7424,-2562,0,12288,0,1629
262,-37,66,-6913,9984,4607,0,-12289,0,1627
290,-12,48,-6401,8192,-1282,0,6400,0,1629
231,-11,20,-6401,8192,-1282,0,6656,0,1627
270,6,46,-6145,8192,-2818,0,3072,0,1628
230,-30,32,-6145,8192,-2818,0,19200,0,1630
319,-57,52,-6145,8704,-3586,0,-7169,0,1629
193,-85,42,-7681,7936,-4354,0,14848,0,1628
334,-87,17,-7681,7936,-4354,0,-5633,0,1628
215,-82,61,-7937,8448,-2,0,5120,0,1629
242,-51,31,-7681,9728,7423,0,-23041,0,1629
241,-22,51,-7681,9728,7423,0,-3073,0,1628
286,0,47,-9217,9216,-3074,0,26879,0,1628
258,-14,4,-7425,6656,-1794,0,24576,0,1629
237,-21,35,-7425,6656,-1794,0,14592,0,1629
234,-40,15,-9729,5888,-4354,0,26880,0,1629
251,-43,63,-7169,8192,-2306,0,-4353,0,1629
288,-55,72,-7169,8192,-2306,0,7936,0,1630
250,-56,61,-6913,9216,-514,0,-5889,0,1629
288,-37,29,-8193,6400,-3330,0,-2305,0,1627
194,-35,64,-8193,6400,-3330,0,31999,0,1629
362,-44,50,-8705,5632,-6658,0,4096,0,1628
156,-38,84,-5633,7936,4607,0,-13569,0,1629
270,-51,-23,-5633,7936,4607,0,-26112,0,1629
157,-32,75,-8449,7680,-2818,0,27647,0,1629
303,4,59,-7169,8448,-3330,0,-13825,0,1627
251,-10,84,-7169,8448,-3330,0,-5121,0,1628
312,-66,34,-7425,8192,-4610,0,12800,0,1628
277,-61,32,-7425,6144,255,0,-29184,0,1629
270,-24,60,-7425,6144,255,0,-18433,0,1629
239,3,111,-6913,7936,-5378,0,-2049,0,1627
283,-51,15,-6913,6656,-2,0,14592,0,1627
170,-55,84,-6913,6656,-2,0,-22529,0,1627
310,-76,4,-7425,7936,-2306,0,-22016,0,1628
204,-39,60,-7425,7936,-2306,0,-30465,0,1629
305,-45,87,-7425,7936,-2306,0,-11521,0,1628
222,-56,26,-4353,10752,1279,0,-769,0,1628
303,-41,57,-6657,6400,-1538,0,-15105,0,1628
229,-38,35,-6657,6400,-1538,0,12800,0,1627
276,-3,63,-9729,7680,-5890,0,-23553,0,1629
272,-15,68,-7937,6912,-3074,0,-9217,0,1629
224,-54,69,-7937,6912,-3074,0,-3841,0,1629
298,-54,45,-8193,6400,-4098,0,8448,0,1628
279,-61,48,-7169,7936,-3586,0,1792,0,1629
223,-45,55,-7169,7936,-3586,0,-16129,0,1628
274,-34,68,-8193,8448,-3842,0,-29185,0,1629
219,-57,35,-7425,8704,-4610,0,-6145,0,1628
227,-39,33,-7425,8704,-4610,0,-23553,0,1628
338,-51,56,-7937,9984,-2818,0,10752,0,1629
298,1,114,-5889,9472,255,0,-22017,0,1630
245,-35,31,-5889,9472,255,0,7936,0,1628
309,-35,68,-8961,8448,-3586,0,-6145,0,1628
287,-56,44,-8961,8448,-3586,0,16128,0,1628
215,-30,40,-8961,8448,-3586,0,25344,0,1630
178,-7,46,-6145,8960,255,0,-14081,0,1628
188,-3,58,-6145,8960,255,0,21759,0,1629
228,-39,71,-7425,8960,-1794,0,-2817,0,1628
235,-68,49,-9217,9472,-5378,0,-769,0,1627
202,-99,52,-9217,9472,-5378,0,7424,0,1629
242,-69,69,-7425,10752,-2,0,-31489,0,1629
283,-21,69,-8961,8192,-770,0,31999,0,1627
301,-29,40,-8961,8192,-770,0,6144,0,1629
332,-48,29,-8193,7936,511,0,-9729,0,1629
341,2,69,-6657,9216,-1282,0,9728,0,1628
332,17,61,-6657,9216,-1282,0,10496,0,1627
329,19,90,-4097,9984,-2,0,20480,0,1628
232,-6,57,-4097,9984,-2,0,11264,0,1627
208,-38,65,-5633,8192,-1282,0,6400,0,1629
294,-94,103,-7425,7168,-6146,0,14848,0,1628
159,-82,85,-7425,7168,-6146,0,10240,0,1628
217,-69,40,-8705,7680,-4354,0,-769,0,1627
279,-31,38,-6913,8448,3327,0,-6401,0,1629
188,-10,32,-6913,8448,3327,0,-18177,0,1629
274,-13,61,-8193,7680,-1026,0,-20225,0,1630
198,-30,20,-6657,6912,-3330,0,17152,0,1629
250,-45,-7,-6657,6912,-3330,0,-29441,0,1628
300,-38,-1,-7937,7936,-770,0,-10753,0,1627
299,-45,-4,-8961,6656,-2,0,-31745,0,1628
319,-29,10,-8961,6656,-2,0,-4865,0,1628
268,-28,29,-10241,5376,-3586,0,-23553,0,1628
292,-23,14,-8449,7680,-2050,0,512,0,1629
277,-26,16,-8449,7680,-2050,0,-23553,0,1629
263,-15,10,-8961,6144,-1794,0,19200,0,1629
202,1,21,-7937,7168,-2050,0,-12801,0,1628
295,5,67,-7937,7168,-2050,0,32000,0,1628
182,-4,42,-6913,8448,-3586,0,-7169,0,1629
230,-15,9,-8961,6400,-2306,0,-7425,0,1629
222,-49,-7,-8961,6400,-2306,0,8448,0,1628
209,-49,21,-7681,6912,-3330,0,-28929,0,1629
302,-43,76,-8193,7680,-2562,0,32511,0,1629
230,-38,59,-8193,7680,-2562,0,19455,0,1628
261,-49,31,-6913,9984,-2,0,31999,0,1627
325,10,56,-5889,9472,5631,0,32511,0,1627
250,27,62,-5889,9472,5631,0,-24065,0,1628
297,39,50,-5889,7936,-258,0,-21249,0,1628
202,36,50,-3841,5888,-2050,0,-19713,0,1629
311,34,35,-3841,5888,-2050,0,13312,0,1628
219,13,74,-4353,7680,1279,0,22272,0,1627
288,13,78,-4353,7680,1279,0,29696,0,1628
280,-6,38,-4353,7680,1279,0,-26624,0,1627
176,-37,52,-5121,8704,-1026,0,6912,0,1626
293,-39,17,-5121,8704,-1026,0,10496,0,1628
231,-43,53,-2561,8448,5631,0,16896,0,1628
235,-57,44,-4353,9728,4351,0,12032,0,1628
200,-38,49,-4353,9728,4351,0,22016,0,1627
184,-40,48,-4353,11264,-1282,0,-28161,0,1627
257,-52,39,-3841,9984,1279,0,-21504,0,1627
256,-61,95,-3841,9984,1279,0,10495,0,1629
246,-55,77,-2817,12288,8191,0,7935,0,1629
384,-44,91,-3841,13568,1023,0,-3841,0,1629
326,-70,52,-3841,13568,1023,0,24320,0,1628
278,-34,62,-2817,12800,-2,0,30975,0,1629
321,11,71,-2561,11008,255,0,-5377,0,1629
228,47,116,-2561,11008,255,0,17919,0,1628
311,42,73,-513,11776,3839,0,-31232,0,1628
198,-40,41,-1281,11008,1535,0,-8192,0,1629
197,-72,57,-1281,11008,1535,0,26368,0,1628
179,-76,88,-3329,10240,-770,0,-13313,0,1628
225,-47,128,-3841,14080,-3074,0,-4098,0,1629
220,-35,100,-3841,14080,-3074,0,27904,0,1629
205,-81,55,-1793,14848,7423,0,9984,0,1628
273,-83,62,-2817,15104,2559,0,-16385,0,1627
294,30,84,-2817,15104,2559,0,-18177,0,1628
288,2,46,-3841,13312,2815,0,26623,0,1628
369,-34,1,-3329,12800,1791,0,-28673,0,1629
261,-63,31,-3329,12800,1791,0,-25089,0,1627
313,-23,77,-3585,14848,4351,0,27903,0,1629
298,-8,57,-2561,14080,7423,0,5375,0,1629
244,6,0,-2561,14080,7423,0,-21505,0,1629
197,-3,30,-3329,12544,3327,0,27903,0,1629
255,4,-21,-2817,10752,3839,0,-32257,0,1629
233,4,-5,-2817,10752,3839,0,-31489,0,1629
265,34,61,-2817,10752,4863,0,30975,0,1629
242,55,68,512,10752,11775,0,-10241,0,1628
285,38,10,512,10752,11775,0,5632,0,1629
201,21,0,-1793,8960,4095,0,-30976,0,1628
265,26,17,-1793,8960,4095,0,4608,0,1629
306,53,43,-1793,8960,4095,0,-25856,0,1628
297,52,39,256,9728,2815,0,9728,0,1629
234,38,8,256,9728,2815,0,31488,0,1628
301,14,12,256,8448,3327,0,13568,0,1629
316,3,14,-257,9216,4095,0,28672,0,1627
237,-3,25,-257,9216,4095,0,-21249,0,1629
232,-14,44,-1,11776,2303,0,5631,0,1629
313,-31,10,-1,11776,2303,0,18431,0,1628
268,-57,10,-1,13312,5887,0,1279,0,1626
290,-29,28,-513,15872,9215,0,-2818,0,1629
365,27,69,-513,15872,9215,0,-15617,0,1628
296,74,51,1024,17152,8191,0,-2305,0,1629
269,110,63,2304,17408,7167,0,-2049,0,1629
316,140,32,2304,17408,7167,0,-25856,0,1628
218,93,37,2304,14080,6911,0,-13056,0,1628
183,77,21,4096,15104,4607,0,23040,0,1628
161,49,28,4096,15104,4607,0,-8449,0,1629
222,25,38,3584,16128,5631,0,4864,0,1629
212,16,18,3584,16128,5631,0,-31488,0,1628
245,5,-25,3840,16896,4863,0,-20992,0,1628
280,-44,-27,2560,17152,9983,0,-23552,0,1628
279,-41,21,2560,17152,9983,0,23552,0,1629
335,-18,91,2304,26112,10239,0,-17409,0,1627
346,-10,94,1280,26624,10751,0,25599,0,1628
328,-40,17,1280,26624,10751,0,-7937,0,1629
341,-76,-17,2304,27392,11519,0,-13569,0,1628
294,12,0,4864,29184,16639,0,-25601,0,1628
233,39,29,4864,29184,16639,0,7423,0,1629
200,48,36,3328,29440,11007,0,27135,0,1628
202,41,28,5376,29696,10239,0,-29697,0,1629
198,25,36,5376,29696,10239,0,-6913,0,1629
183,3,62,6912,31744,11263,0,-25345,0,1629
238,-26,43,4096,-30976,12799,0,16383,0,1627
212,-37,44,4096,-30976,12799,0,31487,0,1627
299,6,11,5888,-28416,16127,0,-23297,0,1628
235,24,7,6144,-29952,19711,0,-11009,0,1628
313,61,-24,6144,-29952,19711,0,-7169,0,1628
263,69,-21,5632,-29952,15103,0,32767,0,1627
296,67,-34,5888,-30464,15871,0,-17921,0,1627
309,21,-35,5888,-30464,15871,0,-17409,0,1628
265,-36,-32,6144,-29952,20735,0,-13825,0,1629
253,-59,21,6400,-26624,13311,0,14335,0,1628
218,-49,-20,6912,-24064,15103,0,1792,0,1628
324,-13,19,6912,-24064,15103,0,27903,0,1628
220,1,10,8704,-21504,16639,0,29951,0,1629
265,48,3,9216,-20992,16895,0,-12546,0,1629
176,68,13,9216,-20992,16895,0,15871,0,1627
330,77,22,8704,-21760,12543,0,-12545,0,1628
262,39,11,8960,-20224,20223,0,-8449,0,1628
217,38,-21,8960,-20224,20223,0,-9217,0,1627
289,25,-35,7680,-20736,17663,0,-14849,0,1629
254,4,4,8960,-18176,16639,0,-27904,0,1629
213,-23,-5,8960,-18176,16639,0,-4865,0,1627
164,-37,-12,8704,-16640,19711,0,-31489,0,1628
252,-41,-48,6144,-16384,16639,0,-3330,0,1630
270,-26,-11,6144,-16384,16639,0,-23297,0,1629
296,-56,-19,5632,-15360,19199,0,17919,0,1629
238,-25,-17,7680,-13568,17151,0,-20993,0,1628
294,53,4,7680,-13568,17151,0,23807,0,1628
268,79,8,7680,-13568,17151,0,-27905,0,1628
231,77,0,11008,-13824,16895,0,-30209,0,1628
287,78,-5,11008,-13824,16895,0,5888,0,1628
304,45,-8,11008,-13824,16895,0,-30720,0,1627
191,22,8,10240,-14336,18943,0,17408,0,1629
198,-12,2,10240,-14336,18943,0,-6913,0,1629
258,-24,13,8960,-12800,16895,0,11264,0,1628
215,-74,12,5888,-11776,15615,0,-18433,0,1627
231,-69,-35,7168,-8704,22271,0,-14593,0,1628
285,-52,-47,7168,-8704,22271,0,9727,0,1630
260,13,2,5120,-7168,17407,0,-8961,0,1627
230,26,24,6912,-7936,14847,0,-12801,0,1627
269,33,-10,6912,-7936,14847,0,24063,0,1628
270,51,6,6912,-8448,17919,0,20735,0,1628
278,51,-25,12032,-8704,27903,0,-14337,0,1627
234,60,-16,12032,-8704,27903,0,-5633,0,1631
322,53,1,8960,-9216,17663,0,3072,0,1628
178,39,11,11264,-8448,16127,0,7424,0,1628
280,24,-5,11264,-8448,16127,0,2560,0,1628
215,5,10,7424,-7936,16127,0,2816,0,1629
287,-11,-3,7424,-7936,16127,0,2304,0,1627
247,-17,1,6656,-4608,20223,0,-23297,0,1631
252,-5,-24,5376,-3840,17407,0,-14081,0,1629
249,10,-22,5376,-3840,17407,0,-29953,0,1628
284,33,2,7424,-2304,18943,0,13568,0,1628
231,25,-14,5376,-3840,19199,0,-3073,0,1629
247,14,-15,5376,-3840,19199,0,12544,0,1628
277,12,-1,3840,-4864,16639,0,11008,0,1630
255,-12,6,6400,-3328,20991,0,7680,0,1629
240,-33,8,6400,-3328,20991,0,2560,0,1629
239,-45,6,4352,-2816,16383,0,-5121,0,1629
274,-42,-19,4352,-2560,16127,0,-4097,0,1628
263,-30,-6,4352,-2560,16127,0,-8449,0,1629
265,-26,-29,4352,-768,15615,0,-9985,0,1629
238,14,32,3840,-2560,13055,0,29951,0,1628
265,8,-3,3840,-2560,13055,0,1792,0,1628
218,10,-1,4864,-3072,14847,0,8192,0,1629
255,4,-36,4096,-1536,15871,0,8704,0,1627
204,-10,-10,4096,-1536,15871,0,-29441,0,1628
318,-32,6,2304,-2048,14591,0,22272,0,1629
198,-43,32,3584,-2048,14335,0,6400,0,1628
318,-26,-12,3584,-2048,14335,0,-11776,0,1629
229,-9,39,3584,-1280,16127,0,-18177,0,1628
257,-16,6,4352,-1024,14591,0,-13825,0,1628
232,-25,31,4352,-1024,14591,0,-21249,0,1626
280,-34,10,5888,-1536,13567,0,-8705,0,1627
247,-41,18,3584,-1792,14335,0,-15105,0,1627
287,-67,-15,3584,-1792,14335,0,20736,0,1627
265,-17,21,3328,-1536,13055,0,-13569,0,1629
246,12,15,4864,-1280,12287,0,15616,0,1629
271,-6,-11,4864,-1280,12287,0,-7937,0,1629
205,5,26,4352,-2048,13311,0,-17921,0,1628
300,12,-14,4352,-3072,12543,0,24064,0,1628
203,-20,-1,4352,-3072,12543,0,768,0,1627
351,-39,21,4608,-2816,9471,0,-15360,0,1629
116,-53,18,4608,-2304,11263,0,22528,0,1629
133,-22,11,4608,-2304,11263,0,12287,0,1629
370,-25,56,5632,513,15871,0,-28160,0,1627
242,-12,112,4352,-256,14079,0,7424,0,1626
311,-65,-67,4352,-256,14079,0,-32768,0,1627
246,-19,17,4352,-2048,16383,0,8960,0,1628
326,-4,37,4608,-3072,11007,0,12288,0,1628
111,-11,58,4608,-3072,11007,0,19200,0,1628
146,36,19,4864,-2816,14591,0,-32257,0,1627
104,-67,27,5120,-3328,14847,0,-19969,0,1627
416,-109,-31,5120,-3328,14847,0,20992,0,1627
305,-113,5,2816,-1024,16127,0,14848,0,1628
351,-80,52,3584,1793,14591,0,-22784,0,1629
131,-16,39,3584,1793,14591,0,-30977,0,1628
421,73,128,2816,2817,11007,0,21760,0,1628
94,-26,69,5632,513,11519,0,29439,0,1627
380,-34,-7,5632,513,11519,0,22784,0,1629
159,-70,15,5632,-2048,14079,0,31743,0,1628
386,-72,16,5632,-2048,14079,0,5376,0,1629
267,-84,60,5632,-2048,14079,0,24320,0,1629
275,-56,77,1536,2049,14335,0,19712,0,1629
182,-62,31,1536,2049,14335,0,-21249,0,1628
265,-29,-5,3072,1793,18943,0,-9217,0,1628
322,-12,27,2304,1281,13567,0,-15873,0,1628
219,-12,0,2304,1281,13567,0,-2817,0,1628
209,-2,7,2304,1281,13567,0,6911,0,1630
249,-8,47,3840,513,13311,0,8447,0,1629
296,-7,44,3840,513,13311,0,-31745,0,1628
209,-34,44,3584,513,11519,0,-8962,0,1630
319,-22,7,4096,1281,16639,0,-28929,0,1628
312,14,45,4096,1281,16639,0,-7425,0,1627
208,17,15,4096,1281,13823,0,11520,0,1629
376,45,57,4096,-768,15103,0,0,0,1628
156,56,30,5888,-768,15103,0,-7425,0,1628
298,70,54,6912,-2304,11263,0,-13569,0,1629
224,14,38,6912,-2304,11263,0,7168,0,1629
262,8,9,5120,-2304,9983,0,-10753,0,1627
270,-40,15,2048,-2048,4351,0,1024,0,1631
325,-84,12,2048,-2048,4351,0,7936,0,1627
208,-53,56,2816,769,8703,0,-20481,0,1629
293,11,28,3840,2305,11007,0,9728,0,1627
205,10,34,3840,2305,11007,0,-20481,0,1628
284,44,24,3328,1025,6911,0,-17665,0,1628
252,40,4,3328,1025,6911,0,-257,0,1628
268,52,4,3328,1025,6911,0,-10241,0,1629
298,37,-1,4608,-1792,8703,0,29440,0,1629
281,18,23,4608,-1792,8703,0,26112,0,1628
214,-6,37,3840,-1536,6911,0,29440,0,1628
249,-16,38,3328,-1280,6911,0,11264,0,1628
268,-13,24,3328,-1280,6911,0,27392,0,1628
341,-13,54,1792,257,6399,0,22016,0,1628
240,-26,-1,1792,1025,11775,0,30976,0,1629
314,-22,36,5888,1025,11775,0,26112,0,1628
266,-31,53,1280,769,8703,0,-26624,0,1629
245,-20,72,1280,769,8703,0,-29184,0,1628
198,-63,46,256,1,5375,0,6400,0,1628
204,-65,35,1792,-256,11007,0,-22785,0,1629
298,-89,8,1792,-256,11007,0,-1793,0,1629
248,-88,24,1280,513,7935,0,13824,0,1628
265,-71,24,-257,-256,12543,0,23808,0,1628
283,-38,25,-257,-256,12543,0,-20736,0,1629
191,-11,53,-1,-768,6911,0,28159,0,1628
291,23,56,-1,-768,6911,0,-31745,0,1627
234,-24,34,-1,-768,6911,0,29695,0,1628
256,-48,3,2560,-768,12031,0,-1793,0,1628
218,-79,-4,2560,-768,12031,0,-12801,0,1627
205,-76,37,768,-1280,6655,0,-24321,0,1628
275,-29,84,256,3329,9471,0,7423,0,1628
352,-31,71,256,3329,9471,0,-21504,0,1629
177,-27,78,1792,769,7679,0,20991,0,1629
334,-25,-29,2048,-4096,7935,0,-27392,0,1629
288,12,32,2048,-4096,7935,0,22272,0,1628
248,-13,23,1280,-2304,8447,0,-27648,0,1629
46,-27,94,1280,-1536,5887,0,-23041,0,1628
270,-43,21,4096,-1536,5887,0,-6914,0,1627
270,-90,58,256,-512,6911,0,11263,0,1628
296,-106,16,256,-512,6911,0,21248,0,1628
271,-145,41,-513,1793,7679,0,-29696,0,1628
348,-51,41,-1537,3073,9471,0,-24832,0,1629
252,0,27,-1537,3073,9471,0,-8961,0,1628
273,24,47,1024,2561,13823,0,25599,0,1627
194,1,3,4608,-512,10239,0,27903,0,1629
233,-7,41,4608,-512,10239,0,13823,0,1629
273,-87,17,2560,-4608,5631,0,15104,0,1629
216,-84,78,1792,-2304,8191,0,-3329,0,1629
296,-96,42,1792,-2304,8191,0,-11520,0,1629
293,-57,53,-769,257,8191,0,1536,0,1628
258,-22,52,-769,257,8191,0,-14593,0,1628
222,-12,2,2048,257,11263,0,-26369,0,1629
271,-7,12,2304,-2560,5119,0,-25857,0,1629
221,-2,14,2304,-2560,5119,0,10751,0,1628
312,-14,9,4096,-4608,5631,0,12032,0,1627
172,-46,17,3072,-3584,7679,0,-2817,0,1629
294,-57,12,3072,-3584,7679,0,-23552,0,1629
208,-62,67,3840,-2816,8447,0,-1793,0,1629
288,-45,26,1024,-3072,7935,0,-513,0,1628
238,-20,51,1024,-3072,7935,0,-14337,0,1628
228,-26,-17,3328,-2560,7167,0,1280,0,1628
193,-20,19,4864,-5888,7167,0,31487,0,1628
286,-17,5,4864,-5888,7167,0,14080,0,1628
194,-24,21,4352,-3840,6911,0,-28929,0,1628
280,-62,35,4096,-5376,6143,0,13312,0,1629
217,-60,13,4096,-5376,6143,0,7936,0,1628
340,-65,-8,2304,-2816,6399,0,-5889,0,1628
235,-38,6,2304,-2816,6399,0,-29953,0,1629
331,-26,-9,2304,-2816,6399,0,10496,0,1628
140,-9,13,2816,-2816,6399,0,24063,0,1629
347,16,39,2816,-2816,6399,0,-2561,0,1628
190,9,1,6144,-3584,12543,0,-16129,0,1629
314,-3,-25,4096,-6144,6911,0,7680,0,1627
204,-29,-15,4096,-6144,6911,0,19200,0,1629
293,-38,-5,3584,-5888,7935,0,16384,0,1629
238,-32,29,3328,-3584,9727,0,-769,0,1629
242,-37,40,3328,-3584,9727,0,20992,0,1629
267,-49,-3,2560,-2560,7935,0,-4353,0,1628
201,-28,5,2816,-3840,7167,0,-22273,0,1628
349,-37,7,2816,-3840,7167,0,22272,0,1628
202,-27,8,1792,-6144,6911,0,2304,0,1628
317,-22,25,6400,-3328,12287,0,6144,0,1628
174,-31,23,6400,-3328,12287,0,18688,0,1629
299,-26,28,3328,-4608,9727,0,-13825,0,1628
232,-47,32,3328,-4608,9727,0,-769,0,1629
293,-60,4,3328,-4608,9727,0,3840,0,1628
193,-66,40,1536,-3840,9727,0,-16385,0,1627
314,-54,32,1536,-3840,9727,0,10240,0,1628
238,-20,64,2560,-3840,7423,0,-28161,0,1628
291,-26,20,1536,-3584,6655,0,-5633,0,1627
209,-37,23,1536,-3584,6655,0,24831,0,1629
292,-31,6,5120,-3584,7167,0,-17409,0,1629
208,-13,44,4608,-2560,7679,0,-15617,0,1628
270,-9,17,4608,-2560,7679,0,1280,0,1627
217,-21,28,3584,-2304,8959,0,31487,0,1628
252,-14,-2,3584,-4096,7167,0,-3585,0,1629
271,-5,16,3584,-4096,7167,0,-14081,0,1628
270,-14,41,4352,-3840,9471,0,-18433,0,1627
269,-19,35,5120,-2304,10751,0,-2049,0,1627
234,-12,28,5120,-2304,10751,0,-18945,0,1627
249,-14,28,4608,-3328,4863,0,-769,0,1628
307,-7,26,3840,-3328,5631,0,6144,0,1627
162,-2,51,3840,-3328,5631,0,-7169,0,1627
303,15,4,5376,-3584,2559,0,2560,0,1627
172,-1,53,5376,-3584,2559,0,-23809,0,1628
348,-6,17,5376,-3584,2559,0,14592,0,1627
194,-35,40,4096,-512,8191,0,-9729,0,1629
277,-51,0,4096,-512,8191,0,-11265,0,1627
231,-33,37,3328,-2048,6655,0,-29441,0,1629
399,-7,89,2816,-1024,6399,0,2304,0,1628
153,-31,33,2816,-1024,6399,0,-20481,0,1628
274,-14,19,5376,-256,10239,0,-20481,0,1629
267,-19,12,4608,-1792,4095,0,29951,0,1628
279,9,35,4608,-1792,4095,0,16128,0,1628
277,-4,44,4096,-768,4607,0,12032,0,1629
225,-12,65,5120,-2560,4607,0,-769,0,1629
284,-14,15,5120,-2560,4607,0,26880,0,1628
244,-25,50,4096,-1536,6399,0,5376,0,1629
262,-56,3,4096,-1536,6399,0,32512,0,1629
196,-55,49,4096,-1536,6399,0,-5889,0,1628
286,-57,26,2048,-1024,4095,0,-15104,0,1627
190,-35,52,2048,-1024,4095,0,-7681,0,1628
317,-49,27,4864,-1024,12543,0,29952,0,1628
274,-41,32,2048,-4352,4351,0,26368,0,1628
246,-60,21,2048,-4352,4351,0,23040,0,1629
193,-62,38,2816,-3584,5631,0,13824,0,1628
305,-64,57,5632,-2048,9215,0,2560,0,1628
216,-99,21,5632,-2048,9215,0,11008,0,1628
318,-78,72,4096,-3072,7935,0,26112,0,1629
223,-80,21,2560,-2048,6143,0,14336,0,1628
328,-52,31,2560,-2048,6143,0,22016,0,1629
242,-61,11,3328,-2816,4095,0,28160,0,1628
251,-34,22,3840,-3072,5375,0,-6145,0,1630
238,-38,26,3840,-3072,5375,0,4864,0,1626
270,-50,54,5632,-3584,5631,0,-13569,0,1629
262,-108,9,4864,-6144,6911,0,28928,0,1627
232,-119,27,4864,-6144,6911,0,-513,0,1628
263,-102,2,5120,-5632,7167,0,-257,0,1627
307,-37,68,5120,-5632,7167,0,-31489,0,1628
210,-44,4,3584,-4608,11007,0,21759,0,1628
323,-16,22,6144,-7424,3583,0,13567,0,1628
212,-15,-14,6144,-7424,3583,0,-22273,0,1627
306,-14,19,6144,-8192,5119,0,-19713,0,1628
260,-13,29,5888,-6400,3583,0,8448,0,1628
311,11,55,5888,-6400,3583,0,14080,0,1631
216,-17,-7,8192,-5376,7679,0,10240,0,1627
314,-32,16,5888,-6400,4095,0,-4352,0,1631
208,-28,-28,5888,-6400,4095,0,10240,0,1631
304,-46,54,7424,-7936,7935,0,12032,0,1628
195,-66,-16,7936,-7680,11263,0,-1025,0,1629
316,-73,63,7936,-7680,11263,0,17151,0,1627
263,-79,45,5888,-6144,4863,0,-29441,0,1629
289,-57,12,5376,-5120,6399,0,-6145,0,1629
276,-3,27,5376,-5120,6399,0,28415,0,1628
242,18,23,5632,-6144,7679,0,31743,0,1629
331,56,17,8448,-7168,10239,0,-31233,0,1628
164,49,27,8448,-7168,10239,0,-30977,0,1628
286,54,-46,8960,-8448,4863,0,-7937,0,1626
229,27,-3,8704,-10240,3839,0,14592,0,1629
256,19,-2,8704,-10240,3839,0,21504,0,1629
206,5,57,9216,-8960,9471,0,1792,0,1629
269,-26,19,8704,-6912,11775,0,-2305,0,1629
284,-62,52,8704,-6912,11775,0,-12545,0,1629
216,-57,15,7168,-6912,6399,0,9728,0,1628
295,-12,7,7168,-3840,4863,0,21504,0,1628
251,15,44,5376,-3840,4863,0,-15361,0,1628
231,19,12,6144,-5888,6399,0,-513,0,1628
316,37,75,6144,-5888,6399,0,-9473,0,1630
244,11,10,7680,-5632,7679,0,-13569,0,1629
229,-7,45,6400,-5120,3839,0,-12289,0,1629
254,-32,25,6400,-5120,3839,0,-14081,0,1629
238,-27,32,5888,-5120,9727,0,9472,0,1629
286,-38,27,6144,-2304,9983,0,31231,0,1628
246,-29,10,6144,-2304,9983,0,11520,0,1629
346,5,21,5376,-4352,8191,0,21504,0,1629
214,14,35,6656,-4096,10495,0,13824,0,1628
201,37,88,6656,-4096,10495,0,-28673,0,1630
227,4,22,8448,-3584,11519,0,6656,0,1629
261,-21,51,6656,-4864,3839,0,768,0,1628
239,-78,38,6656,-4864,3839,0,-11777,0,1627
323,-76,10,4096,-3072,8447,0,17408,0,1629
271,-63,63,4096,-3072,8447,0,-6401,0,1628
260,-8,36,4096,-3072,8447,0,-1,0,1629
253,-9,60,5120,-1280,14335,0,-30977,0,1628
264,-30,8,5120,-1280,14335,0,13056,0,1629
248,-20,28,4608,-4864,6911,0,-13825,0,1628
212,2,16,3840,-5120,9215,0,-24065,0,1628
244,-11,48,3840,-5120,9215,0,-14081,0,1629
206,-45,1,3840,-4864,8447,0,8960,0,1630
244,-27,69,3584,-3072,5375,0,-5889,0,1628
279,-25,3,3584,-3072,5375,0,14336,0,1628
264,6,71,4096,-3072,7423,0,-5377,0,1628
260,1,28,5888,-2304,8959,0,-3329,0,1628
280,14,73,5888,-2304,8959,0,22783,0,1629
299,-19,38,5632,-3584,6399,0,-32768,0,1629
174,-53,38,5632,-3584,6399,0,-6401,0,1628
259,-55,50,3840,-2816,7167,0,4096,0,1629
262,-34,17,3328,-2560,7935,0,-30720,0,1628
219,-3,39,3328,-2560,7935,0,-30465,0,1627
242,-10,-9,4096,-5376,6143,0,5376,0,1628
263,-12,16,3328,-4608,6911,0,-15617,0,1629
238,-35,56,3328,-4608,6911,0,23296,0,1629
214,-39,51,5376,-3584,6911,0,-14849,0,1629
263,-31,52,4096,-3584,4351,0,26879,0,1628
316,-46,51,4096,-3584,4351,0,-769,0,1628
267,-29,76,6144,-2048,8191,0,28671,0,1629
341,-41,21,3840,-2816,4095,0,5120,0,1629
200,14,61,3840,-2816,4095,0,15871,0,1628
271,16,12,5120,-2816,3839,0,-14849,0,1628
293,8,29,7168,-4608,5887,0,1280,0,1627
201,4,38,7168,-4608,5887,0,20991,0,1629
296,-34,12,5888,-2816,8447,0,28928,0,1627
209,-42,17,5888,-2816,8447,0,5376,0,1629
287,-15,45,4096,-3584,5375,0,7680,0,1628
234,-20,48,5376,-3072,3839,0,-16897,0,1627
264,-19,77,5376,-3072,3839,0,-16385,0,1629
305,-46,29,6144,-2816,5631,0,3840,0,1629
220,-29,89,6912,-1792,7935,0,24063,0,1629
331,-33,34,6912,-1792,7935,0,-25600,0,1628
299,2,50,7168,-1280,2559,0,5376,0,1628
244,13,33,6144,-4352,4095,0,-6401,0,1628
244,25,35,6144,-4352,4095,0,-4609,0,1628
246,-1,29,4608,-3328,4095,0,-8961,0,1630
217,-10,24,4608,-3328,4095,0,3328,0,1627
243,-38,-22,4608,-3328,4095,0,-32768,0,1628
266,-48,11,3840,-4096,6911,0,29696,0,1628
210,-43,27,3840,-4096,6911,0,6400,0,1627
222,-11,51,3840,-4096,6911,0,-30721,0,1628
268,-25,5,4352,-3328,2303,0,7936,0,1629
213,-29,38,4352,-3328,2303,0,-25089,0,1627
257,-22,7,6656,-2304,7679,0,-2049,0,1629
297,-11,23,6144,-1792,2815,0,5888,0,1629
267,-5,39,6144,-1792,2815,0,6400,0,1628
254,2,23,6656,-3072,8959,0,-8705,0,1627
215,0,20,5632,-4096,6911,0,-4353,0,1628
364,-32,54,5632,-4096,6911,0,-5632,0,1628
144,-19,27,4864,-3840,4607,0,1792,0,1627
299,-10,5,4864,-3840,4607,0,1536,0,1627
208,-37,11,3840,-4352,9215,0,256,0,1628
227,-34,28,5376,-5888,8703,0,-9473,0,1627
285,-48,38,5376,-5888,8703,0,-19713,0,1629
186,-54,124,4096,-3328,3071,0,-9218,0,1629
400,-67,10,5376,-1280,8959,0,768,0,1628
312,-14,103,5376,-1280,8959,0,28927,0,1627
327,-21,-24,5888,-1536,7423,0,-17153,0,1627
272,28,32,6656,-3584,3583,0,-22529,0,1627
228,1,52,6656,-3584,3583,0,-3841,0,1628
270,6,54,6144,-4608,3071,0,-1793,0,1628
260,-34,36,7424,-3328,11263,0,-8961,0,1629
244,-42,-17,7424,-3328,11263,0,10496,0,1628
227,-54,3,4864,-4608,10239,0,-19457,0,1627
285,-45,24,4096,-3072,4607,0,-2561,0,1628
162,-44,31,4096,-3072,4607,0,-15873,0,1628
261,-38,39,4608,-1536,3839,0,2304,0,1628
178,-37,33,7936,-2816,12031,0,-25089,0,1631
337,-11,67,7936,-2816,12031,0,-32001,0,1629
228,6,77,5632,-3328,3327,0,25599,0,1628
304,-15,75,5120,-3328,6143,0,6144,0,1629
288,-21,22,5120,-3328,6143,0,7680,0,1628
264,1,70,6400,-4608,5119,0,29952,0,1627
287,20,7,6400,-4608,5119,0,30208,0,1630
271,42,63,5888,-5376,11775,0,1536,0,1628
211,2,12,5120,-6144,3327,0,7936,0,1627
232,-11,-5,5120,-6144,3327,0,13824,0,1628
279,-52,0,5120,-8448,6399,0,28672,0,1628
326,-75,13,5632,-4096,11007,0,-512,0,1627
181,-64,60,5632,-4096,11007,0,13824,0,1628
287,-31,93,2560,-256,6399,0,-10753,0,1627
200,-10,59,6144,-1536,2303,0,31743,0,1628
270,19,61,6144,-1536,2303,0,-15361,0,1627
227,7,21,7168,-5120,2815,0,-12801,0,1628
285,23,31,7168,-5120,2815,0,-7937,0,1628
256,21,55,6400,-5632,4095,0,1536,0,1627
242,13,62,6400,-5632,3071,0,10496,0,1627
286,-21,29,6400,-5632,3071,0,13056,0,1627
335,-34,80,7168,-5632,3583,0,9728,0,1628
249,-60,17,6400,-4608,7679,0,27392,0,1628
369,-30,10,6400,-4608,7679,0,-17408,0,1627
185,-17,68,6400,-3584,6911,0,-30977,0,1628
219,8,16,7168,-4608,4863,0,32256,0,1628
243,2,83,7168,-4608,4863,0,-22529,0,1626
244,-25,-6,5888,-5888,4351,0,-32000,0,1630
284,-37,40,256,-4608,5631,0,-1,0,1627
282,-83,36,256,-4608,5631,0,-18176,0,1628
215,-54,55,3328,-2560,5375,0,23296,0,1627
298,-34,66,3328,-2560,5375,0,-25856,0,1629
243,-10,52,3328,-2560,5375,0,-9217,0,1628
263,-1,50,4352,-4608,5375,0,20992,0,1629
341,3,57,4352,-4608,5375,0,12288,0,1628
172,-36,35,6656,-5376,9727,0,6144,0,1629
199,-28,48,4864,-7168,5119,0,-26369,0,1628
274,-55,52,4864,-7168,5119,0,1024,0,1627
240,-71,33,4352,-4352,4095,0,-7681,0,1629
226,-108,34,3840,-1792,4863,0,21759,0,1628
311,-90,20,3840,-1792,4863,0,-9729,0,1627
304,-18,74,4096,1,10495,0,12543,0,1629
259,8,43,4608,-3072,4863,0,-30721,0,1628
239,10,41,4608,-3072,4863,0,-9217,0,1629
249,5,30,7424,-3840,8959,0,-30465,0,1629
175,7,44,7424,-3840,8959,0,32255,0,1628
333,6,60,7424,-3840,8959,0,18944,0,1627
202,-44,20,4864,-5888,5375,0,20480,0,1629
297,-56,64,4864,-5888,5375,0,-20992,0,1629
193,-73,49,4864,-4864,5631,0,8960,0,1628
378,-33,124,5632,-512,9983,0,9728,0,1629
157,-52,51,5632,-512,9983,0,-18945,0,1629
376,-37,22,3584,-768,5631,0,24320,0,1629
233,-52,26,5888,-4096,4351,0,-6401,0,1629
298,-7,39,5888,-4096,4351,0,16384,0,1628
224,-28,58,4608,-2560,4607,0,-21505,0,1628
230,-21,63,5376,-4096,6911,0,-7937,0,1630
329,-82,-20,5376,-4096,6911,0,-16128,0,1629
157,-51,52,3840,-5120,6655,0,-12289,0,1628
286,-33,0,4864,-2816,6911,0,20992,0,1629
153,-4,97,4864,-2816,6911,0,7167,0,1629
340,-34,30,4096,-5376,2559,0,-11009,0,1629
165,-63,92,4096,-5376,2559,0,29951,0,1628
360,-74,12,6400,-4352,6911,0,23808,0,1628
218,-39,52,3584,-3328,2815,0,-26881,0,1629
341,-29,20,3584,-3328,2815,0,-17409,0,1629
202,-17,31,4352,-2304,7935,0,-30465,0,1629
408,-1,70,3072,-3584,4607,0,18432,0,1628
189,-46,-7,3072,-3584,4607,0,-257,0,1628
322,-24,12,6144,-4352,10239,0,-13825,0,1628
274,-38,5,3840,-4864,8447,0,-11009,0,1628
251,-17,74,3840,-4864,8447,0,-13825,0,1628
273,-42,19,5376,-3840,10239,0,13568,0,1628
172,-40,40,5632,-4352,4607,0,-11265,0,1629
299,-27,20,5632,-4352,4607,0,7424,0,1628
221,-4,59,4096,-3584,6911,0,-15105,0,1628
309,-4,41,5376,-3840,5887,0,-19201,0,1628
185,-18,34,5376,-3840,5887,0,-14337,0,1628
327,-23,42,6912,-3072,4351,0,10752,0,1629
297,-11,41,5632,-3328,6655,0,9728,0,1629
220,-17,76,5632,-3328,6655,0,5120,0,1628
343,-35,9,5632,-3328,2815,0,32512,0,1631
190,-20,68,5120,-5120,6655,0,-26113,0,1628
299,-46,9,5120,-5120,6655,0,-25344,0,1628
192,-33,47,3584,-4096,6399,0,-28161,0,1629
306,-53,42,4608,-3584,6399,0,2304,0,1629
242,-62,34,4608,-3584,6399,0,-22785,0,1628
297,-48,43,4352,-3840,5631,0,-9217,0,1628
303,-26,24,4352,-3840,5631,0,-4609,0,1629
224,-20,39,4352,-3840,5631,0,-13057,0,1629
288,9,30,6144,-2560,9471,0,25599,0,1628
300,10,15,6144,-2560,9471,0,17408,0,1629
169,-4,46,6400,-3328,4351,0,-26625,0,1628
332,-11,15,5376,-4608,6399,0,11520,0,1628
138,-17,44,5376,-4608,6399,0,-9985,0,1629
359,-17,45,3584,-2560,4351,0,-21504,0,1628
165,-45,37,5888,-3328,11263,0,-20737,0,1627
337,-57,13,5888,-3328,11263,0,18688,0,1628
213,-42,52,3840,-3840,5887,0,31743,0,1628
321,-44,39,5376,-2304,12031,0,20736,0,1628
216,-29,61,5376,-2304,12031,0,-27393,0,1628
301,-50,27,3072,-3584,4095,0,-26368,0,1629
236,-43,24,4352,-3328,9727,0,3072,0,1630
299,-9,38,4352,-3328,9727,0,-2305,0,1628
204,-22,25,4096,-3840,6399,0,-15873,0,1627
282,-40,54,4352,-3072,5631,0,-16129,0,1629
300,-69,28,4352,-3072,5631,0,-7937,0,1629
281,-83,20,3328,-3328,8959,0,8448,0,1627
259,-60,24,2560,-2560,9471,0,-26369,0,1629
216,-9,30,2560,-2560,9471,0,20479,0,1628
303,-2,62,3072,-4352,6911,0,-13313,0,1628
238,-30,27,4864,-4864,5631,0,-32513,0,1627
242,-39,-5,4864,-4864,5631,0,-11777,0,1628
266,-20,13,3584,-4096,7935,0,-23041,0,1628
262,4,59,4352,-4352,4095,0,-26881,0,1628
247,-21,46,4352,-4352,4095,0,-19713,0,1627
232,-53,27,4352,-2560,3327,0,-27137,0,1628
262,-48,22,5632,-1792,7935,0,-27137,0,1628
319,-10,31,5632,-1792,7935,0,9472,0,1629
270,7,52,4864,-3584,7935,0,-4353,0,1628
262,16,31,4864,-3584,7935,0,9984,0,1628
259,1,45,4864,-3584,7935,0,1280,0,1628
201,-3,34,4352,-5376,3327,0,9472,0,1627
253,-6,56,4352,-5376,3327,0,-18689,0,1629
301,-24,4,5120,-4864,6655,0,-32000,0,1630
317,-62,92,4096,-4608,7167,0,19712,0,1628
208,-109,18,4096,-4608,7167,0,7168,0,1626
295,-52,57,4096,-1280,6399,0,-23553,0,1627
333,-11,55,3328,-2048,7423,0,11008,0,1628
216,-3,43,3328,-2048,7423,0,-26113,0,1628
284,-12,7,6912,-4608,8703,0,-7425,0,1628
244,-5,7,4608,-4352,7423,0,-31233,0,1628
339,13,40,4608,-4352,7423,0,-4097,0,1628
170,8,53,4608,-5376,5631,0,-32257,0,1628
312,-10,52,4608,-5376,5631,0,-12801,0,1628
232,-13,28,4864,-4352,6399,0,-19713,0,1628
311,-4,25,4352,-3328,10751,0,-12289,0,1627
277,30,35,4352,-3328,10751,0,-11521,0,1628
306,33,29,5376,-5120,6143,0,2048,0,1627
190,36,56,6144,-4608,2303,0,30463,0,1628
252,38,41,6144,-4608,2303,0,24831,0,1628
250,9,43,7936,-5888,6655,0,17152,0,1628
303,14,8,6400,-6400,2047,0,-27648,0,1628
216,1,41,6400,-6400,2047,0,28416,0,1627
256,7,28,5632,-3328,3839,0,-27136,0,1629
255,8,66,5632,-3328,3839,0,17408,0,1628
246,11,66,5632,-3328,3839,0,26368,0,1629
343,-35,32,6144,-2304,10495,0,-13312,0,1628
248,-55,29,6144,-2304,10495,0,-30976,0,1627
289,-67,11,3840,-5376,6143,0,-14336,0,1628
117,-52,59,2304,-2304,5887,0,-18433,0,1627
274,-51,56,2304,-2304,5887,0,-15361,0,1628
226,-77,44,2304,-2304,5887,0,3072,0,1628
242,-74,7,3584,-2304,2559,0,16896,0,1628
275,-56,15,3584,-2304,2559,0,30720,0,1628
271,4,54,4096,-768,6911,0,-6657,0,1627
226,9,39,2816,-1536,5119,0,-18433,0,1627
265,11,90,2816,-1536,5119,0,10495,0,1629
232,-54,49,4096,-3072,1791,0,4608,0,1627
346,-37,60,4352,-1792,3583,0,2048,0,1628
211,-74,53,4352,-1792,3583,0,-13057,0,1628
355,-41,-6,3584,-3584,7167,0,8448,0,1627
243,17,61,3584,-3072,5375,0,12031,0,1630
263,15,24,1792,-3072,5375,0,0,0,1628
221,-10,31,3840,-5120,4607,0,2815,0,1628
264,-49,22,3840,-5120,4607,0,-11009,0,1630
342,-57,-2,4352,-3328,8447,0,25600,0,1629
185,-36,23,2560,-3840,6143,0,23808,0,1629
269,1,65,2560,-3840,6143,0,-21761,0,1626
211,5,42,4352,-2816,5631,0,-17153,0,1628
239,8,75,5632,-2560,8703,0,-20225,0,1628
276,-40,28,5632,-2560,8703,0,7680,0,1630
290,-50,24,5120,-4864,3071,0,-27136,0,1628
242,-52,52,4864,-2816,6911,0,-30208,0,1627
249,-6,81,4864,-2816,6911,0,-27392,0,1629
241,-17,41,5376,-2816,9983,0,-12545,0,1628
229,-45,57,2560,-3328,6399,0,-32513,0,1628
282,-84,12,2560,-3328,6399,0,13568,0,1629
340,-97,12,1536,-4352,5119,0,-256,0,1628
228,-70,30,1536,-4352,5119,0,-19968,0,1629
227,-25,54,2304,-3328,5887,0,-26369,0,1629
230,-22,67,3584,-768,8959,0,11007,0,1629
293,-39,83,3584,-768,8959,0,7679,0,1627
205,-99,17,4352,-1792,6399,0,28927,0,1628
284,-118,12,2816,-3328,7935,0,-30977,0,1627
261,-94,47,2816,-3328,7935,0,2048,0,1628
248,-2,73,1024,-768,5631,0,27647,0,1628
241,31,86,1792,-512,6911,0,3839,0,1628
268,17,4,1792,-512,6911,0,17407,0,1627
297,13,-16,4352,-5120,6911,0,23551,0,1630
276,17,0,6400,-5120,8191,0,-24321,0,1628
281,16,57,6400,-5120,8191,0,-9473,0,1628
275,5,49,4608,-3840,6655,0,9984,0,1629
254,-29,50,4608,-3840,6655,0,-9985,0,1628
247,-60,32,4352,-1792,11263,0,2304,0,1628
322,-79,54,1536,-512,7935,0,-8961,0,1628
260,-60,37,1536,-512,7935,0,8192,0,1628
279,-21,43,2560,1,8447,0,27903,0,1628
220,-9,13,4096,-1792,9983,0,-17409,0,1628
313,22,39,4096,-1792,9983,0,-12033,0,1627
240,16,16,3840,-2048,10751,0,-9473,0,1628
238,33,42,6656,-4096,8447,0,-11521,0,1630
247,0,32,6656,-4096,8447,0,-6401,0,1630
282,-7,41,5632,-4096,10239,0,2048,0,1628
277,-26,50,5632,-4096,10239,0,11520,0,1628
219,-28,33,3584,-1792,8703,0,-14337,0,1627
275,-25,68,3840,257,4863,0,-24065,0,1628
240,-7,45,3840,257,4863,0,31231,0,1631
316,18,64,4096,513,9471,0,-12289,0,1628
235,10,3,3840,-2816,6143,0,-19457,0,1627
259,32,12,3840,-2816,6143,0,-25857,0,1627
272,47,25,4864,-3072,6911,0,-14337,0,1628
285,45,49,5632,-2560,5119,0,7936,0,1627
241,14,18,5632,-2560,5119,0,5888,0,1630
285,6,31,4608,-2048,6143,0,17664,0,1629
227,1,26,4608,-2048,6143,0,5120,0,1628
240,7,51,4096,-1792,3839,0,-6913,0,1629
216,-9,51,3328,-256,4095,0,-10497,0,1629
226,-9,43,3328,-256,4095,0,9727,0,1629
271,-16,0,4096,-1280,5631,0,5632,0,1627
303,-29,38,4352,-1536,4351,0,-9473,0,1629
274,-18,12,4352,-1536,4351,0,20480,0,1628
382,36,88,4352,-512,7935,0,-7169,0,1628
283,28,34,4352,-512,7935,0,-30208,0,1628
309,74,75,4608,-2304,2815,0,-16897,0,1629
205,25,5,6144,-4352,4607,0,1536,0,1628
248,29,24,6144,-4352,4607,0,-20225,0,1628
276,-2,44,7936,-4096,10751,0,-32768,0,1627
258,-19,1,4864,-2560,9471,0,-15616,0,1630
199,-35,23,4864,-2560,9471,0,23552,0,1628
268,-27,16,2560,-1024,13567,0,2048,0,1629
227,3,36,3328,513,12031,0,6912,0,1629
283,11,34,3328,513,12031,0,-11521,0,1627
209,-19,10,2560,-512,9215,0,-16129,0,1628
329,-18,16,2560,-512,9215,0,-12801,0,1628
251,-18,50,3840,257,11775,0,-19457,0,1627
313,-29,38,2048,-2304,13567,0,2560,0,1628
235,-23,55,2048,-2304,13567,0,-16897,0,1628
263,-14,36,-257,1,8191,0,16128,0,1627
253,-1,33,-257,-1024,6911,0,6656,0,1627
230,10,37,-257,-1024,6911,0,-7937,0,1628
217,23,17,512,1,3839,0,-9985,0,1626
303,19,21,1792,769,3071,0,8448,0,1628
194,-22,8,1792,769,3071,0,-769,0,1628
327,-25,27,1280,2049,3071,0,4352,0,1629
230,-48,13,1280,2049,3071,0,14080,0,1628
331,-39,33,2048,2049,255,0,17920,0,1627
237,-40,24,3072,2049,2559,0,5888,0,1628
229,-16,53,3072,2049,2559,0,24831,0,1627
286,20,32,2816,1793,2559,0,-30977,0,1628
246,30,46,2816,1793,2559,0,-8961,0,1628
275,4,22,5888,769,7935,0,9728,0,1630
209,9,25,6144,-1024,7167,0,-19457,0,1628
306,10,35,6144,-1024,7167,0,11264,0,1628
216,-3,32,4864,-512,8959,0,-11777,0,1628
298,14,18,3840,-1792,4095,0,1792,0,1626
273,-9,27,3840,-1792,4095,0,19456,0,1629
205,-1,28,3840,-768,7423,0,-14081,0,1628
334,1,37,3840,-768,7423,0,17152,0,1627
265,-3,31,4864,-512,6399,0,-31232,0,1629
249,14,46,2560,-768,4607,0,17920,0,1628
239,17,24,2560,-768,4607,0,16128,0,1629
246,15,46,4096,-1024,7679,0,-3585,0,1628
223,5,32,2560,-3072,6399,0,5632,0,1629
277,-17,24,2560,-3072,6399,0,27648,0,1628
217,-49,28,2560,-2048,5631,0,-6401,0,1628
278,-43,19,3328,-1024,7935,0,8960,0,1628
265,-41,41,3328,-1024,7935,0,4096,0,1628
322,-6,55,2560,1025,9983,0,6912,0,1628
249,-6,40,2560,1025,9983,0,-1537,0,1630
290,22,36,3328,257,6399,0,-16385,0,1628
218,10,15,4352,-1536,5631,0,-15105,0,1627
305,25,34,4352,-1536,5631,0,17664,0,1629
237,-10,17,4864,-768,11007,0,18432,0,1627
269,1,39,4608,257,12287,0,25344,0,1628
218,-23,74,4608,257,12287,0,-15873,0,1629
253,-34,62,3840,-256,8191,0,7680,0,1628
278,-51,57,3840,-256,8191,0,6144,0,1629
236,-42,9,3840,-256,8191,0,-14081,0,1628
302,-44,13,2560,-256,16127,0,-22273,0,1628
237,-11,37,2560,-256,16127,0,31487,0,1629
311,5,61,3840,-1280,13567,0,-9985,0,1628
293,-7,37,3328,-256,12031,0,4096,0,1629
240,6,39,3328,-256,12031,0,-18177,0,1629
238,20,31,2048,-512,7935,0,-29185,0,1628
289,7,49,2304,-768,8191,0,6144,0,1629
258,-30,1,2304,-768,8191,0,26368,0,1629
235,-37,24,1024,-768,7167,0,-257,0,1628
254,-53,23,1024,-768,7167,0,29952,0,1628
281,-5,62,768,1537,7423,0,-1793,0,1626
200,-9,55,-257,257,5119,0,-6145,0,1628
249,-21,44,-257,257,5119,0,-20737,0,1628
250,-32,30,1280,513,8191,0,-12289,0,1629
249,-34,7,2560,1,8447,0,11520,0,1628
251,-22,22,2560,1,8447,0,-15873,0,1628
300,-31,20,2816,1025,13823,0,-257,0,1629
293,-23,57,2816,1025,13823,0,4608,0,1628
231,-6,83,3328,1793,12287,0,-19201,0,1627
289,-21,38,1280,1537,5375,0,14080,0,1629
324,-7,51,1280,1537,5375,0,-2817,0,1630
207,-12,29,2816,1793,8447,0,3328,0,1628
269,3,24,2816,1793,8447,0,5120,0,1628
260,-32,-21,2816,1793,8447,0,-30976,0,1628
243,-19,34,1792,1,8191,0,23552,0,1626
229,-21,17,1792,1,8191,0,30976,0,1628
234,-8,24,1536,-1024,8191,0,-3585,0,1628
292,-37,2,1024,-2048,9983,0,20992,0,1630
207,-50,20,1024,-2048,9983,0,16384,0,1629
301,-49,32,2560,-1024,13823,0,13056,0,1629
230,-73,12,1280,-512,11007,0,22784,0,1628
310,-63,29,1280,-512,11007,0,10496,0,1629
218,-57,18,256,513,10239,0,-3841,0,1629
298,-40,36,256,513,10239,0,11008,0,1630
261,-29,34,256,513,10239,0,-11777,0,1628
220,-29,26,1536,513,13311,0,-14337,0,1629
253,-25,-2,1536,513,13311,0,3072,0,1628
233,-29,21,1280,-2816,10495,0,-8449,0,1627
253,-15,27,1024,-1792,12543,0,27136,0,1629
230,-49,26,1024,-1792,12543,0,6400,0,1629
277,-57,33,1024,-1024,8703,0,15872,0,1629
252,-63,35,1536,-768,15359,0,9728,0,1629
271,-49,37,1536,-768,15359,0,-10497,0,1629
309,-63,46,768,-2816,9983,0,13568,0,1629
232,-52,54,2048,-1792,10495,0,-8705,0,1629
240,-32,49,2048,-1792,10495,0,15616,0,1629
233,-20,55,3328,-256,17407,0,-15873,0,1628
272,-31,54,2304,-1792,7423,0,-513,0,1628
237,-46,24,2304,-1792,7423,0,10752,0,1628
244,-64,46,1280,-1536,9727,0,-15617,0,1629
266,-63,42,1024,-1280,11007,0,-513,0,1628
235,-57,33,1024,-1280,11007,0,256,0,1629
260,-39,57,1792,-1280,11263,0,-16641,0,1627
321,-40,57,1792,-1280,11263,0,9728,0,1628
245,-39,46,1792,-1280,11263,0,-3841,0,1628
288,-17,43,2560,-2816,9983,0,9728,0,1627
262,-30,62,2560,-2816,9983,0,20224,0,1628
334,-19,101,4096,-2304,12287,0,32000,0,1627
224,-69,52,4096,-3072,8703,0,-17408,0,1628
207,-75,79,4096,-3072,8703,0,1024,0,1629
231,-99,30,2048,-3840,14335,0,2048,0,1628
206,-88,55,2560,-3328,14079,0,18431,0,1627
272,-75,28,2560,-3328,14079,0,16383,0,1628
237,-72,33,3072,-768,15359,0,-16641,0,1627
247,-55,8,512,-2048,11519,0,256,0,1628
251,-11,15,512,-2048,11519,0,28927,0,1627
286,-30,48,256,-1792,10751,0,-16130,0,1628
282,3,71,3328,-2048,12031,0,-5889,0,1629
246,-21,60,3328,-2048,12031,0,11520,0,1631
229,-25,81,4096,-2560,12031,0,3840,0,1627
352,-52,64,2560,-2304,8959,0,-17152,0,1629
276,-60,70,2560,-2304,8959,0,-20992,0,1629
249,-80,65,1536,-5120,10751,0,26880,0,1629
191,-86,73,2048,-1024,11775,0,-27137,0,1628
255,-80,60,2048,-1024,11775,0,-16897,0,1628
266,-106,81,-1,-1280,8703,0,22272,0,1628
248,-111,67,-1793,-1536,9215,0,-10752,0,1629
250,-98,115,-1793,-1536,9215,0,-22785,0,1628
195,-42,111,-1025,1,11519,0,2816,0,1627
256,-36,102,-1,-256,7935,0,-28929,0,1628
243,-46,76,-1,-256,7935,0,-22785,0,1629
283,-88,102,512,1,12543,0,-32001,0,1628
280,-93,72,512,1,12543,0,17152,0,1628
302,-110,84,512,1,12543,0,9728,0,1628
258,-78,77,768,-512,11263,0,9984,0,1629
211,-56,83,768,-512,11263,0,32511,0,1629
318,-29,86,1792,-2048,7423,0,11007,0,1629
257,-28,88,2048,-3584,5375,0,-17409,0,1628
257,-48,61,2048,-3584,5375,0,12544,0,1629
248,-44,85,2048,-5376,11519,0,-769,0,1629
266,-33,70,4608,-5888,10495,0,-513,0,1628
280,-19,112,4608,-5888,10495,0,3072,0,1629
264,-33,75,5376,-7680,9215,0,19712,0,1629
263,-53,70,6912,-11264,6143,0,9728,0,1626
250,-29,98,6912,-11264,6143,0,768,0,1628
261,-30,88,6400,-10752,6399,0,-29696,0,1629
268,-61,95,6400,-10752,6399,0,26368,0,1628
232,-98,79,6400,-10752,6399,0,-1537,0,1629
265,-88,68,6400,-13056,5375,0,-7681,0,1628
247,-54,64,6400,-14592,7935,0,-17153,0,1628
275,-53,47,5376,-14592,7935,0,-13313,0,1629
240,-38,41,6400,-14592,12287,0,-32001,0,1627
310,-19,28,5888,-16640,8191,0,-3841,0,1629
250,-3,33,5888,-16640,8191,0,-5889,0,1627
274,10,3,6144,-17920,8447,0,-1793,0,1631
260,-6,12,7424,-17152,10239,0,19456,0,1628
261,-23,19,7424,-17152,10239,0,-25344,0,1628
277,-21,18,7680,-19712,7935,0,-10240,0,1628
265,-38,9,7680,-20224,13567,0,-24832,0,1627
238,-50,24,7680,-20224,13567,0,24320,0,1628
248,-60,26,6656,-22784,8191,0,30464,0,1629
227,-84,18,4864,-22528,9727,0,28928,0,1628
221,-85,14,4864,-22528,9727,0,256,0,1628
251,-72,19,5632,-20736,17663,0,-2305,0,1628
242,-69,6,5120,-22784,12799,0,22016,0,1628
241,-75,-5,5120,-22784,12799,0,16384,0,1627
230,-66,12,4864,-23808,11263,0,-5633,0,1629
246,-16,30,6656,-25088,8447,0,-769,0,1631
252,-37,7,6656,-25088,8447,0,29952,0,1630
221,-105,6,8960,-26368,14847,0,31744,0,1628
260,-119,23,7424,-27136,7679,0,1536,0,1629
273,-97,85,7424,-27136,7679,0,-27137,0,1628
275,-40,97,8192,-25088,10239,0,-18689,0,1629
236,-71,36,6144,-27648,4095,0,-14081,0,1629
269,-86,12,6144,-27648,4095,0,-24321,0,1628
292,-35,55,7680,-27648,13055,0,-10241,0,1627
267,-8,75,7424,-28160,13311,0,-20993,0,1627
238,-18,76,7424,-28160,13311,0,-25857,0,1628
255,-34,44,6400,-29952,7423,0,-8193,0,1629
256,-13,24,6144,-32000,5631,0,-10241,0,1629
285,-30,12,6144,-32000,5631,0,-7681,0,1628
255,-67,7,4864,32256,7423,0,-8449,0,1628
253,-49,39,5632,32000,7167,0,-5889,0,1629
255,-22,68,5632,32000,7167,0,-6145,0,1626
246,-28,58,4096,31488,5887,0,-4097,0,1629
242,-50,25,4352,30976,6143,0,1536,0,1628
253,-64,19,4352,30976,6143,0,8960,0,1629
251,-40,24,5888,29952,11007,0,4352,0,1628
275,-15,42,2816,29952,6399,0,-5633,0,1629
275,-1,66,2816,29952,6399,0,-5889,0,1629
271,-28,62,3584,29440,4351,0,5632,0,1628
288,-56,65,6656,25600,9215,0,23808,0,1629
260,-48,60,6656,25600,9215,0,32256,0,1627
250,-43,48,2560,28160,6655,0,20736,0,1628
225,-42,38,2560,28160,6655,0,-11521,0,1628
295,-29,27,2560,28160,6655,0,-2817,0,1630
253,-29,21,2304,25856,2815,0,-513,0,1629
307,-30,38,2304,25856,2815,0,10496,0,1628
302,-20,75,2304,25856,2815,0,18432,0,1629
325,10,132,3072,24832,6655,0,-24576,0,1629
309,17,98,3072,24832,6655,0,7681,0,1629
260,3,52,3328,19968,1279,0,-8448,0,1630
232,-3,29,3584,16896,2047,0,-24832,0,1628
245,16,33,3584,16896,2047,0,-25344,0,1629
247,32,47,5888,16640,6143,0,-10752,0,1629
245,-6,58,4352,12288,-4354,0,-1024,0,1629
211,-75,81,4352,12288,-4354,0,10753,0,1629
229,-149,85,2816,14336,-4866,0,28673,0,1629
324,-106,29,4096,16640,511,0,-5889,0,1628
258,-43,78,4096,16640,511,0,2560,0,1629
259,-35,34,2304,17408,2047,0,-17409,0,1628
245,-71,38,2304,17920,-2,0,-27393,0,1629
266,-51,38,2304,17920,-2,0,26367,0,1627
272,-35,83,3584,18944,3839,0,27903,0,1629
259,1,44,3584,18944,3839,0,-25089,0,1629
266,-5,21,2816,16128,3583,0,-14849,0,1626
257,-29,-11,3328,14848,4351,0,-1025,0,1628
243,-46,-7,3328,14848,4351,0,-1537,0,1628
257,-70,-15,1792,14848,1535,0,1536,0,1627
246,-74,-17,3072,13568,1023,0,3840,0,1629
247,-78,-20,3072,13568,1023,0,-5889,0,1629
252,-80,-3,3584,15616,-258,0,-16385,0,1628
257,-59,25,2816,16128,2559,0,-10497,0,1628
257,-39,49,2816,16128,2559,0,-9473,0,1630
252,-51,28,2048,15616,4863,0,-22017,0,1627
249,-47,9,2816,16128,1535,0,-22529,0,1628
263,-45,9,2816,16128,1535,0,-17921,0,1627
257,-41,15,2304,17664,6143,0,-9473,0,1628
259,-49,28,3328,15616,3583,0,-5377,0,1627
238,-44,19,3328,15616,3583,0,-769,0,1628
239,-57,15,2816,15360,1279,0,-257,0,1628
250,-60,11,3840,17920,5631,0,-3841,0,1628
252,-59,3,3840,17920,5631,0,-6145,0,1627
255,-58,13,2304,15872,1535,0,-7169,0,1628
247,-43,13,4608,15872,2559,0,-5633,0,1627
246,-53,17,4608,15872,2559,0,-3585,0,1628
257,-42,11,3072,16896,4351,0,-2305,0,1628
266,-47,15,3072,16896,4351,0,0,0,1628
252,-43,14,3328,16384,7167,0,1280,0,1629
251,-58,18,2816,15616,1535,0,-1793,0,1628
250,-58,17,2816,15616,1535,0,-257,0,1630
247,-56,17,2816,17152,8703,0,-1537,0,1627
252,-50,19,3584,17152,6655,0,-3073,0,1629
248,-52,18,3584,17152,6655,0,-2817,0,1630
258,-42,19,3328,16640,767,0,-2049,0,1628
252,-44,10,2560,17664,-2,0,-2305,0,1629
253,-54,18,2560,17664,-2,0,19968,0,1629
247,-39,22,4096,16640,4863,0,-11008,0,1628
244,-51,11,4096,16640,4863,0,26880,0,1628
244,-68,17,4096,16640,4863,0,-21249,0,1628
236,-57,31,2304,16896,-1794,0,9471,0,1627
237,-48,31,2304,16896,-1794,0,-16130,0,1629
346,-40,47,1536,15360,-1794,0,-15361,0,1627
260,-46,53,2560,18176,-1538,0,13568,0,1628
245,-52,71,2560,18176,-1538,0,-8961,0,1628
262,-56,47,2560,18176,-1538,0,-7681,0,1627
259,-50,53,1024,17408,-2306,0,-3073,0,1628
261,-48,36,1024,17408,-2306,0,-6913,0,1628
256,-53,30,1024,17408,-2306,0,-5377,0,1629
260,-55,37,1792,16640,-5890,0,-6401,0,1628
253,-42,45,1792,16640,-5890,0,-7169,0,1628
259,-42,48,1792,16640,-5890,0,-7681,0,1629
263,-46,55,1024,17152,-3330,0,-6657,0,1628
268,-48,50,1024,17152,-3330,0,-6401,0,1627
263,-57,49,1024,17152,-3330,0,-5889,0,1628
259,-48,58,2816,17408,-3842,0,-3841,0,1628
250,-55,60,2816,17408,-3842,0,-4609,0,1628
263,-49,54,2816,17408,-3842,0,-6913,0,1628
257,-59,50,2304,17664,-1794,0,-9217,0,1628
249,-57,34,2304,17664,-1794,0,-15105,0,1627
259,-52,31,2304,17664,-1794,0,-14593,0,1627
253,-58,32,1280,17152,-3330,0,-14593,0,1627
245,-59,41,768,17920,-4610,0,-15873,0,1629
261,-47,50,768,17920,-4610,0,-14337,0,1627
278,-44,54,1024,18944,255,0,-6401,0,1629
264,-43,54,512,17664,-4098,0,256,0,1627
241,-50,43,512,17664,-4098,0,-257,0,1628
235,-41,49,256,16896,-4098,0,-6657,0,1629
245,-46,55,256,16896,-4098,0,-7681,0,1628
238,-57,53,512,16384,-5122,0,-8193,0,1627
224,-68,54,256,17408,-1282,0,-9217,0,1628
216,-65,72,256,17408,-1282,0,-11521,0,1628
202,-73,98,-257,16384,-2306,0,30719,0,1628
275,-80,144,-1793,17408,-5890,0,15615,0,1628
316,-68,120,-1793,17408,-5890,0,26879,0,1628
344,-60,53,-1281,18944,-5634,0,-8961,0,1627
265,12,28,-769,17664,-4354,0,24575,0,1628
249,81,88,-769,17664,-4354,0,-8962,0,1628
254,76,81,-769,16384,2559,0,-2,0,1627
301,29,25,768,11520,4095,0,15872,0,1629
311,1,-36,768,11520,4095,0,-4096,0,1629
214,-20,-6,0,9472,2047,0,-12544,0,1628
229,-12,18,-1793,11520,255,0,-25088,0,1629
258,17,22,-1793,11520,255,0,25088,0,1629
268,-33,24,-3073,11776,1279,0,-30976,0,1628
291,-65,-23,-1537,10496,2047,0,4864,0,1627
285,-67,-26,-1537,10496,2047,0,-2817,0,1629
290,-13,34,-4097,11008,255,0,3584,0,1629
281,17,50,-4097,11008,255,0,11520,0,1629
253,27,55,-4097,11008,255,0,21248,0,1628
214,2,26,-3073,7424,767,0,19200,0,1627
222,-2,29,-3073,7424,767,0,24576,0,1629
237,-20,0,-4609,7936,-2562,0,28160,0,1629
242,-40,-2,-6145,7168,-770,0,24576,0,1629
249,-52,7,-6145,7168,-770,0,18944,0,1628
264,-64,22,-8193,8960,-4354,0,11776,0,1629
256,-72,36,-7169,9216,1279,0,8448,0,1629
257,-56,50,-7169,9216,1279,0,1792,0,1628
257,-27,47,-8705,10496,-5634,0,-2049,0,1629
259,-19,37,-8705,7168,-6146,0,11264,0,1628
280,-10,14,-8705,7168,-6146,0,15104,0,1628
269,-9,4,-9217,6656,-6914,0,6912,0,1629
276,-9,37,-7937,8192,-1794,0,-7425,0,1628
285,6,45,-7937,8192,-1794,0,15104,0,1627
261,1,44,-10753,6912,-7938,0,26368,0,1628
241,-13,20,-10753,6912,-7938,0,32000,0,1629
223,-37,22,-10753,6912,-7938,0,29952,0,1629
236,-51,21,-12033,5888,-5634,0,30208,0,1626
243,-52,3,-12033,5888,-5634,0,18432,0,1627
257,-72,-21,-12033,5888,-5634,0,11776,0,1628
251,-88,-16,-14337,4608,-8706,0,7936,0,1628
271,-63,18,-14337,4864,-8962,0,1536,0,1629
273,-4,55,-14337,4864,-8962,0,-5121,0,1629
247,13,51,-12033,5376,-7426,0,-5377,0,1629
243,-3,10,-13569,1792,-11010,0,-6657,0,1630
274,-2,-44,-13569,1792,-11010,0,6400,0,1628
252,-26,-55,-15361,2048,-8450,0,7680,0,1629
247,-36,-40,-14337,1792,-5122,0,4352,0,1628
255,-34,2,-14337,1792,-5122,0,-2561,0,1627
253,-39,8,-14849,3328,-7426,0,7168,0,1628
247,-40,23,-16641,2816,-8706,0,12288,0,1628
245,-42,18,-16641,2816,-8706,0,17152,0,1630
236,-47,18,-16641,2304,-10498,0,6656,0,1628
245,-32,16,-16385,2560,-7170,0,1024,0,1628
257,-36,17,-16385,2560,-7170,0,2560,0,1627
243,-35,-6,-17921,1536,-12802,0,10496,0,1629
239,-47,5,-17409,2048,-13314,0,10240,0,1628
246,-37,10,-17409,2048,-13314,0,1536,0,1629
246,-42,10,-17153,2560,-13058,0,-1281,0,1629
246,-55,-12,-19713,2048,-11778,0,-6913,0,1628
261,-55,-19,-19713,2048,-11778,0,-6657,0,1628
262,-38,-10,-19969,2816,-11266,0,-6145,0,1627
256,-30,2,-20737,512,-13570,0,-5377,0,1628
243,-34,24,-17665,3328,-8194,0,-7937,0,1629
262,-36,19,-17665,3328,-8194,0,-1281,0,1629
251,-39,3,-20225,0,-13826,0,2304,0,1628
256,-47,1,-18689,512,-11522,0,8704,0,1628
246,-40,4,-18689,512,-11522,0,6912,0,1629
250,-32,16,-17665,1280,-9986,0,5376,0,1628
247,-37,8,-17665,1280,-9986,0,3072,0,1628
261,-40,2,-17665,1280,-9986,0,6656,0,1628
269,-56,13,-20993,512,-12290,0,12032,0,1627
261,-56,31,-20993,512,-12290,0,17408,0,1629
230,-64,60,-22529,2816,-15106,0,14336,0,1628
243,-81,70,-21249,3328,-9474,0,9216,0,1629
248,-73,68,-21505,3328,-13058,0,5120,0,1629
245,-87,40,-21505,3328,-13058,0,-6401,0,1629
266,-64,34,-22017,1792,-15106,0,-4609,0,1629
282,-52,33,-21761,2304,-14082,0,-3073,0,1629
276,-32,10,-21761,2304,-14082,0,-6145,0,1628
262,-20,5,-22529,2816,-11010,0,-7937,0,1628
255,-2,12,-23041,768,-16130,0,1536,0,1629
244,-1,-7,-23041,768,-16130,0,11008,0,1628
231,-8,-28,-24065,-257,-17922,0,8448,0,1629
230,-36,-43,-23553,-257,-15362,0,11264,0,1628
252,-46,-4,-23553,-257,-15362,0,28928,0,1627
241,-74,18,-25601,0,-16386,0,-27904,0,1629
231,-95,15,-26625,2816,-19458,0,25344,0,1628
232,-94,10,-26625,2816,-19458,0,-5121,0,1628
266,-60,-4,-25345,4608,-13058,0,-9729,0,1631
270,-44,-1,-25089,2304,-16386,0,-4609,0,1629
269,-36,0,-27137,3840,-17410,0,-17153,0,1629
240,-30,6,-27137,3840,-17410,0,29439,0,1627
249,-28,15,-25601,1536,-19202,0,-29185,0,1628
250,-28,-13,-25857,2560,-17154,0,31743,0,1628
267,-36,-23,-25857,2560,-17154,0,31999,0,1631
249,-28,-5,-27137,2048,-18178,0,-9217,0,1627
251,-22,4,-26625,1536,-15362,0,-5377,0,1629
254,-24,10,-26625,1536,-15362,0,2304,0,1629
250,-33,1,-27137,3072,-18434,0,1280,0,1628
251,-36,-10,-25857,1792,-15362,0,-8449,0,1629
248,-40,-3,-25857,1792,-15362,0,-28161,0,1627
253,-28,-18,-25857,1792,-15362,0,-32001,0,1628
268,-26,-5,-27137,2816,-16898,0,-7169,0,1628
250,-26,-2,-25345,4096,-13570,0,2816,0,1629
235,-36,-1,-25345,4096,-13570,0,-2049,0,1628
236,-30,-11,-27393,4352,-18178,0,-14337,0,1630
261,-24,-27,-29185,3840,-19202,0,-19713,0,1628
261,-13,-35,-29185,3840,-19202,0,-12289,0,1628
258,-10,-21,-29185,3840,-19202,0,-1,0,1629
269,-26,22,-27649,4352,-17154,0,8960,0,1629
252,-26,47,-26369,4096,-20226,0,16896,0,1629
240,-60,47,-26369,4096,-20226,0,9472,0,1628
250,-63,35,-29185,5376,-18946,0,3840,0,1628
264,-55,26,-26881,5120,-16386,0,256,0,1631
255,-43,32,-26881,5120,-16386,0,-3329,0,1628
254,-39,26,-27649,3584,-18690,0,-5633,0,1629
248,-34,22,-27905,4352,-17666,0,-4609,0,1629
251,-37,12,-27905,4352,-17666,0,-5377,0,1628
248,-36,5,-27905,3328,-18946,0,-6913,0,1629
256,-34,3,-26881,5632,-13570,0,-5633,0,1628
250,-33,8,-26881,5632,-13570,0,-2561,0,1628
264,-32,6,-28673,5376,-18178,0,-2561,0,1628
255,-32,17,-27393,3328,-20226,0,-2561,0,1627
241,-31,18,-27393,3328,-20226,0,-2305,0,1628
257,-40,13,-24577,4864,-15874,0,-257,0,1629
246,-38,22,-28161,3840,-21506,0,2048,0,1629
251,-40,23,-27393,3584,-18690,0,1280,0,1628
253,-42,27,-27393,3584,-18690,0,0,0,1627
260,-41,13,-26113,5888,-15618,0,-513,0,1627
257,-49,11,-26881,3072,-17410,0,-2305,0,1628
256,-43,16,-26881,3072,-17410,0,-1793,0,1630
249,-36,21,-28161,5120,-20738,0,-1281,0,1629
256,-45,10,-27137,3584,-20994,0,-1537,0,1629
261,-39,13,-27137,3584,-20994,0,-2305,0,1628
249,-37,14,-27649,2816,-20738,0,-2561,0,1628
257,-43,15,-27905,4864,-18690,0,-3585,0,1627
254,-37,17,-27905,4864,-18690,0,-3841,0,1627
258,-28,7,-27393,4096,-17922,0,-3329,0,1628
256,-29,18,-26369,5120,-14338,0,-257,0,1629
259,-42,9,-26369,5120,-14338,0,3072,0,1628
262,-35,22,-27905,3328,-18946,0,2048,0,1628
248,-41,14,-26369,3328,-16898,0,256,0,1628
254,-35,19,-26369,3328,-16898,0,-3329,0,1628
257,-45,17,-26369,3328,-16898,0,-5633,0,1629
259,-41,18,-25857,5888,-14850,0,-5633,0,1627
252,-37,9,-28417,4864,-19458,0,-5633,0,1628
244,-41,15,-28417,4864,-19458,0,-769,0,1628
256,-41,23,-28161,5120,-19202,0,256,0,1629
256,-32,23,-25601,3328,-19970,0,-257,0,1629
248,-39,24,-25601,3328,-19970,0,256,0,1628
255,-43,9,-26113,4608,-14850,0,-2305,0,1627
260,-40,6,-27393,3584,-18434,0,-3073,0,1629
257,-33,10,-27393,3584,-18434,0,-4609,0,1628
255,-43,13,-27393,5376,-17154,0,-513,0,1627
252,-36,6,-27393,2816,-17922,0,1024,0,1627
254,-43,2,-27393,2816,-17922,0,0,0,1628
248,-39,8,-28417,5120,-18434,0,2048,0,1628
245,-42,16,-28673,4096,-16130,0,-1025,0,1631
254,-42,16,-28673,4096,-16130,0,-1793,0,1628
256,-44,17,-26369,4352,-15618,0,-2561,0,1629
256,-40,13,-27649,3584,-21506,0,-1537,0,1628
258,-42,19,-27649,3584,-21506,0,-3329,0,1629
250,-34,19,-27393,4096,-20738,0,-3585,0,1627
246,-38,15,-28161,3840,-20226,0,-3073,0,1627
256,-39,14,-25857,2816,-16642,0,-2049,0,1628
248,-37,16,-25857,2816,-16642,0,-2049,0,1629
242,-51,23,-27649,3840,-19970,0,-3585,0,1628
252,-38,12,-28929,4864,-18946,0,-3585,0,1627
255,-32,11,-28929,4864,-18946,0,-3585,0,1628
265,-38,9,-28673,5632,-19714,0,1792,0,1628
251,-44,10,-29185,2816,-19714,0,3328,0,1627
249,-49,12,-29185,2816,-19714,0,512,0,1625
250,-46,5,-28929,4608,-22018,0,2048,0,1629
258,-41,-11,-25857,3328,-14850,0,5120,0,1629
251,-55,-22,-25857,3328,-14850,0,4864,0,1629
242,-61,-22,-29441,3328,-21762,0,4608,0,1628
247,-59,-17,-28673,3072,-19202,0,5376,0,1630
245,-55,-16,-28673,3072,-19202,0,5632,0,1628
244,-50,-2,-28673,3072,-19202,0,1536,0,1628
246,-50,-2,-28929,5632,-16898,0,-2561,0,1628
261,-53,7,-31233,3072,-18690,0,1280,0,1629
256,-48,-11,-31233,3072,-18690,0,5376,0,1628
250,-42,0,-32001,4608,-22530,0,5632,0,1629
248,-36,5,-32001,3840,-21506,0,5888,0,1629
256,-38,9,-32001,3840,-21506,0,6912,0,1627
248,-45,-4,-32257,3072,-23810,0,8960,0,1629
243,-47,-1,-31745,4096,-22786,0,9984,0,1626
240,-47,10,-31745,4096,-22786,0,7424,0,1628
259,-62,13,-31233,3584,-24834,0,13568,0,1628
235,-58,3,31487,2816,-22530,0,12544,0,1629
256,-54,-19,31487,2816,-22530,0,4096,0,1627
254,-40,-8,32511,4096,-18434,0,-257,0,1628
247,-50,-3,31231,5120,-23810,0,512,0,1629
247,-71,2,31231,5120,-23810,0,-2049,0,1630
253,-74,15,30207,5632,-19714,0,1792,0,1628
251,-70,29,32255,6656,-16130,0,2816,0,1628
225,-63,18,32255,6656,-16130,0,512,0,1629
259,-55,-11,29439,6912,-21762,0,3840,0,1628
246,-52,-47,29695,4352,-24834,0,-1,0,1628
237,-45,-33,29695,4352,-24834,0,-8449,0,1629
251,-43,-24,29951,5376,-21506,0,-15361,0,1628
269,-50,27,28927,7424,-24322,0,-4865,0,1629
279,-39,34,28927,7424,-24322,0,16896,0,1629
243,-43,53,28927,9728,-20994,0,24064,0,1628
254,-57,13,27135,8192,-23298,0,17408,0,1628
252,-59,11,27135,8192,-23298,0,4608,0,1628
236,-55,0,27135,8192,-23298,0,14080,0,1629
238,-61,-10,26111,8960,-24066,0,13568,0,1628
226,-57,-1,26111,8960,-24066,0,-513,0,1628
257,-73,9,26111,8960,-24066,0,13568,0,1627
251,-60,16,23807,9728,-27138,0,18944,0,1628
251,-59,-3,23807,7424,-27394,0,16640,0,1631
239,-48,-9,23807,7424,-27394,0,15104,0,1629
271,-58,-3,20991,12032,-27394,0,17664,0,1628
249,-67,3,20479,12800,-27394,0,13056,0,1629
221,-81,-20,20479,12800,-27394,0,-9985,0,1628
249,-52,-29,19711,12800,-28674,0,28159,0,1629
280,-39,-29,19199,11008,-24834,0,-12801,0,1627
259,-55,-23,19199,11008,-24834,0,18176,0,1629
242,-35,16,19199,12032,-28162,0,23808,0,1629
209,-12,32,18431,14848,-27394,0,19200,0,1629
236,-21,24,18431,15104,-28418,0,-1281,0,1629
248,-48,-20,19199,15104,-28418,0,8704,0,1628
288,-93,-53,18431,14848,-25090,0,8960,0,1628
250,-73,-23,16639,14080,-30978,0,-2049,0,1627
267,-50,43,16639,14080,-30978,0,22016,0,1628
248,-74,82,17151,17408,-25090,0,-513,0,1627
224,-52,44,15871,18688,-28418,0,-9473,0,1629
281,-40,-3,15871,18688,-28418,0,-2817,0,1628
279,-20,-23,14847,18176,-28930,0,-10497,0,1628
270,0,-22,14847,18688,-27650,0,13568,0,1628
205,-5,12,14847,18688,-27650,0,12544,0,1628
217,-24,34,14847,18688,-27650,0,12544,0,1628
251,-38,20,15359,19712,-27138,0,32256,0,1629
267,-92,20,13567,22016,-31234,0,-24320,0,1629
256,-108,17,13567,22016,-31234,0,-12288,0,1627
230,-109,45,13311,19968,-30978,0,25856,0,1629
227,-7,64,11007,23296,-31234,0,-10497,0,1627
244,-56,-4,11007,23296,-31234,0,-20737,0,1629
278,-58,2,12287,25088,-31746,0,-30721,0,1629
298,-49,27,11519,26112,-30466,0,3584,0,1628
235,-50,51,11007,25856,-31234,0,9216,0,1628
245,-49,38,11007,25856,-31234,0,-4865,0,1628
239,-45,14,11775,26368,-26370,0,-18945,0,1629
300,-17,4,11007,26112,32254,0,-10497,0,1629
272,-31,-16,11007,26112,32254,0,-4097,0,1629
276,-16,0,10751,25344,-28930,0,21248,0,1629
217,13,12,12031,27904,-25602,0,14080,0,1628
232,10,3,12031,27904,-25602,0,15360,0,1628
238,-7,-7,11007,26624,-30466,0,12032,0,1631
246,-80,-13,10495,25600,-31746,0,29696,0,1629
186,-108,2,10495,25600,-31746,0,-32000,0,1629
231,-97,5,11519,28160,-26626,0,7936,0,1629
257,-69,32,9215,29440,-29954,0,23039,0,1627
282,-64,23,9215,29440,-29954,0,30463,0,1628
265,-77,-14,9215,29440,-29954,0,24575,0,1628
278,-29,-20,8959,27136,-32514,0,28415,0,1628
289,1,1,11007,29440,-30722,0,8447,0,1629
265,28,18,11007,29440,-30722,0,17663,0,1627
280,21,13,11007,30976,-26114,0,-20993,0,1629
219,1,-5,12287,29440,-32514,0,-11265,0,1628
249,6,-4,12287,29440,-32514,0,4096,0,1628
253,-6,14,9727,30464,-30466,0,17152,0,1629
239,-6,17,9215,29184,32254,0,-32512,0,1628
238,-58,24,9215,29184,32254,0,-27904,0,1628
237,-64,33,9727,30464,-32258,0,16384,0,1629
220,-60,31,8703,30720,-29954,0,-6145,0,1627
254,-57,-5,8703,30720,-29954,0,-6657,0,1629
270,-79,-28,10751,31232,-24834,0,-9729,0,1628
267,-68,2,9727,31232,-27906,0,-9729,0,1628
273,-7,37,9727,31232,-27906,0,-9985,0,1628
288,37,75,9471,31232,31998,0,-15873,0,1628
253,7,33,10495,31744,-29442,0,1792,0,1629
245,-1,-8,10495,31744,-29442,0,10496,0,1628
265,0,-33,12287,31232,-26370,0,2560,0,1629
273,-1,-17,11519,29952,-30466,0,23296,0,1628
251,-52,11,11519,29952,-30466,0,-25600,0,1628
213,-71,27,10495,30720,32510,0,-30720,0,1628
181,-64,32,9727,-32512,-26626,0,7936,0,1628
240,-59,32,9727,-32512,-26626,0,-6145,0,1629
259,-80,36,9727,-32512,-26626,0,6656,0,1629
261,-92,2,6911,32000,-30978,0,4608,0,1628
241,-63,-1,6911,32000,-30978,0,-19713,0,1629
