398,9,56,15359,28416,-20226,0,2304,0,1626
398,9,48,15359,28416,-20226,0,10496,0,1626
385,-29,-3,13055,27904,-27650,0,25600,0,1628
375,-95,-20,13055,27904,-27650,0,-15361,0,1629
387,-78,-25,13055,27904,-27650,0,-29697,0,1628
391,-33,-42,12287,28160,-25602,0,-13057,0,1627
281,6,-18,13823,27392,-26114,0,-31745,0,1628
238,23,9,13823,27392,-26114,0,-8193,0,1629
167,15,39,13823,27648,-25858,0,-3073,0,1627
155,34,36,16639,28928,-26370,0,16640,0,1629
136,48,18,16639,28928,-26370,0,32512,0,1628
162,36,25,19199,28672,-26626,0,-29696,0,1629
199,3,11,18175,25856,-23554,0,21760,0,1628
207,-3,50,18175,25856,-23554,0,-5633,0,1627
254,-55,31,15871,26112,-28418,0,-7169,0,1627
368,-129,-15,12287,24832,-28674,0,-9217,0,1630
317,-170,-63,10751,25600,-26882,0,-9217,0,1628
353,-93,-54,10751,25600,-26882,0,-32513,0,1629
270,38,-31,12543,28160,-23554,0,18687,0,1627
235,87,-26,13567,28672,-26114,0,25855,0,1629
200,61,-37,13567,28672,-26114,0,20735,0,1628
236,13,-46,17151,29184,-24322,0,1280,0,1628
184,29,-8,17407,26368,-20994,0,6144,0,1629
76,89,-79,17407,26368,-20994,0,18432,0,1628
133,6,2,17407,26368,-20994,0,27391,0,1629
318,-3,40,16127,25856,-28674,0,32000,0,1628
223,-49,20,16127,25856,-28674,0,17152,0,1628
262,-74,-51,16127,25856,-28674,0,23551,0,1626
347,-90,-45,12543,27136,-23810,0,31231,0,1631
341,-74,-51,12031,26880,-24834,0,32512,0,1627
248,-51,6,12031,26880,-24834,0,-1537,0,1628
214,22,7,14591,28160,-23554,0,-13058,0,1629
296,68,4,16383,26368,-22274,0,27135,0,1627
210,45,22,16383,26368,-22274,0,-11777,0,1628
203,27,-20,17407,27648,-20738,0,15616,0,1628
208,10,0,18431,26880,-23042,0,-11009,0,1631
250,18,7,18431,26880,-23042,0,1792,0,1628
292,18,9,17663,26624,-24578,0,-7680,0,1628
203,-31,-28,18687,25088,-22274,0,-4096,0,1629
286,-19,-34,18687,25088,-22274,0,6656,0,1628
250,-14,14,16639,25600,-22786,0,11264,0,1629
263,-40,-37,15359,25600,-24066,0,17408,0,1628
172,-58,-26,14591,24576,-25858,0,-12289,0,1628
298,-91,-47,14591,24576,-25858,0,-23809,0,1628
259,-39,-23,14847,25344,-20994,0,-9985,0,1627
205,-31,-7,14591,26112,-20482,0,3072,0,1628
300,6,22,14591,26112,-20482,0,-1281,0,1629
262,50,49,15103,26112,-23298,0,-14593,0,1628
235,17,-5,14847,27136,-23810,0,13824,0,1629
222,-2,-10,14847,27136,-23810,0,17152,0,1628
309,-13,-32,16639,26880,-24578,0,17664,0,1627
240,-20,1,16127,24832,-24578,0,4096,0,1628
221,-54,-38,13823,25088,-26626,0,21248,0,1628
216,-83,7,13823,25088,-26626,0,-4353,0,1628
242,-53,40,14079,27136,-25858,0,-13569,0,1628
244,-61,44,13823,27136,-24834,0,512,0,1628
273,-21,6,13823,27136,-24834,0,15360,0,1628
327,-17,4,15103,27136,-23042,0,31488,0,1628
248,-17,-6,13311,26880,-26370,0,3840,0,1628
283,11,30,13311,26880,-26370,0,-32257,0,1629
200,-4,48,14335,27392,-25090,0,-30721,0,1628
253,-48,26,12287,27392,-27906,0,17152,0,1626
220,-80,9,12287,27392,-27906,0,-17409,0,1628
316,-81,-6,12287,26624,-27906,0,-23297,0,1630
243,-27,19,13823,28672,-21506,0,-4865,0,1628
293,4,21,13311,28160,-26370,0,22016,0,1628
194,11,16,13311,28160,-26370,0,-4609,0,1629
282,24,-31,13823,29696,-28418,0,-6913,0,1629
265,30,2,14591,27904,-28418,0,6656,0,1628
280,0,-24,14591,27904,-28418,0,-19456,0,1629
241,-11,20,14335,30976,-22018,0,26368,0,1628
263,-26,37,13055,29184,-25858,0,7936,0,1630
199,-46,16,13055,29184,-25858,0,-2817,0,1629
252,-92,1,13311,29440,-26882,0,-19713,0,1628
267,-82,21,12799,28928,-27394,0,-16385,0,1629
242,-95,4,12799,28928,-27394,0,-28673,0,1629
262,-44,-7,12287,30976,-23042,0,-13569,0,1627
226,-25,7,12031,30720,-27138,0,13823,0,1631
265,26,-11,13567,30464,-26114,0,29439,0,1628
360,61,41,13567,30464,-26114,0,-19713,0,1629
256,22,-36,13823,30464,-25858,0,7936,0,1629
264,14,-44,15871,31744,-20994,0,32512,0,1629
219,30,-13,15871,31744,-20994,0,13312,0,1628
265,43,51,14847,29952,-26626,0,32512,0,1628
186,-12,-12,15359,28928,-26370,0,-4608,0,1628
186,-22,-9,15359,28928,-26370,0,20992,0,1628
193,-75,-38,12543,29440,-28930,0,-4865,0,1628
293,-141,-18,10239,28672,-25858,0,-8450,0,1629
322,-107,34,9215,30976,-24834,0,27648,0,1627
303,-41,24,9215,30976,-24834,0,11008,0,1628
317,27,25,11775,32256,-26882,0,23295,0,1627
277,77,39,12287,32256,-26626,0,15103,0,1628
221,87,7,12287,32256,-26626,0,22015,0,1629
251,56,21,14847,32000,-29442,0,29183,0,1629
228,10,17,14591,31232,-25858,0,22784,0,1629
228,-18,25,14591,31232,-25858,0,15360,0,1629
220,-33,52,13055,30976,-28674,0,5120,0,1627
243,-3,49,13055,28672,-29698,0,5888,0,1627
202,-15,42,13055,28672,-29698,0,12800,0,1628
265,-64,22,11519,30720,-28674,0,-25344,0,1630
320,-71,3,9983,30720,-28930,0,22528,0,1629
404,-29,23,9983,30720,-28930,0,-24320,0,1628
300,14,19,12031,29696,-29442,0,-19712,0,1628
279,31,-15,13055,29952,-23298,0,-3841,0,1629
147,17,18,13055,29952,-23298,0,13567,0,1627
233,-13,-11,13055,29952,-23298,0,19967,0,1627
218,-65,-5,10751,27648,-28162,0,-30465,0,1629
289,-107,-12,11263,28672,-29186,0,-26881,0,1629
193,-78,37,11263,28672,-29186,0,-30208,0,1629
268,-13,66,11007,30208,-30210,0,-27393,0,1627
258,57,71,11775,30464,-31746,0,-14337,0,1627
284,29,0,11775,30464,-31746,0,15616,0,1629
317,56,0,13055,30208,-31490,0,0,0,1628
283,40,-23,13823,29184,-31234,0,28160,0,1628
216,21,30,13823,29184,-31234,0,-7425,0,1627
262,-19,27,15615,29440,-32514,0,-4609,0,1628
279,-29,13,14591,31488,-30722,0,-32000,0,1627
282,-70,-7,12031,30976,-27650,0,-9728,0,1628
225,-109,2,12031,30976,-27650,0,14080,0,1627
222,-90,19,10751,29440,-30978,0,26623,0,1630
282,-33,62,11007,30720,-30722,0,26367,0,1629
244,-14,22,11007,30720,-30722,0,11008,0,1629
206,-35,2,12031,30208,-26626,0,-27393,0,1628
257,3,-7,12287,29440,-32002,0,-22017,0,1628
235,36,26,12287,29440,-32002,0,-1794,0,1628
263,30,8,14591,29440,-29442,0,-26625,0,1628
328,-8,0,16127,32000,-24066,0,-9473,0,1628
379,-19,-20,16127,32000,-24066,0,-19968,0,1631
306,12,23,15615,30976,-27394,0,-7168,0,1629
226,34,41,13823,31744,-31234,0,-32000,0,1630
185,28,9,14079,30208,-31490,0,7168,0,1629
131,6,7,14079,30208,-31490,0,-4353,0,1629
183,-37,-14,14079,32512,-25090,0,-21761,0,1628
231,-107,-44,11519,32512,-23810,0,-24577,0,1627
259,-119,-47,11519,32512,-23810,0,-7681,0,1629
250,-99,31,9727,-30720,-27650,0,-29184,0,1629
254,-34,35,10239,-30208,-26370,0,-2561,0,1628
236,30,44,10239,-30208,-26370,0,20991,0,1628
288,29,-31,10239,-30208,-26370,0,-1025,0,1628
236,35,-30,12031,-30976,-28162,0,11264,0,1629
268,55,-48,13567,-32000,-25858,0,23296,0,1629
266,53,-6,13567,-32000,-25858,0,-6913,0,1629
359,22,25,14847,31488,-29186,0,7680,0,1628
297,-29,4,13311,31744,-26114,0,-9729,0,1627
360,-79,52,13311,31744,-26114,0,17151,0,1628
267,-161,-23,9983,32512,-28418,0,-20224,0,1631
177,-107,-6,8703,-32512,-27394,0,-26112,0,1628
104,-58,7,8703,-32512,-27394,0,-3841,0,1629
172,26,2,8703,-32512,-27394,0,3327,0,1628
156,78,26,13055,-32256,-27906,0,-20482,0,1628
153,47,-19,13311,31744,-25090,0,15102,0,1628
289,-3,-40,13311,31744,-25090,0,-29954,0,1630
374,-59,-28,12543,-32000,-22786,0,2561,0,1627
338,-65,-36,12799,30208,-25346,0,-30206,0,1627
257,45,40,12799,30208,-25346,0,4097,0,1629
271,149,50,15871,29440,-28418,0,-29954,0,1629
222,69,3,16895,29696,-30978,0,25087,0,1629
511,-98,55,16895,29696,-30978,0,27136,0,1628
451,-78,-76,16639,28672,-26626,0,4353,0,1629
287,-218,-119,11263,28160,-26882,0,21762,0,1628
143,-132,-13,8703,30208,-26882,0,1283,0,1629
80,-137,6,8703,30208,-26882,0,-4095,0,1627
110,-100,-8,7935,-32000,-21762,0,10240,0,1628
88,86,66,6911,-32512,-27138,0,12029,0,1631
109,99,58,6911,-32512,-27138,0,-19717,0,1627
345,-24,-47,8447,-31232,-26370,0,510,0,1629
284,-43,-66,7679,31488,-30466,0,1536,0,1629
332,11,53,7679,31488,-30466,0,26367,0,1629
304,-27,82,9215,-31488,-26626,0,-21248,0,1629
389,2,44,8959,-32000,32510,0,-11521,0,1628
338,-19,-68,8959,-32000,32510,0,-13825,0,1627
333,-22,-108,11775,-32768,-25858,0,-31232,0,1628
281,-21,-101,12287,30464,-25858,0,5632,0,1629
235,-14,33,11007,32000,-27650,0,8704,0,1628
144,-13,83,11007,32000,-27650,0,0,0,1628
133,-3,67,11263,-32512,-30722,0,31487,0,1629
159,-9,27,12287,32256,-24322,0,-15873,0,1628
219,-40,-23,12287,32256,-24322,0,12800,0,1628
240,-54,-49,10751,32256,-27394,0,-32256,0,1628
250,-46,-66,11007,30464,-26370,0,16128,0,1630
241,-15,5,11007,30464,-26370,0,5375,0,1628
354,4,53,11007,30464,-26370,0,31743,0,1629
219,-48,-15,9983,31744,-28162,0,-7937,0,1629
277,-44,-67,9983,31744,-28162,0,8192,0,1628
308,-22,-71,9983,31744,-28162,0,-9473,0,1628
287,17,-42,11263,30976,-23298,0,-5633,0,1629
223,15,-26,12031,30976,-24834,0,3840,0,1628
209,6,6,12031,30976,-24834,0,-14593,0,1628
221,-21,36,13567,31488,-24322,0,12288,0,1628
270,-14,14,10495,-31744,-28162,0,24576,0,1628
215,-35,2,10495,-31744,-28162,0,3584,0,1627
253,-57,-37,12031,30976,-29698,0,17152,0,1629
229,-34,-8,11775,30720,-28162,0,-25857,0,1629
303,-10,-8,11775,30720,-28162,0,768,0,1629
179,-33,-19,11519,32000,-23042,0,-19969,0,1629
282,-31,-36,11519,31488,-25602,0,-18433,0,1626
224,-27,18,9215,30976,-30466,0,32255,0,1627
307,-6,-3,9215,30976,-30466,0,-1025,0,1630
241,2,7,11263,-31488,-25090,0,-5889,0,1629
284,-5,-32,14591,-32000,-19970,0,1536,0,1628
255,14,-7,14591,-32000,-19970,0,11008,0,1628
264,10,7,12543,31488,-25602,0,2304,0,1629
235,21,16,13311,31744,-21250,0,3584,0,1628
234,9,-18,13311,31744,-21250,0,12032,0,1628
261,2,-21,14335,30208,-23554,0,13824,0,1627
220,-31,-7,14591,30208,-22274,0,13824,0,1628
252,-37,31,14591,30208,-22274,0,-1025,0,1627
256,-54,32,13055,31232,-24834,0,-12801,0,1629
319,-56,30,12543,32000,-23554,0,4863,0,1629
255,-67,2,12543,32000,-23554,0,28671,0,1629
358,-33,-35,11519,32256,-25090,0,24832,0,1628
156,-11,13,13055,31232,-24834,0,8448,0,1628
219,16,-33,14079,30464,-26882,0,-1537,0,1628
170,60,-1,14079,30464,-26882,0,-14849,0,1629
227,73,6,16895,31488,-23554,0,-26881,0,1628
193,22,-9,16383,28672,-24066,0,-14337,0,1628
198,-11,-21,16383,28672,-24066,0,-22529,0,1629
314,-66,-59,14591,28160,-26882,0,11264,0,1629
298,-79,-41,13823,28416,-24578,0,-31744,0,1628
337,-63,-80,13823,28416,-24578,0,-31744,0,1628
229,0,-4,13823,28416,-24578,0,-13569,0,1628
346,25,17,13567,28928,-25346,0,-21505,0,1628
119,17,35,15359,31488,-22274,0,7935,0,1628
153,16,19,15359,31488,-22274,0,-12802,0,1629
214,-16,52,14847,31488,-23810,0,-24321,0,1628
276,-52,-61,14079,30464,-20482,0,21760,0,1630
314,-74,-107,14079,30464,-20482,0,-9216,0,1628
267,23,-60,14079,29696,-24834,0,24064,0,1628
251,88,64,14079,29696,-27906,0,27135,0,1628
217,66,15,14079,29696,-27906,0,5632,0,1629
185,9,-17,14079,29696,-27906,0,24575,0,1627
331,-20,-64,14079,28928,-24322,0,0,0,1628
377,-79,-157,14079,28928,-24322,0,16128,0,1627
191,-89,-47,14079,28928,-24322,0,-27648,0,1629
147,-76,18,11519,30208,-22274,0,-2305,0,1628
273,-12,82,13311,31232,-22018,0,-32514,0,1628
259,9,14,13311,31232,-22018,0,-4096,0,1628
267,47,-23,13055,29440,-26370,0,3840,0,1628
196,56,-86,14335,26368,-26114,0,8448,0,1629
245,26,-72,14335,26368,-26114,0,25343,0,1628
346,-13,53,14079,25344,-22786,0,3073,0,1628
132,-88,25,13311,26368,-24578,0,-23808,0,1628
243,-142,-19,13311,26368,-24578,0,8704,0,1629
221,-101,11,12543,26112,-25602,0,-20737,0,1629
333,-19,64,10239,30720,-24578,0,19199,0,1627
315,-19,39,11007,31744,-19458,0,13056,0,1628
179,-59,38,11007,31744,-19458,0,-12801,0,1628
272,-1,8,11519,32000,-22530,0,-16897,0,1627
342,63,104,9983,30208,-26114,0,7167,0,1629
251,36,22,9983,30208,-26114,0,-8961,0,1628
255,-10,-24,13823,29440,-25858,0,17920,0,1629
236,-4,7,15615,32256,-21250,0,-16641,0,1629
223,16,27,15615,32256,-21250,0,-12289,0,1627
249,20,54,16127,31744,-24066,0,-11521,0,1629
247,-27,-9,12543,30976,-24066,0,7168,0,1628
330,-57,-9,12543,30976,-24066,0,-257,0,1629
195,-27,-16,12031,31744,-24834,0,25088,0,1629
207,14,34,12031,31744,-27906,0,-258,0,1628
262,20,26,13567,-32512,-23042,0,-4609,0,1628
262,-4,-1,13567,-32512,-23042,0,-1025,0,1628
299,-12,-46,14079,30720,-26626,0,-8960,0,1628
357,26,-29,13823,31232,-24578,0,-14336,0,1629
195,47,35,13823,31232,-24578,0,32000,0,1628
293,43,56,13823,28672,-25858,0,-769,0,1628
167,-11,48,13567,29952,-26882,0,23295,0,1630
247,-42,-63,13567,29952,-26882,0,13568,0,1628
241,-123,-79,11519,29952,-24834,0,2560,0,1628
214,-122,-82,10495,31488,-23298,0,22528,0,1627
197,-41,0,11007,32000,-22530,0,26623,0,1629
247,30,37,11007,32000,-22530,0,-13313,0,1629
298,32,-3,11775,30720,-25346,0,4864,0,1628
292,58,9,12543,30464,-28162,0,-5889,0,1628
256,72,-22,12543,30464,-28162,0,16896,0,1629
274,39,9,13823,28928,-28162,0,1792,0,1627
232,-22,-2,15615,28160,-26882,0,-12801,0,1628
226,-46,-13,15615,28160,-26882,0,-15873,0,1627
271,-93,-26,12799,28928,-25858,0,19456,0,1627
282,-113,-8,13311,31744,-20738,0,22528,0,1626
220,-103,46,13311,31744,-20738,0,9728,0,1628
287,11,64,10495,31488,-23042,0,-14849,0,1629
323,48,63,9727,32256,-24578,0,15104,0,1629
249,46,-7,14591,30976,-26370,0,30720,0,1629
212,48,3,14591,30976,-26370,0,26624,0,1629
212,33,5,14591,29696,-27394,0,-3585,0,1628
177,21,19,15615,28672,-24322,0,-16129,0,1628
211,-19,-14,15615,28672,-24322,0,27391,0,1629
348,-72,-8,12543,29184,-26370,0,-21761,0,1629
284,-157,2,11263,30208,-23298,0,-2049,0,1628
252,-134,12,11263,30208,-23298,0,-24064,0,1628
325,-51,33,10751,30464,-25346,0,18687,0,1628
313,83,75,11263,-32768,-26370,0,-12289,0,1627
272,57,-33,13567,32000,-25090,0,10240,0,1627
213,62,-12,13567,32000,-25090,0,-17665,0,1628
240,40,-30,13823,30976,-27394,0,14080,0,1629
200,22,7,13567,28160,-23810,0,1792,0,1627
197,-12,-2,13567,28160,-23810,0,23552,0,1626
180,-23,7,12543,28416,-28418,0,11776,0,1628
259,-91,-21,13823,28672,-27906,0,20224,0,1628
265,-133,-33,13823,28672,-27906,0,-15617,0,1627
305,-110,16,11519,29696,-24834,0,-12545,0,1629
316,-5,9,11519,30464,-26626,0,-9985,0,1629
312,20,12,11519,29440,-24834,0,-15361,0,1627
244,3,9,12287,29440,-24834,0,25855,0,1629
245,29,17,13567,30976,-26626,0,-13825,0,1628
247,29,11,14847,30208,-25858,0,-2817,0,1628
196,7,-12,14847,30208,-25858,0,9472,0,1628
252,-23,-27,13311,29184,-26882,0,10496,0,1630
202,-35,43,13311,30208,-27394,0,14080,0,1628
262,-31,60,13311,30208,-27394,0,25600,0,1629
230,-84,40,14079,30976,-21506,0,3328,0,1628
283,-116,-3,11775,29184,-23554,0,32256,0,1627
317,-81,-34,11775,29184,-23554,0,-7424,0,1628
266,-13,-29,10751,27904,-27906,0,-3329,0,1628
222,34,36,13823,29440,-24322,0,-16898,0,1629
252,19,28,13055,29696,-25602,0,29695,0,1628
226,-30,-19,13055,29696,-25602,0,-13057,0,1627
218,-88,-28,12031,30720,-26370,0,4096,0,1627
280,-84,-75,12031,28160,-26114,0,-11009,0,1628
276,-21,-24,12031,28160,-26114,0,-8193,0,1629
266,8,14,13567,29440,-22786,0,4352,0,1629
204,3,12,14079,29184,-29698,0,-769,0,1630
293,-2,11,14079,29184,-29698,0,1792,0,1629
224,-11,-8,12799,30208,-28674,0,-30976,0,1629
283,-23,-40,13823,30976,-25602,0,15360,0,1628
217,-8,-5,13823,30976,-25602,0,768,0,1628
235,-62,-21,13823,30976,-25602,0,-18177,0,1628
192,-101,18,11263,32000,-27394,0,-31745,0,1629
216,-98,-7,9983,31744,-24322,0,-21249,0,1630
186,-103,20,9983,31744,-24322,0,-1282,0,1628
211,-73,3,10239,-31488,-22786,0,-12546,0,1628
350,-23,-8,9727,-31488,-24066,0,21503,0,1627
305,-33,-21,9727,-31488,-24066,0,-14337,0,1628
264,9,-22,11007,-30720,-23810,0,-22785,0,1628
417,53,-26,12287,-31744,-24066,0,8448,0,1628
286,74,21,15103,31488,-23298,0,6912,0,1629
289,60,-55,15103,31488,-23298,0,24064,0,1630
261,54,-9,15871,-32512,-25602,0,-257,0,1628
266,30,-7,16639,-32768,-27650,0,-25088,0,1627
183,32,17,16639,-32768,-27650,0,32000,0,1627
128,20,5,16127,30976,-26882,0,3584,0,1628
122,-20,-4,15359,30976,-27906,0,16895,0,1629
154,-34,-31,15359,30976,-27906,0,32254,0,1629
291,-17,-87,14079,29952,-24578,0,8191,0,1630
311,-34,-122,12031,29696,-26114,0,6400,0,1627
365,20,-51,12031,29696,-26114,0,-25856,0,1627
362,122,33,12799,31744,-25090,0,7168,0,1628
252,156,86,17407,30976,-27650,0,-9985,0,1628
342,105,23,19455,30208,-25090,0,4864,0,1629
240,52,11,19455,30208,-25090,0,19200,0,1629
204,24,14,19455,28416,-27650,0,-5121,0,1627
264,7,13,16639,27392,-25090,0,12800,0,1628
185,-32,-12,16639,27392,-25090,0,6401,0,1628
178,-81,-5,13823,28672,-26114,0,13057,0,1628
182,-115,-22,11519,30720,-24834,0,-8704,0,1629
220,-109,29,11519,30720,-24834,0,27903,0,1627
229,-87,58,9727,32512,-26114,0,-26113,0,1628
281,-38,39,8703,29952,-28418,0,-23553,0,1628
265,-111,0,8703,29952,-28418,0,30975,0,1631
327,-64,-59,9471,30720,-28162,0,-11009,0,1628
275,7,-7,9983,31488,-25346,0,23295,0,1629
282,2,16,11775,31744,-27138,0,23295,0,1629
289,5,17,11775,31744,-27138,0,3584,0,1628
215,4,42,12287,-32768,-27650,0,-3329,0,1629
241,10,25,12799,-32512,-28418,0,-15617,0,1629
247,35,49,12799,-32512,-28418,0,14591,0,1628
220,-15,0,13055,32512,-23554,0,-1793,0,1628
282,-33,-19,12287,32000,-26882,0,19456,0,1631
207,-49,-22,12287,32000,-26882,0,23296,0,1628
290,-21,-7,11263,32512,-27138,0,-11521,0,1627
191,4,-10,13311,31488,-25858,0,-21761,0,1627
301,12,-47,13311,31488,-25858,0,256,0,1628
236,12,-71,14079,30208,-21506,0,29440,0,1628
216,9,-46,13567,27136,-25346,0,6912,0,1628
279,3,-30,13567,27136,-25346,0,-29697,0,1628
240,17,34,13567,28928,-26626,0,-6657,0,1628
258,-26,-9,13823,31488,-28930,0,-7681,0,1628
209,-73,-7,15359,-32256,-19714,0,-4865,0,1627
299,-54,-22,15359,-32256,-19714,0,-11265,0,1628
286,5,-3,11519,30720,-25602,0,28415,0,1628
202,9,-26,13311,30208,-25090,0,13567,0,1628
361,43,-7,13311,30208,-25090,0,-18433,0,1629
237,25,-10,14847,29184,-26114,0,-2561,0,1628
254,61,-10,15103,29184,-25346,0,-11777,0,1629
195,106,2,15103,29184,-25346,0,8191,0,1629
228,65,-12,15103,29184,-25346,0,-22017,0,1629
268,24,-29,18175,26880,-27906,0,16384,0,1629
256,21,-27,18943,26880,-21506,0,-25600,0,1627
207,6,-40,18943,26880,-21506,0,18688,0,1628
179,5,-23,16383,26880,-26626,0,-17665,0,1627
305,-13,17,15359,26880,-24066,0,-15617,0,1629
310,-21,-28,15359,26880,-24066,0,21760,0,1626
293,-18,-33,16639,25600,-24834,0,19200,0,1628
306,41,11,16895,26112,-26370,0,28159,0,1629
218,53,13,16895,26112,-26370,0,-4097,0,1628
188,41,30,17151,24832,-26114,0,19711,0,1629
206,28,2,18687,22784,-25090,0,-21505,0,1628
267,25,-46,18687,22784,-25090,0,-11521,0,1628
173,34,-25,18687,22784,-25090,0,2816,0,1628
274,8,-17,17663,21760,-26370,0,-13057,0,1627
240,11,16,16895,23808,-26370,0,-512,0,1629
272,-10,-32,16895,23808,-26370,0,-15872,0,1629
303,20,-15,18431,23296,-22018,0,10240,0,1630
282,19,11,17663,21504,-24322,0,-19200,0,1629
237,-13,5,17663,21504,-24322,0,22016,0,1628
222,-42,37,17919,22784,-23554,0,3840,0,1628
283,-88,-26,17151,22528,-26626,0,-31488,0,1627
303,-117,4,17151,22528,-26626,0,-4097,0,1629
205,-134,11,17151,22528,-26626,0,-13568,0,1627
293,-89,43,13823,25088,-28162,0,18431,0,1629
217,-9,90,13567,25600,-27138,0,15616,0,1628
240,7,51,13567,25600,-27138,0,-28416,0,1628
199,18,40,17663,25600,-21762,0,-15361,0,1629
218,0,-23,15871,24576,-25602,0,1280,0,1629
248,-23,-34,15871,24576,-25602,0,-22529,0,1628
200,-81,-6,16383,23808,-27138,0,-19969,0,1628
327,-104,-41,15615,24832,-24322,0,4352,0,1629
263,-143,24,15615,24832,-24322,0,-4097,0,1628
250,-83,-23,15615,24832,-24322,0,-11264,0,1631
347,-7,38,14335,25088,-28418,0,-20225,0,1628
228,12,21,16127,26880,-24834,0,-3585,0,1628
228,21,-21,16127,26880,-24834,0,-5377,0,1628
278,27,-14,16895,25600,-24322,0,16896,0,1628
185,-20,-30,16127,24576,-24834,0,7424,0,1628
292,-82,-48,16127,24576,-24834,0,2560,0,1630
182,-107,38,14591,28160,-24578,0,-8449,0,1629
279,-113,-25,13055,27648,-25602,0,-16128,0,1629
353,-112,-2,14591,28160,-22786,0,-28928,0,1630
194,-55,15,14591,28160,-22786,0,-20224,0,1627
228,-9,-25,13311,26880,-29698,0,21248,0,1629
170,28,10,13567,26368,-30466,0,-14593,0,1629
221,29,-10,13567,26368,-30466,0,-17153,0,1628
147,-20,-19,13823,26880,-29442,0,14335,0,1627
391,-116,-97,15871,28160,-20738,0,-8449,0,1627
252,-153,-92,11775,29952,-26370,0,23296,0,1628
278,-118,-48,11775,29952,-26370,0,-26368,0,1629
219,-12,47,11263,28928,-25346,0,-18434,0,1628
334,55,51,12287,32512,-25090,0,-22785,0,1628
308,52,16,12287,32512,-25090,0,-6913,0,1628
257,24,-51,13823,28672,-27394,0,26368,0,1629
181,17,-1,15103,28160,-28418,0,13568,0,1629
152,-13,7,15103,28160,-28418,0,-3841,0,1629
234,-22,6,15103,28160,-28418,0,-22528,0,1629
184,-58,17,12799,28160,-29954,0,-4353,0,1628
276,-94,-54,11263,30208,-26114,0,-13056,0,1627
214,-121,-98,11263,30208,-26114,0,-19457,0,1627
324,-34,-2,12031,31488,-24322,0,-25857,0,1628
253,11,-6,13823,32512,-23554,0,16384,0,1629
244,24,41,13823,32512,-23554,0,17663,0,1629
264,27,-3,14335,32256,-20226,0,-15617,0,1627
348,3,-1,13311,29696,-25346,0,-12289,0,1628
202,-35,25,13311,29696,-25346,0,-1025,0,1631
285,-42,-2,13311,29696,-25346,0,-5377,0,1629
170,-55,37,14847,30464,-22786,0,-24833,0,1629
319,-65,7,12287,30976,-23042,0,-22272,0,1628
215,-14,77,12287,30976,-23042,0,19456,0,1627
175,-14,16,11519,30464,-28162,0,13312,0,1627
212,17,59,13823,29952,-25346,0,-29185,0,1630
293,-7,-44,13823,29952,-25346,0,8960,0,1629
282,-28,-41,12799,30976,-25602,0,25088,0,1628
252,-37,-26,14847,31488,-22530,0,-25089,0,1628
244,-57,70,14847,31488,-22530,0,29695,0,1629
215,-49,60,12287,31744,-28418,0,-22017,0,1627
271,-50,24,14079,32256,-20738,0,-22785,0,1627
287,-57,-30,12799,28672,-27650,0,-22529,0,1628
204,1,-35,12799,28672,-27650,0,-23553,0,1628
318,50,15,15103,29440,-23042,0,-29697,0,1628
268,48,40,15871,29952,-25858,0,-5633,0,1628
197,18,-39,15871,29952,-25858,0,-6145,0,1628
226,15,-21,16127,26880,-27906,0,-12801,0,1629
277,25,-67,15359,28160,-27906,0,-27136,0,1628
197,-13,-57,15615,27648,-27394,0,-26112,0,1629
279,-51,-43,15615,27648,-27394,0,11264,0,1628
280,-74,-8,13055,29952,-27138,0,25088,0,1627
233,-86,7,13823,29952,-20226,0,24832,0,1628
210,-88,23,13823,29952,-20226,0,5376,0,1628
254,-35,38,12543,28928,-28418,0,30719,0,1628
196,-19,-17,13567,28928,-27394,0,-1025,0,1627
275,-14,-36,13567,28928,-27394,0,-31745,0,1629
203,-11,-37,12287,27904,-25346,0,-6657,0,1627
320,-4,-23,13823,30208,-25090,0,-11265,0,1629
300,12,16,14335,28672,-25090,0,15872,0,1629
257,2,15,14335,28672,-25090,0,29696,0,1629
234,5,8,14335,31744,-25602,0,11776,0,1628
246,-10,33,14079,29440,-25858,0,-13057,0,1629
252,-57,-5,14079,29440,-25858,0,25600,0,1627
159,-62,15,15359,30976,-22530,0,-26625,0,1628
209,-74,25,12543,31232,-26882,0,-4866,0,1629
238,-52,79,12543,31232,-26882,0,-1795,0,1629
369,-59,90,14079,32000,-20738,0,7423,0,1628
393,-37,5,11775,-31744,-23810,0,31232,0,1629
326,9,-8,11775,-31744,-23810,0,9984,0,1627
271,80,-7,14335,31488,-26626,0,-14593,0,1626
258,127,67,16895,32000,-25346,0,30719,0,1628
207,73,35,19711,29696,-25090,0,-1,0,1628
156,11,43,19711,29696,-25090,0,-6145,0,1627
226,-19,-2,15871,28160,-27906,0,-17664,0,1628
238,-40,41,15871,29696,-29698,0,-32512,0,1628
280,-59,48,15871,29696,-29698,0,18176,0,1629
283,-95,-3,15103,30976,-29186,0,25088,0,1628
263,-89,-16,12799,30464,-31746,0,23552,0,1628
142,-40,13,12799,30464,-31746,0,-21248,0,1628
177,-44,39,15103,31488,-25858,0,30718,0,1629
482,75,128,15103,30464,-27650,0,-28161,0,1629
213,-12,7,17407,31488,-23042,0,-5377,0,1627
511,-61,-37,17407,31488,-23042,0,-21760,0,1628
427,-15,171,16895,-32256,-25346,0,1792,0,1628
241,1,96,16127,-32512,-28674,0,7936,0,1628
186,24,102,16127,-32512,-28674,0,30464,0,1629
181,-32,-7,17151,32000,-28162,0,26624,0,1629
145,-26,-11,13567,28416,-29186,0,17408,0,1628
100,-50,-20,13567,28416,-29186,0,9984,0,1628
59,-51,2,14591,30976,-30466,0,20480,0,1628
110,-77,7,12287,31744,-30466,0,-25090,0,1628
496,-35,8,12287,31744,-30466,0,3582,0,1629
307,-125,-4,12799,32256,-26370,0,26624,0,1629
325,-53,-4,11519,32256,-31490,0,-7681,0,1629
446,65,58,15103,-32768,-25090,0,26367,0,1628
290,55,57,15103,-32768,-25090,0,-29185,0,1628
300,32,-18,16127,32256,-28930,0,16383,0,1628
389,33,-38,18431,30976,-21250,0,5888,0,1629
264,14,-1,18431,30976,-21250,0,-28416,0,1629
216,-16,20,16383,28672,-27138,0,-12544,0,1628
170,-39,106,15615,-32000,-23810,0,7936,0,1629
134,-50,66,15615,-32000,-23810,0,19200,0,1627
178,-41,92,15615,-32000,-23810,0,1792,0,1631
215,-46,39,11775,31744,-28418,0,-7681,0,1629
225,-64,-22,11007,32000,-29954,0,-19457,0,1629
235,-59,-77,11007,32000,-29954,0,-9729,0,1629
259,-20,-58,12031,32000,-23298,0,-7169,0,1628
285,4,-47,12031,30976,-26114,0,-17409,0,1628
245,14,-77,12031,30976,-26114,0,-27905,0,1628
334,17,-101,13823,28928,-27906,0,-16641,0,1629
306,11,-86,14335,29440,-27138,0,3840,0,1627
221,23,-50,15103,28416,-27138,0,31488,0,1627
246,6,-16,15103,28416,-27138,0,26624,0,1627
243,-9,-45,15103,27904,-26114,0,-12545,0,1628
243,-21,-53,13055,26880,-27394,0,512,0,1629
255,-70,-90,13055,26880,-27394,0,-31488,0,1629
224,-74,-82,12543,28416,-26626,0,-9984,0,1628
189,-15,-4,14591,28672,-25346,0,-26369,0,1628
236,36,40,14591,28672,-25346,0,-29440,0,1629
197,19,-14,14591,28672,-25346,0,-14592,0,1628
219,-16,-71,15103,27648,-27650,0,15873,0,1628
161,2,-39,15103,26880,-29698,0,-6656,0,1628
215,-3,-48,15103,26880,-29698,0,7424,0,1628
266,-59,-44,15103,27136,-25090,0,-28161,0,1628
354,-160,-119,12287,27648,-28418,0,-25601,0,1627
305,-226,-121,12287,27648,-28418,0,17408,0,1628
299,-167,-35,11263,28672,-28674,0,-4609,0,1628
264,21,83,9215,31744,-30466,0,-28929,0,1628
163,60,85,9983,-32256,-26626,0,-32257,0,1627
223,4,-8,9983,-32256,-26626,0,22528,0,1628
144,6,-23,11519,32000,-32002,0,4352,0,1628
175,33,-35,13567,31744,-31234,0,-4097,0,1629
163,35,-50,13567,31744,-31234,0,24319,0,1629
385,-11,-48,14079,30720,-26370,0,-29952,0,1628
245,-143,-71,11007,29440,32510,0,-10752,0,1628
261,-169,-66,11007,29440,32510,0,24832,0,1629
255,-151,39,8191,29440,-29698,0,-4354,0,1629
410,-69,92,9471,32256,-26370,0,-23041,0,1626
219,-16,78,9471,32512,-26882,0,-13825,0,1628
196,-23,12,9471,32512,-26882,0,-12801,0,1629
228,15,17,10751,31488,-28674,0,-26626,0,1628
256,55,52,11263,32000,-29442,0,11263,0,1627
286,51,19,11263,32000,-29442,0,-31233,0,1628
254,13,0,13055,30720,-29442,0,9728,0,1627
262,-12,-52,12543,30976,-30210,0,-10752,0,1628
174,18,-16,12543,30976,-30210,0,17408,0,1629
197,-9,-36,13311,30976,-27138,0,-15106,0,1628
313,-1,-119,13567,29952,-25346,0,-15104,0,1629
242,-69,-128,10239,27648,-28930,0,21504,0,1629
205,-101,-125,10239,27648,-28930,0,-29440,0,1628
285,-51,10,12287,29952,-28162,0,8191,0,1628
260,-13,83,10239,30464,-29186,0,12544,0,1628
203,0,24,10239,30464,-29186,0,23040,0,1628
210,-34,-32,10495,32256,-26370,0,-15105,0,1628
246,-32,-64,9727,30720,-28418,0,-27393,0,1628
340,-83,-83,12287,29440,-25090,0,-12033,0,1629
121,-81,-18,12287,29440,-25090,0,-28672,0,1627
208,-77,-13,10751,31744,-26370,0,1023,0,1626
463,2,33,11007,31488,-28930,0,-11265,0,1627
177,4,67,11007,31488,-28930,0,2560,0,1628
223,-21,-7,11007,31744,-29954,0,9216,0,1628
369,-11,81,13055,30976,-26370,0,15871,0,1629
256,10,96,13055,30976,-26370,0,-27649,0,1629
291,-56,-55,11007,31232,-27394,0,30977,0,1627
251,-39,0,9983,-32256,-29442,0,512,0,1628
155,-8,31,9983,-32256,-29442,0,-22273,0,1627
230,-4,136,9983,-32256,-29442,0,-30467,0,1629
281,-82,21,10239,-30208,-30978,0,28160,0,1629
296,-104,-43,8959,-31488,-26114,0,16129,0,1626
207,-92,-131,8959,-31488,-26114,0,-4607,0,1628
261,9,-33,8959,32512,-29186,0,-20738,0,1628
230,98,72,10751,30720,-28418,0,8959,0,1629
239,63,59,10751,30720,-28418,0,11264,0,1628
125,-3,-6,10239,-32768,-29186,0,-18433,0,1629
275,-66,-63,10751,31744,-29954,0,-3073,0,1628
280,-119,-62,10751,31744,-29954,0,-29953,0,1629
311,-112,10,10751,31744,-29954,0,24319,0,1631
325,-76,89,9727,-30720,-23810,0,-31744,0,1628
275,41,140,9983,-30208,-25090,0,-10753,0,1628
285,64,88,9983,-30208,-25090,0,2048,0,1627
210,60,75,10495,-30720,-30466,0,30463,0,1626
225,48,0,11007,-31488,-29954,0,-1281,0,1628
190,8,-31,11007,-31488,-29954,0,-24065,0,1628
308,-76,-70,12543,-32000,-22786,0,23552,0,1629
235,-75,15,9727,-32768,-30978,0,17664,0,1628
257,-48,8,9215,-30720,-31746,0,-29696,0,1629
225,-27,48,9215,-30720,-31746,0,16640,0,1629
204,1,5,11007,-30464,-23298,0,12288,0,1628
231,4,-25,10751,-32768,-27394,0,5119,0,1629
312,-2,7,10751,-32768,-27394,0,7423,0,1629
328,-31,-18,10495,-31232,-26626,0,-14849,0,1629
310,-49,-40,9983,-32000,-28162,0,8449,0,1628
195,-1,4,9983,-32000,-28162,0,-28160,0,1629
268,46,47,12031,-31232,-28162,0,9983,0,1628
214,48,43,12543,32256,-27650,0,-19201,0,1628
259,-4,3,12543,32256,-27650,0,-21761,0,1629
259,-90,-26,12543,32256,-27650,0,-28417,0,1629
220,-92,-25,10239,32256,-28418,0,-12545,0,1628
245,-36,9,9727,-32000,-24578,0,-26113,0,1629
273,5,3,9727,-32000,-24578,0,2048,0,1628
222,-16,-7,9215,-31744,-29186,0,-6913,0,1629
316,6,-31,10239,-31488,-28930,0,6912,0,1627
212,60,34,10239,-31488,-28930,0,20992,0,1629
178,70,12,13055,-32256,-28930,0,11520,0,1629
144,40,14,12543,31744,-28930,0,25855,0,1629
341,6,-49,12543,31744,-28930,0,-7169,0,1629
319,-69,-62,13055,28672,-28418,0,19712,0,1629
265,-141,-75,13055,28928,-27906,0,20992,0,1630
218,-101,51,13055,28928,-27906,0,-17153,0,1629
308,12,39,13055,28928,-27906,0,18176,0,1628
211,51,57,12543,32000,-27138,0,-7681,0,1628
265,5,-34,12031,28928,-27650,0,2560,0,1629
231,30,-41,12031,28928,-27650,0,-17153,0,1629
207,19,-36,13823,27648,-26882,0,-16129,0,1628
175,10,-5,13567,28160,-29442,0,-31745,0,1628
281,-54,-34,13567,28160,-29442,0,26367,0,1630
258,-69,-55,11775,28416,-27650,0,12288,0,1629
302,-69,-70,11775,28928,-28930,0,-26368,0,1628
245,-2,0,13055,25600,-30210,0,9472,0,1629
253,44,11,13055,25600,-30210,0,-27649,0,1627
252,44,5,14335,27136,-31490,0,-2818,0,1627
259,10,-4,13055,27392,-29186,0,4095,0,1627
328,-64,-51,13055,27392,-29186,0,-29953,0,1628
282,-115,-64,11519,28416,-31234,0,14080,0,1627
238,-46,-42,13311,29696,-22786,0,23040,0,1629
178,14,-8,13311,29696,-22786,0,32255,0,1629
205,49,2,13823,28672,-29698,0,25855,0,1628
203,66,-23,13311,27904,-30722,0,-7937,0,1627
231,47,-48,13311,27904,-30722,0,768,0,1631
184,33,-38,16895,25856,-25090,0,-2561,0,1629
237,-3,-35,16127,24832,-28674,0,-8193,0,1628
249,-28,-7,16127,24832,-28674,0,-29185,0,1630
254,-51,-32,16127,24832,-28674,0,-2049,0,1628
368,-99,-65,13055,25088,-27394,0,25856,0,1628
346,-97,14,14847,27648,-18946,0,15616,0,1628
284,-10,0,14847,27648,-18946,0,-31744,0,1628
178,65,57,13311,27648,-26626,0,-18689,0,1628
220,44,0,16127,28160,-28674,0,-4353,0,1628
197,11,-13,16127,28160,-28674,0,-19969,0,1629
205,-27,-19,15103,26624,-27906,0,-15617,0,1628
202,-86,-63,12543,24832,-28418,0,-5889,0,1627
265,-101,-77,13055,24576,-28674,0,11008,0,1629
337,-109,-50,13055,24576,-28674,0,-13824,0,1629
221,-49,-10,13311,27392,-27394,0,-28672,0,1629
157,2,8,13823,27648,-26114,0,-15617,0,1627
225,20,63,13823,27648,-26114,0,-13827,0,1628
402,1,-7,14079,28672,-26370,0,19457,0,1629
258,-95,-36,13055,26880,-27394,0,30208,0,1629
249,-33,-26,13055,26880,-27394,0,10240,0,1628
226,0,20,16383,27136,-24578,0,-16129,0,1630
273,46,40,14591,29440,-27394,0,30720,0,1628
110,-27,1,12799,29440,-30210,0,22272,0,1627
190,-85,-48,12799,29440,-30210,0,-28416,0,1628
134,-93,-57,11519,27136,-30722,0,22784,0,1628
279,-119,-60,11263,29184,-23042,0,-22019,0,1629
219,-40,-31,11263,29184,-23042,0,-2304,0,1628
312,-32,-69,12543,28160,-27650,0,5888,0,1629
250,30,-35,12543,28672,-26370,0,-28161,0,1628
290,49,4,14079,28160,-28674,0,-25601,0,1628
223,19,43,14079,28160,-28674,0,23039,0,1628
268,-8,11,17407,30208,-24066,0,3840,0,1628
224,-28,-39,13311,27392,-28418,0,3072,0,1627
285,-24,-58,13311,27392,-28418,0,10752,0,1628
273,-46,-14,13567,29440,-27138,0,-21248,0,1628
181,-49,-18,11519,26368,-31234,0,14848,0,1629
189,-68,-9,11519,26368,-31234,0,-7425,0,1629
256,-69,-34,11519,28160,-27906,0,22528,0,1629
253,-56,-62,11007,27904,-28162,0,-27137,0,1627
258,-54,-52,13055,28160,-25602,0,30720,0,1631
273,-19,11,13055,28160,-25602,0,25856,0,1628
225,21,54,13567,29440,-26882,0,-16385,0,1629
179,-9,17,13055,29184,-29186,0,25087,0,1628
344,-54,-1,13055,29184,-29186,0,-29953,0,1627
200,-79,-19,12799,29696,-29442,0,-8449,0,1628
312,-73,-63,13055,29440,-23554,0,12288,0,1627
246,-9,22,13055,29440,-23554,0,-23041,0,1628
234,14,1,13567,30720,-29186,0,6656,0,1629
294,14,14,13567,29696,-30466,0,0,0,1627
255,21,-3,13567,29696,-30466,0,11008,0,1628
228,20,-23,13567,29696,-30466,0,-1537,0,1626
202,-4,-8,14335,27392,-24834,0,-22273,0,1629
291,-51,-13,13823,29184,-27394,0,14848,0,1626
191,-72,12,13823,29184,-27394,0,-23553,0,1628
276,-84,-35,11519,29952,-29698,0,-8449,0,1628
233,-51,-30,14335,31232,-25090,0,15360,0,1629
281,0,15,14335,31232,-25090,0,26879,0,1629
289,44,42,12031,31744,-25346,0,22528,0,1628
250,17,14,14847,30208,-27906,0,-11009,0,1628
178,22,11,14847,30208,-27906,0,21759,0,1628
270,-11,-11,14335,27136,-24834,0,-27137,0,1630
247,-46,-19,15615,29440,-21506,0,-12801,0,1629
317,-64,-22,13567,28672,-27394,0,-257,0,1628
300,-69,-13,13567,28672,-27394,0,25600,0,1630
287,-4,51,13567,29696,-25602,0,12800,0,1627
157,32,48,14335,31488,-26882,0,-24577,0,1628
326,41,96,14335,31488,-26882,0,-23553,0,1628
218,-5,13,15103,32000,-27650,0,10752,0,1628
255,-28,-65,14847,29440,-27906,0,21504,0,1628
255,-80,-39,14847,29440,-27906,0,-22529,0,1628
289,-37,53,14335,30464,-24322,0,2560,0,1628
285,-9,51,13311,30208,-30722,0,29184,0,1628
265,-15,5,13823,28928,-27906,0,17664,0,1629
185,3,-17,13823,28928,-27906,0,6656,0,1628
170,21,1,13055,28160,-29442,0,1791,0,1628
363,10,78,16383,31744,-23810,0,-1793,0,1629
314,-53,2,16383,31744,-23810,0,2560,0,1629
263,-70,-13,13567,30208,-29186,0,-28416,0,1629
257,-22,-23,13567,28928,-28162,0,512,0,1629
238,32,71,13567,28928,-28162,0,30719,0,1627
259,2,-14,13567,29952,-29186,0,9472,0,1627
198,-9,13,14079,29696,-22786,0,-18177,0,1628
239,-23,-24,14079,29696,-22786,0,-12545,0,1628
265,-25,3,13055,27648,-28930,0,-5121,0,1628
256,-19,65,13823,28672,-26370,0,-5377,0,1628
236,-33,16,13823,28672,-26370,0,-6145,0,1627
283,-22,-32,12799,27648,-27394,0,-513,0,1628
292,7,-25,14591,27904,-25602,0,-13313,0,1629
234,10,26,13823,26880,-27138,0,-4865,0,1629
248,9,40,13823,26880,-27138,0,-14849,0,1627
234,-12,45,15103,27904,-28418,0,-5121,0,1629
277,-21,-22,15359,28672,-25090,0,22016,0,1629
285,-33,-21,15359,28672,-25090,0,-30976,0,1629
248,-26,17,13055,28672,-25346,0,26368,0,1628
232,-17,24,13567,28672,-27394,0,18432,0,1628
245,-21,0,13567,28672,-27394,0,-27904,0,1629
228,-23,-7,15615,27904,-22786,0,31744,0,1629
206,-38,-38,14079,25088,-24322,0,26624,0,1629
240,-35,13,15103,26112,-26626,0,-18177,0,1627
218,-62,26,15103,26112,-26626,0,-8706,0,1628
269,-80,32,13567,28672,-25346,0,-515,0,1629
379,-121,-1,11007,30464,-27650,0,11007,0,1628
315,-128,-16,11007,30464,-27650,0,26112,0,1629
338,-55,-48,12543,29184,-22274,0,18688,0,1628
303,44,-2,12543,30464,-26882,0,-24321,0,1627
251,123,62,12543,30464,-26882,0,-11009,0,1628
116,67,10,16383,29696,-29186,0,-14593,0,1629
146,37,-2,17151,27136,-27650,0,-27649,0,1629
208,-6,-17,16639,24832,-31746,0,-5889,0,1629
220,-22,-11,16639,24832,-31746,0,-1281,0,1629
235,-27,-64,14079,25088,-27394,0,-12289,0,1627
311,-169,-133,12287,28416,-25346,0,7935,0,1629
297,-143,3,12287,28416,-25346,0,4352,0,1627
400,-98,30,11519,30976,-24834,0,11264,0,1628
285,118,40,11263,32000,-27906,0,7935,0,1629
302,109,58,11263,32000,-27906,0,767,0,1627
224,94,-19,13311,32000,-27906,0,-20481,0,1628
229,64,13,17407,31488,-29442,0,256,0,1628
219,47,-9,17663,28416,-30210,0,769,0,1629
227,-1,-11,17663,28416,-30210,0,4097,0,1628
179,-1,-1,15615,26624,-30466,0,-23552,0,1629
158,-20,17,15103,27136,32510,0,-1,0,1628
298,-41,-30,15103,27136,32510,0,-25600,0,1628
299,-102,-37,12031,28928,-27650,0,8961,0,1629
253,-163,-51,9471,29184,-28418,0,16385,0,1629
212,-107,17,9471,29184,-28418,0,-13057,0,1628
267,31,92,8191,30976,-28930,0,-13058,0,1629
297,38,76,8191,31744,-29698,0,-2817,0,1628
297,-57,-7,8191,31744,-29698,0,-18689,0,1628
278,-69,-69,10239,30720,-29442,0,10496,0,1629
262,-11,-51,11007,28672,-27906,0,5888,0,1628
203,-16,11,11007,27392,-27650,0,-29953,0,1628
258,3,7,11007,27392,-27650,0,-17409,0,1631
198,-24,27,10495,29184,-26882,0,-20737,0,1628
175,-60,-7,10751,30976,-26370,0,17152,0,1628
304,-77,-49,10751,30976,-26370,0,-23041,0,1628
181,-76,-31,10239,30208,-29954,0,4864,0,1628
278,-68,-21,9983,31488,-24578,0,-3074,0,1627
220,-47,20,9983,31488,-24578,0,32767,0,1630
348,-15,-15,8703,30720,-28162,0,-20225,0,1628
232,-8,-23,10495,31488,-24834,0,-17665,0,1629
283,11,-57,12543,29952,-28930,0,-6401,0,1629
238,52,9,12543,29952,-28930,0,8447,0,1629
268,39,-18,12799,31744,-23554,0,-3841,0,1628
197,-15,-27,11775,29184,-30210,0,12288,0,1628
230,-49,-36,11775,29184,-30210,0,27904,0,1628
195,-40,-19,12287,29952,-27394,0,26112,0,1627
232,-32,-18,10239,29696,-27394,0,-14593,0,1629
265,-59,-32,10239,29696,-27394,0,-1,0,1629
252,-72,-47,8959,30976,-28418,0,16640,0,1628
235,-38,-27,9471,31232,-30722,0,-25345,0,1629
263,11,-10,12543,32512,-22786,0,-25857,0,1628
278,-15,-17,12543,32512,-22786,0,3328,0,1628
300,-37,-55,10751,30464,-26370,0,31488,0,1627
196,-3,-21,11007,28928,-28418,0,8448,0,1628
260,0,11,11007,28928,-28418,0,-14849,0,1628
242,11,17,11007,29184,-29954,0,1536,0,1628
264,-35,-25,13567,30976,-23554,0,7936,0,1628
254,-60,-55,13567,30976,-23554,0,20992,0,1628
216,-64,-37,11263,29184,-28418,0,21248,0,1628
219,-26,0,11007,30464,-27650,0,-21505,0,1629
233,-7,5,11007,30464,-27650,0,-9729,0,1628
277,-28,-43,11775,30976,-29186,0,8192,0,1627
262,-28,-62,11263,-32768,-27394,0,-3585,0,1627
267,-36,-21,9983,29952,-30210,0,5888,0,1629
230,-12,15,9983,29952,-30210,0,-9729,0,1629
249,-18,-3,8959,28672,-28930,0,-14849,0,1630
264,-49,-48,9215,31488,-28930,0,5120,0,1628
237,-46,-44,9215,31488,-28930,0,8704,0,1628
248,-23,-24,11775,30464,-25858,0,20224,0,1627
206,0,23,10751,30720,-29442,0,-14593,0,1627
252,-17,-13,10751,30720,-29442,0,-5121,0,1629
273,-32,-24,9983,31488,-29442,0,-6913,0,1628
248,-48,-22,10751,31232,-28418,0,-13569,0,1629
282,-36,-20,11007,32512,-22274,0,30719,0,1629
230,-32,17,11007,32512,-22274,0,24319,0,1627
272,-19,-37,9215,31232,-29698,0,4864,0,1628
236,3,-34,10495,29952,-27394,0,-20737,0,1629
301,32,-33,10495,29952,-27394,0,-4865,0,1628
240,38,11,12287,32512,-22018,0,5120,0,1628
244,24,-25,13311,29952,-31490,0,5632,0,1628
205,4,4,13311,29952,-31490,0,-16129,0,1626
250,-1,-20,11263,29696,-31746,0,-16129,0,1627
212,-19,-28,9215,30208,-30466,0,-5121,0,1627
293,-51,-46,9215,30208,-30466,0,13312,0,1628
207,-79,12,10495,31232,-23810,0,-3585,0,1628
301,-42,-14,11007,31488,-28674,0,-27136,0,1629
349,7,9,12031,30208,-30466,0,26112,0,1629
236,4,-27,12031,30208,-30466,0,25856,0,1628
250,22,-5,12543,30976,-29442,0,-22273,0,1628
222,7,3,10751,30720,-30466,0,-19457,0,1628
185,-50,-13,10751,30720,-30466,0,-5377,0,1628
191,-80,-16,11263,28672,-29186,0,-26625,0,1629
265,-93,-39,11519,31488,-26882,0,-25089,0,1628
233,-61,-44,11519,31488,-26882,0,11264,0,1628
324,-17,-42,10751,30976,-25858,0,16384,0,1628
271,22,12,13311,31232,-26370,0,29439,0,1629
304,54,34,12543,29696,-27906,0,-24321,0,1629
266,28,-11,12543,29696,-27906,0,-13825,0,1628
334,-18,-34,15103,30208,-24578,0,4864,0,1629
172,-16,15,12543,28416,-27650,0,0,0,1626
272,-30,11,12543,28416,-27650,0,-28161,0,1629
238,-21,32,12287,31232,-27394,0,8704,0,1627
220,-45,-25,10495,27904,32766,0,13056,0,1627
227,-54,-47,10495,27904,32766,0,6144,0,1627
213,-32,-54,11519,31744,-25602,0,18943,0,1629
348,45,15,10495,29696,-30210,0,27903,0,1627
255,3,-27,10495,29696,-30210,0,21760,0,1629
190,16,-7,12031,29184,-28674,0,-22273,0,1630
227,-2,7,12287,29696,-27650,0,20991,0,1628
366,13,25,12287,29696,-27650,0,2816,0,1628
276,-20,11,16127,31488,-23810,0,12032,0,1629
266,-19,-34,12543,29696,-26882,0,-15616,0,1629
195,16,-15,11519,29184,-30978,0,24832,0,1628
256,21,57,11519,29184,-30978,0,-20737,0,1628
126,9,21,12031,28672,-29186,0,5632,0,1628
281,-9,-30,11775,30208,-27650,0,-22273,0,1629
206,-67,-44,11775,30208,-27650,0,-18945,0,1627
316,-79,-57,11007,28672,-29698,0,20735,0,1629
407,-35,78,11519,31488,-30722,0,-3841,0,1625
268,16,56,11519,31488,-30722,0,-14336,0,1627
285,35,-35,11007,31232,-29698,0,-9728,0,1629
172,55,3,13567,29440,-28930,0,-10753,0,1628
169,45,5,14591,28160,-31490,0,19199,0,1628
224,43,41,14591,28160,-31490,0,-8193,0,1628
121,2,37,13055,28160,-32258,0,-10753,0,1628
294,-58,-38,12543,27136,-30210,0,-20225,0,1629
276,-119,-38,12543,27136,-30210,0,5888,0,1628
348,-139,-66,9983,29440,-31490,0,-10240,0,1628
269,-16,35,11007,29184,-31490,0,6400,0,1627
286,52,53,11007,29184,-31490,0,20992,0,1631
196,46,56,11263,31232,-30466,0,1536,0,1628
225,27,14,14079,29696,-29186,0,29440,0,1628
224,-13,-23,14079,29696,-29186,0,-513,0,1628
308,-108,7,14079,29696,-29186,0,23039,0,1628
339,-111,30,11007,30464,-29698,0,25600,0,1629
346,-128,37,10239,30464,-28930,0,-21504,0,1628
236,-85,6,10239,30464,-28930,0,30720,0,1628
252,-21,-14,10239,30720,-30722,0,3584,0,1628
272,22,-13,9983,30208,31742,0,-20481,0,1628
189,34,-9,9983,30208,31742,0,3328,0,1629
142,11,-25,12031,29952,-32258,0,-3073,0,1628
211,-3,-54,14079,29440,-27650,0,-12801,0,1629
297,-5,-62,14079,29440,-27650,0,-12801,0,1627
280,-66,-85,11263,29440,-26626,0,26368,0,1628
229,-93,-50,11775,31232,-29698,0,-26112,0,1629
242,-40,26,12543,32000,-27138,0,-31489,0,1627
164,15,58,12543,32000,-27138,0,-25089,0,1628
260,-7,4,12287,31488,-26114,0,0,0,1627
157,-22,-19,12543,30976,-26114,0,-16897,0,1629
325,-9,-64,12543,30976,-26114,0,5888,0,1628
303,-6,5,12543,29184,-26114,0,-4097,0,1631
271,-20,-2,11775,30464,-28418,0,21504,0,1629
306,-36,7,11775,30464,-28418,0,27392,0,1628
181,-32,7,11007,30464,-29442,0,-12545,0,1629
349,-29,-12,12543,30208,-25346,0,-25857,0,1628
260,-55,8,12543,30208,-25346,0,-14081,0,1627
202,-73,-21,11007,32000,-30978,0,24064,0,1628
253,-33,-15,10239,28928,32510,0,-25857,0,1629
206,15,-14,8959,29952,-32514,0,12288,0,1628
259,2,-42,8959,29952,-32514,0,-23553,0,1628
226,-30,-72,12799,30208,-27650,0,13568,0,1628
208,-29,-44,11775,27904,31742,0,-2305,0,1629
193,-17,4,11775,27904,31742,0,25343,0,1627
257,-41,-19,11263,30720,31742,0,-25601,0,1629
268,-62,-36,11007,30720,-30722,0,-10753,0,1627
282,-58,-40,11007,30720,-30722,0,9216,0,1628
245,-6,-5,12287,31232,-24322,0,9472,0,1629
293,33,62,11775,31232,-30722,0,10495,0,1629
206,21,28,11775,31232,-30722,0,-15361,0,1629
225,-16,-39,11775,31232,-30722,0,-5889,0,1628
149,-28,-18,12031,30720,-29442,0,-28673,0,1628
276,-26,-37,12031,30976,-26114,0,-26881,0,1629
263,-31,23,12031,30976,-26114,0,21503,0,1628
272,-63,-48,9471,32256,-28674,0,-16640,0,1627
310,-41,-88,11519,28416,-28162,0,-7680,0,1629
232,29,-20,11519,28416,-28162,0,13823,0,1627
346,80,55,11775,32000,-28674,0,-3073,0,1627
180,11,-2,13055,30464,-24322,0,-16897,0,1628
247,-39,-31,12543,30720,-30978,0,-7681,0,1629
299,-74,-57,12543,30720,-30978,0,-18945,0,1628
296,-62,-60,10239,31488,-30466,0,768,0,1631
257,-29,-34,11007,31744,31486,0,-17408,0,1628
207,2,11,11007,31744,31486,0,-5377,0,1629
263,38,-20,13055,32000,-27650,0,5888,0,1628
208,41,-19,11775,29440,32254,0,20479,0,1629
205,5,-83,11775,29440,32254,0,3840,0,1629
193,-47,-60,11519,27136,30462,0,1024,0,1628
293,-66,-68,11775,28672,-32514,0,27648,0,1627
197,-24,17,11775,28672,-32514,0,-26881,0,1628
226,-24,-4,11775,30464,-26882,0,-769,0,1628
221,-4,29,11519,31744,-29698,0,28671,0,1627
359,1,1,12287,-32512,-29186,0,-17409,0,1629
175,-17,4,12287,-32512,-29186,0,-13057,0,1628
301,-5,-22,12799,32256,-30210,0,-7937,0,1627
208,-7,33,13055,30720,-27650,0,-32513,0,1627
295,13,4,13055,30720,-27650,0,7424,0,1629
237,13,-10,12799,30464,-29442,0,-3841,0,1628
304,14,-36,12543,29696,-31490,0,-18945,0,1629
222,-10,-14,12543,29696,-31490,0,-28928,0,1628
305,-20,-17,13311,29696,-29442,0,-8705,0,1629
172,-12,12,12287,30720,-31746,0,-10753,0,1628
277,-15,-57,12799,31488,-29442,0,-9473,0,1627
164,-13,-1,12799,31488,-29442,0,-30721,0,1629
226,-33,-28,11519,30208,-30978,0,19967,0,1629
349,-39,-32,12031,30208,-30210,0,-2049,0,1627
263,-39,-37,12031,30208,-30210,0,-9985,0,1628
267,12,-31,10495,30464,-28930,0,5120,0,1627
291,53,53,12287,29696,-32258,0,-13568,0,1628
256,38,20,12287,29696,-32258,0,-32768,0,1629
168,20,-5,12287,29696,-32258,0,9984,0,1628
209,5,-33,12543,29184,-30722,0,-32257,0,1629
213,-34,-1,12287,28160,-30210,0,-1793,0,1628
211,-81,-15,12287,28160,-30210,0,-13057,0,1628
352,-122,-77,10239,31488,-30978,0,-19200,0,1628
167,-112,-34,11263,30976,-29698,0,-29697,0,1629
374,4,22,11263,30976,-29698,0,9215,0,1628
314,37,23,10495,30976,-30722,0,-22273,0,1629
197,27,39,12287,32000,-27906,0,16639,0,1628
237,41,-27,12287,32000,-27906,0,-14338,0,1628
335,70,-54,12287,32000,-27906,0,-28417,0,1629
314,31,-66,14591,28928,-28930,0,-29440,0,1629
250,25,-50,16127,29696,-28930,0,-20992,0,1627
136,39,-3,16127,29696,-28930,0,25600,0,1629
177,27,-16,14335,30208,31998,0,-7937,0,1628
257,-16,-58,14335,28928,-32002,0,32000,0,1629
293,-17,-43,14335,28928,-32002,0,-4097,0,1628
246,-53,-71,12799,29696,-28418,0,22784,0,1629
239,-89,-45,12031,28416,-29954,0,3840,0,1627
244,-53,43,13055,29952,-30722,0,-13057,0,1627
215,4,27,13055,29952,-30722,0,-11265,0,1628
301,53,-6,13311,29440,32766,0,-1025,0,1630
161,30,-20,15871,29696,-27650,0,-4353,0,1628
338,41,-49,15871,29696,-27650,0,11008,0,1629
173,13,3,14847,26880,-30722,0,-14081,0,1629
336,-13,-4,13055,29184,-31746,0,6912,0,1627
185,-31,14,13055,29184,-31746,0,2816,0,1629
273,-45,-60,11263,29440,32766,0,24320,0,1630
213,-22,-22,13311,31232,-26370,0,2560,0,1628
237,-10,-55,13311,31232,-26370,0,-8193,0,1628
211,14,-4,14079,28928,-29954,0,-23809,0,1628
280,22,-47,12799,30208,-31234,0,-11777,0,1628
202,18,-24,14591,27136,-29954,0,9472,0,1629
272,-22,-48,14591,27136,-29954,0,-10753,0,1628
255,-13,-3,13055,29440,-28418,0,-8193,0,1627
288,-9,-20,12287,26368,-30978,0,-25856,0,1629
308,3,-44,12287,26368,-30978,0,3328,0,1629
245,38,4,14591,28416,-32002,0,29440,0,1630
288,47,-15,15359,28416,-29954,0,4352,0,1629
123,30,7,15359,28416,-29954,0,-3841,0,1629
273,7,-29,15103,27904,-31234,0,11776,0,1629
197,-32,-67,12799,26368,-31746,0,-27392,0,1629
277,-53,-76,12799,26368,-31746,0,-17409,0,1628
222,-52,-46,13823,28416,-26882,0,-15361,0,1629
358,-20,18,12799,27904,-29186,0,21504,0,1629
184,-2,8,12031,25344,30718,0,-10753,0,1628
292,-30,-49,12031,25344,30718,0,-23809,0,1627
226,16,3,12543,26880,-32514,0,-23809,0,1628
301,18,-10,14079,27392,-29186,0,27904,0,1631
192,7,-17,14079,27392,-29186,0,24832,0,1628
260,9,-20,14591,27136,32510,0,-26625,0,1629
208,8,-12,12799,27136,31742,0,-11777,0,1630
298,-51,-5,12799,27136,31742,0,12032,0,1627
183,-61,-30,11519,28160,31230,0,29696,0,1626
221,-108,-31,12031,27648,-29954,0,-9729,0,1626
196,-60,-17,12031,27648,-29954,0,15872,0,1630
285,-29,20,12031,27648,-29954,0,-9473,0,1628
254,-15,1,12031,28416,-30466,0,-14848,0,1629
237,-6,8,13311,27136,32510,0,-9473,0,1629
237,5,-20,13311,27136,32510,0,-2305,0,1629
249,-19,15,13823,27136,32254,0,-513,0,1628
246,-59,-32,13567,27904,32254,0,31743,0,1629
402,-75,1,13567,27904,32254,0,768,0,1627
252,-69,-22,12031,28416,-28930,0,-14592,0,1628
273,-49,-58,13055,28928,-28930,0,769,0,1628
165,8,-1,13055,28928,-28930,0,-15873,0,1628
267,23,16,12287,27648,30974,0,1024,0,1629
145,10,-29,11775,27136,29438,0,2304,0,1628
164,-30,-30,11775,27136,29438,0,-28417,0,1629
223,-75,-85,12031,25344,31998,0,-30209,0,1628
262,-81,-72,11007,26368,32254,0,12287,0,1628
299,-81,-78,11007,26368,32254,0,19200,0,1627
222,-68,-9,11007,26368,32254,0,17152,0,1629
313,28,41,12287,28416,-31746,0,-28673,0,1628
254,55,66,12799,28928,31998,0,-3842,0,1628
236,59,7,12799,28928,31998,0,-13057,0,1630
244,25,-30,14591,26880,32254,0,18431,0,1629
192,1,-40,13311,27904,32510,0,8191,0,1629
350,-49,-6,13311,27904,32510,0,21759,0,1628
361,-66,-54,12287,28160,-29442,0,-6912,0,1629
201,-48,-39,12543,26880,31998,0,3073,0,1628
195,-1,-23,12543,26880,31998,0,30463,0,1627
325,79,101,12543,26368,31742,0,26879,0,1628
307,16,-28,13311,28416,32254,0,25856,0,1628
203,-9,-42,13311,28416,32254,0,23808,0,1628
190,0,-64,11263,28672,32766,0,-13313,0,1629
219,-36,0,11775,27136,29438,0,-17410,0,1628
287,0,43,11775,27136,29438,0,1024,0,1628
243,-53,-27,13567,28416,-29186,0,4608,0,1629
234,-42,-56,13311,26880,-27650,0,28160,0,1628
243,3,-32,13311,26880,-27650,0,-21249,0,1627
291,90,32,13311,26880,-32514,0,11008,0,1629
204,26,-19,12543,25088,30974,0,4096,0,1629
183,37,30,12543,25088,30974,0,9215,0,1627
298,2,-27,12543,25088,30974,0,13055,0,1629
293,-16,-25,12031,25088,31230,0,-10241,0,1630
389,-77,-52,12031,25088,31230,0,-16128,0,1628
193,-60,11,12031,25088,31230,0,-28160,0,1628
265,31,22,11519,27136,29694,0,-5377,0,1629
313,68,62,12543,27904,29694,0,-24321,0,1631
157,30,24,12543,27904,29694,0,25600,0,1629
205,2,-2,13311,26368,32510,0,4608,0,1628
148,-26,-10,13055,25344,28670,0,-7937,0,1627
269,-44,-18,13055,25344,28670,0,31999,0,1628
275,-61,-15,11519,26112,32510,0,-10497,0,1629
296,-132,-39,11007,26112,30206,0,-6144,0,1630
242,-54,-11,11007,26112,30206,0,12288,0,1628
361,18,16,11519,27392,-28162,0,8704,0,1631
155,32,55,11007,25600,30462,0,-4097,0,1627
261,3,-1,11007,25600,30462,0,7423,0,1629
227,-39,-15,11263,27392,30718,0,30719,0,1629
203,-74,-11,10495,27648,32766,0,-31489,0,1628
280,-102,-52,10495,27648,32766,0,-14849,0,1628
183,-75,13,10495,27648,32766,0,19199,0,1628
347,-22,3,10239,28160,31742,0,3072,0,1627
222,5,29,13823,28672,-28418,0,-11777,0,1628
348,45,-34,13823,28672,-28418,0,27136,0,1627
180,92,-11,13823,26112,30462,0,-27393,0,1628
286,48,-44,14335,26112,-31490,0,-15617,0,1628
227,4,8,14335,26112,-31490,0,24832,0,1629
247,-28,-44,14591,24576,32766,0,-5888,0,1627
205,-40,-39,14591,26112,-30978,0,-16128,0,1629
256,-94,-72,14591,26112,-30978,0,19968,0,1627
210,-56,13,11519,26880,-32514,0,-3073,0,1629
219,-55,-6,9215,28160,-31234,0,7680,0,1628
192,-63,19,9215,28160,-31234,0,13311,0,1629
329,-63,-34,9215,28160,-31234,0,-10241,0,1629
197,-46,-17,9983,27136,-28162,0,-19201,0,1628
293,-31,-14,11519,27136,-32514,0,-5633,0,1628
353,-11,19,11519,27136,-32514,0,256,0,1628
262,-20,12,11263,28416,31998,0,20480,0,1629
212,12,-14,12031,28928,31998,0,9984,0,1628
333,15,32,12031,28928,31998,0,-5889,0,1629
200,-4,32,11519,29440,-31234,0,-30720,0,1629
175,-36,-14,9471,29696,31742,0,-19968,0,1627
201,-84,-31,9471,29696,31742,0,-5889,0,1629
250,-86,-54,9983,28928,31742,0,-11265,0,1626
240,-60,-33,11007,30208,-30210,0,28671,0,1628
210,-69,-2,11007,30208,-30210,0,256,0,1628
294,-78,33,8447,28928,31486,0,26879,0,1629
271,-37,28,8703,28160,32510,0,4607,0,1628
345,-22,15,8703,28160,32510,0,-4097,0,1628
406,-17,-50,10495,30976,-31234,0,12032,0,1629
327,10,-22,11007,-32768,-29442,0,2816,0,1627
273,51,-36,11007,30976,30974,0,20992,0,1628
155,44,19,10751,30976,30974,0,-30721,0,1628
164,31,-8,11263,30208,31998,0,10239,0,1628
133,4,-6,12543,31744,-30978,0,18943,0,1628
281,-22,-1,12543,31744,-30978,0,31232,0,1630
210,-79,-5,9471,31744,30974,0,-9472,0,1629
268,-115,-55,8447,30208,27902,0,-11264,0,1629
175,-58,-20,8447,30208,27902,0,17920,0,1629
268,11,8,6655,30208,29182,0,-6146,0,1628
310,50,-33,9983,30976,-30978,0,8448,0,1628
246,-1,-55,9983,30976,-30978,0,-16385,0,1628
301,-14,-71,8959,30464,27646,0,-28417,0,1627
293,-5,-53,8959,-32768,30718,0,-25345,0,1627
267,-50,-36,8959,-32768,30718,0,2560,0,1629
219,-50,-11,8191,32512,30206,0,-12545,0,1628
219,-19,-11,7167,-31488,31742,0,8448,0,1629
224,8,-30,7167,-31488,31742,0,24576,0,1629
235,32,-39,9215,-32000,32510,0,18432,0,1627
170,46,-1,11263,31232,31230,0,-16385,0,1629
184,41,4,11263,31232,31230,0,23807,0,1629
211,-8,14,9727,-32768,31486,0,9216,0,1629
283,-75,-30,8703,-32256,32766,0,24832,0,1628
271,-103,-45,8703,-32256,32766,0,-29184,0,1628
270,-40,-56,7679,31488,29950,0,13824,0,1628
222,23,-10,8703,-32256,29694,0,23551,0,1628
299,13,9,9727,-31232,28670,0,23039,0,1628
294,-15,10,9727,-31232,28670,0,-18689,0,1630
296,-24,3,8959,-32768,-30210,0,16384,0,1629
255,5,3,8447,-30720,29950,0,-1537,0,1628
234,25,11,8447,-30720,29950,0,-4353,0,1629
225,13,19,9727,31744,31486,0,8704,0,1629
187,-10,14,10751,32256,-30722,0,3328,0,1629
221,-9,-8,10751,32256,-30722,0,3840,0,1626
219,-25,12,9471,-32512,-30978,0,-5377,0,1628
231,-26,11,9471,-32256,29950,0,4608,0,1628
241,-32,25,9471,-32256,29950,0,8960,0,1628
252,-36,11,6911,-32768,29182,0,-2561,0,1627
278,-15,-7,11007,-30464,-30722,0,-16385,0,1628
309,-15,-11,11007,-30464,-30722,0,6144,0,1629
306,1,6,8703,-29184,30206,0,13312,0,1630
270,22,-10,8959,-31232,31230,0,15360,0,1628
253,37,-1,8959,-31232,31230,0,3072,0,1628
231,12,-14,9471,-31744,32510,0,-14849,0,1627
239,-19,-11,8191,-31488,32254,0,-1537,0,1627
227,-60,6,8191,-31488,32254,0,-1537,0,1628
243,-66,8,7679,-31744,29438,0,17664,0,1629
217,-60,17,7167,-31744,30718,0,6912,0,1629
230,-5,21,7167,-31744,30718,0,-2305,0,1628
262,2,-3,8191,-29696,-31234,0,-15105,0,1629
271,8,-36,9471,-30720,29950,0,-17409,0,1628
266,25,-22,9471,-30720,29950,0,-18689,0,1629
311,26,6,9471,-31232,31486,0,-3073,0,1628
243,3,14,8447,-30208,30206,0,12288,0,1629
235,-11,8,8447,-30208,30206,0,11520,0,1629
232,-25,-25,11007,-31232,-28930,0,15616,0,1628
245,-35,-46,8703,-31488,-32258,0,8704,0,1628
207,-27,-41,8703,-31488,-32258,0,4096,0,1629
232,-24,-41,8703,-31488,-32258,0,-30465,0,1625
278,-32,-12,8447,-32512,30974,0,-17153,0,1628
300,-19,6,8191,-30720,-32514,0,4096,0,1628
269,-18,0,8191,-30720,-32514,0,5376,0,1628
252,0,-26,8959,-29184,31230,0,-15361,0,1629
244,10,-53,7679,-31744,31998,0,-14081,0,1628
234,15,-69,7679,-31744,31998,0,-14593,0,1629
226,10,-64,9471,-32000,31486,0,-4865,0,1628
225,-4,-52,8959,-31232,30974,0,1536,0,1629
231,7,-43,8959,-31232,30974,0,7424,0,1629
223,-2,-20,9727,-30976,29182,0,2560,0,1629
254,-16,-25,10495,-32768,32254,0,3584,0,1629
247,-44,-40,10495,-32768,32254,0,5376,0,1627
254,-24,-79,9471,-32768,-32258,0,3584,0,1628
253,-15,-69,8703,-31744,29438,0,-9729,0,1628
262,-4,-56,8703,-31744,29438,0,-14849,0,1629
261,5,-38,8703,-31744,29438,0,-8961,0,1629
268,0,-27,8959,-31744,31742,0,-1537,0,1629
231,-12,-40,10239,-30208,29182,0,3328,0,1628
224,-10,-59,10239,-30208,29182,0,11264,0,1629
197,-5,-54,7935,-30720,30206,0,2816,0,1628
188,10,-65,11007,-32000,-30978,0,-5889,0,1628
225,10,-70,11007,-32000,-30978,0,-8705,0,1629
250,4,-80,8959,32512,-30978,0,12544,0,1628
235,-25,-55,9215,-32512,31230,0,5376,0,1628
232,-31,-26,9215,-32512,31230,0,-9729,0,1627
288,-51,-13,7679,-31744,31230,0,-3329,0,1629
262,-62,-40,8447,-30464,-31746,0,16384,0,1628
269,-40,-83,8447,-30464,-31746,0,15616,0,1631
251,31,-80,11775,-29440,-28162,0,-6657,0,1627
211,47,-84,10495,-30464,-30722,0,18176,0,1628
213,37,-74,13055,-31488,-30466,0,-14080,0,1628
194,32,-67,13055,-31488,-30466,0,24320,0,1628
214,5,-43,10239,-32000,-32514,0,-24065,0,1628
283,-73,-62,9215,-32768,29950,0,30719,0,1628
284,-162,-97,9215,-32768,29950,0,3584,0,1628
213,-172,-84,6911,-30720,31486,0,8961,0,1628
218,-154,-19,4351,-29184,32766,0,6400,0,1626
225,26,79,3839,-25856,32510,0,-12290,0,1628
341,120,116,3839,-25856,32510,0,32767,0,1631
262,46,14,5375,-24832,29182,0,-13825,0,1628
246,23,-60,8703,-27136,-29698,0,-3841,0,1628
241,28,-83,8703,-27136,-29698,0,4096,0,1629
238,-14,-103,8447,-26624,-30978,0,-7169,0,1626
221,17,-65,6911,-28160,32766,0,22528,0,1627
223,-22,-33,6911,-28160,32766,0,-17152,0,1628
217,-72,-4,6655,-27648,31998,0,-27904,0,1628
223,-124,7,4351,-24064,-30466,0,17152,0,1629
239,-129,-14,3583,-24320,-31746,0,21760,0,1626
251,-67,-23,3583,-24320,-31746,0,-25088,0,1628
268,-3,-33,3327,-24064,32510,0,-27904,0,1628
255,3,-46,4863,-22016,30718,0,-7169,0,1628
246,-12,-60,4863,-22016,30718,0,-21761,0,1628
245,-62,-56,3839,-21760,-29698,0,-17665,0,1629
257,-87,-43,4607,-20736,-28418,0,-17665,0,1627
251,-103,-23,4607,-20480,-30210,0,-4865,0,1628
238,-90,-20,3839,-20480,-30210,0,26880,0,1629
217,-60,-22,3327,-19200,-31490,0,32000,0,1628
206,-20,-29,3327,-18176,-31234,0,6656,0,1628
233,-9,-21,3327,-18176,-31234,0,-12033,0,1630
252,-7,-62,4351,-16640,-27138,0,8448,0,1628
247,-31,-70,2303,-19200,32510,0,16384,0,1628
265,-29,-73,2303,-19200,32510,0,29952,0,1629
255,-6,-52,4351,-15616,-31234,0,20224,0,1628
225,-43,-50,4351,-14592,-31490,0,21248,0,1628
222,-76,-47,4607,-14080,-30210,0,21760,0,1628
234,-96,-46,4607,-14080,-30210,0,-32000,0,1627
237,-86,-28,2047,-11776,-32002,0,-12288,0,1628
215,-72,-42,4607,-10496,-28418,0,-12544,0,1629
226,-66,-20,4607,-10496,-28418,0,-29952,0,1628
228,-53,-43,3071,-9216,-29954,0,16128,0,1627
244,-59,-47,2815,-9472,-29186,0,4864,0,1631
241,-72,-53,4863,-7424,-26114,0,3840,0,1629
244,-96,-49,4863,-7424,-26114,0,12800,0,1627
251,-69,-46,4351,-5888,-26626,0,17152,0,1630
239,-55,-30,4351,-4864,-27906,0,26368,0,1629
233,-46,-49,4351,-4864,-27906,0,19200,0,1628
223,-50,-52,6655,-4608,-23042,0,16640,0,1627
224,-56,-56,6655,-2304,-24322,0,8704,0,1631
236,-54,-48,6655,-2304,-24322,0,12800,0,1628
237,-65,-53,7167,-1536,-26114,0,26624,0,1628
247,-86,-56,7679,-768,-27138,0,-18944,0,1628
232,-87,-41,7679,-768,-27138,0,-32000,0,1627
246,-78,-32,7679,-768,-27138,0,19456,0,1627
238,-71,-42,8447,3329,-23554,0,21760,0,1628
226,-91,-56,9983,2049,-25090,0,-3841,0,1628
249,-94,-52,9983,2049,-25090,0,14336,0,1629
241,-80,-35,10495,3073,-21250,0,29440,0,1628
242,-62,-33,11519,4353,-24578,0,23296,0,1629
233,-62,-41,11519,4353,-24578,0,12032,0,1627
244,-55,-45,12287,4609,-22274,0,5120,0,1628
248,-39,-48,14335,4609,-21250,0,14848,0,1626
234,-10,-49,14335,4609,-21250,0,15104,0,1628
245,-42,-57,16639,6401,-20994,0,24576,0,1628
236,-51,-36,15871,7681,-23298,0,27136,0,1628
255,-62,-24,15871,7681,-23298,0,-31744,0,1629
243,-61,-4,17151,6145,-22786,0,-32000,0,1627
242,-79,14,16639,9217,-20482,0,-25600,0,1628
263,-89,22,16895,11265,-18946,0,-29952,0,1628
239,-67,38,16895,11265,-18946,0,25600,0,1629
250,-61,31,17151,11521,-18946,0,16128,0,1628
252,-51,10,17663,11521,-18178,0,9984,0,1628
246,-73,-3,17663,11521,-18178,0,12288,0,1629
252,-71,-11,19455,12545,-14594,0,17152,0,1629
241,-76,18,19199,12801,-14082,0,16896,0,1628
246,-73,14,19199,12801,-14082,0,22528,0,1627
254,-69,13,19199,12801,-14082,0,19712,0,1629
248,-65,0,20991,15105,-15106,0,13312,0,1629
276,-71,1,22527,15617,-9730,0,7424,0,1629
227,-53,-1,22527,15617,-9730,0,3328,0,1628
251,-50,-2,20991,14593,-14338,0,7936,0,1628
225,-44,13,23295,16129,-10242,0,-9729,0,1629
257,-42,1,23295,16129,-10242,0,4352,0,1627
254,-46,13,24831,17153,-11522,0,-5121,0,1628
232,-43,-12,25087,15873,-8450,0,1536,0,1630
292,-42,-2,25087,15873,-8450,0,2816,0,1628
260,-25,-1,24063,17921,-14082,0,8192,0,1628
310,-16,-21,25087,16897,-11522,0,28928,0,1627
254,-5,8,25087,16897,-11522,0,20224,0,1627
238,-9,-1,28415,17665,-7682,0,19968,0,1628
184,-13,22,26367,15617,-13570,0,-7681,0,1627
224,-46,-15,26367,15617,-13570,0,3584,0,1628
228,-75,-7,25855,16129,-12802,0,-12033,0,1629
227,-104,-10,25855,16897,-9986,0,7168,0,1628
294,-74,-3,25855,17153,-10754,0,-5377,0,1627
263,-5,29,26111,17153,-10754,0,-12801,0,1628
256,11,9,25087,18177,-12290,0,-19457,0,1629
255,18,-13,27903,17153,-11522,0,32255,0,1629
278,27,-20,27903,17153,-11522,0,-16897,0,1627
248,36,3,30207,15873,-14082,0,-8193,0,1628
252,-3,-8,31231,18945,-11778,0,-6145,0,1628
247,-31,1,31231,18945,-11778,0,-11009,0,1629
247,-39,2,30207,18433,-11010,0,-6657,0,1628
253,-34,1,28415,18433,-11522,0,-8705,0,1629
249,-22,-10,28415,18433,-11522,0,-11265,0,1627
245,11,2,28415,17665,-15618,0,-21249,0,1627
257,29,22,30463,17921,-12034,0,-17409,0,1628
272,23,28,30463,18433,-13314,0,-5121,0,1628
255,11,13,29951,18433,-13314,0,-513,0,1627
274,18,15,30463,16129,-15618,0,11264,0,1629
257,3,22,31999,18433,-6658,0,9728,0,1628
241,-14,19,31999,18433,-6658,0,5120,0,1629
238,-27,28,28159,17153,-14850,0,7680,0,1628
257,-46,-7,29183,18689,-9986,0,512,0,1628
269,-17,-20,29183,18689,-9986,0,-513,0,1628
242,-9,-11,28927,17409,-12546,0,-2049,0,1628
253,13,-29,29695,18177,-13826,0,-3329,0,1628
237,6,-1,29695,18177,-13826,0,-12033,0,1631
255,6,7,29695,16897,-13570,0,1792,0,1628
243,-8,0,29439,17409,-13058,0,8448,0,1628
