204,115,-99,262,2,65,2880
199,117,-97,250,7,60,2880
199,117,-97,257,-1,57,2880
207,118,-96,260,-6,60,2880
207,118,-96,255,-4,64,2880
207,118,-96,256,6,58,2888
193,123,-95,262,2,58,2884
193,123,-95,263,2,56,2880
201,121,-95,253,4,59,2888
201,121,-95,258,2,71,2880
197,116,-98,262,2,62,2888
197,116,-98,261,5,66,2884
197,116,-98,260,5,61,2888
197,115,-92,262,3,56,2880
197,115,-92,255,2,55,2884
204,119,-93,256,-6,55,2884
204,119,-93,267,10,59,2880
203,122,-93,261,0,61,2884
203,122,-93,259,0,64,2880
203,122,-93,258,-3,67,2888
208,119,-91,259,5,67,2880
208,119,-91,256,2,55,2892
201,120,-96,261,2,65,2880
201,120,-96,265,-1,61,2880
199,119,-100,260,2,67,2884
199,119,-100,264,-4,63,2880
199,119,-100,251,0,59,2888
204,114,-98,250,-1,62,2880
204,114,-98,259,3,63,2880
203,116,-98,262,6,58,2884
203,116,-98,257,1,62,2880
200,114,-97,262,2,65,2880
200,114,-97,270,1,63,2880
200,114,-97,266,7,62,2884
205,121,-95,259,6,63,2880
205,121,-95,257,6,65,2880
207,115,-97,259,-2,62,2884
207,115,-97,258,-2,70,2880
202,118,-96,266,0,58,2880
202,118,-96,260,-5,68,2888
202,118,-96,262,-3,56,2880
207,119,-95,251,6,61,2880
207,119,-95,258,1,67,2884
201,122,-98,263,5,63,2880
201,122,-98,262,5,62,2884
198,119,-98,254,-2,66,2880
198,119,-98,260,0,61,2880
198,119,-98,262,-1,66,2880
196,116,-94,264,4,55,2888
196,116,-94,253,1,66,2880
200,119,-94,265,-1,57,2880
200,119,-94,264,-4,61,2884
203,121,-98,262,-1,67,2880
203,121,-98,260,2,59,2884
203,121,-98,258,5,59,2880
203,114,-97,266,3,55,2888
203,114,-97,263,-6,60,2880
211,120,-98,259,2,62,2892
211,120,-98,259,5,62,2880
207,117,-97,260,0,63,2880
207,117,-97,258,2,60,2888
207,117,-97,256,2,55,2880
205,116,-98,263,6,67,2880
205,116,-98,254,-5,68,2892
201,120,-100,264,0,60,2880
201,120,-100,254,2,60,2880
198,124,-101,269,5,55,2892
198,124,-101,256,6,57,2880
205,119,-95,260,2,68,2880
205,119,-95,259,-6,58,2884
205,119,-95,269,-3,64,2880
202,116,-95,252,-1,63,2884
202,116,-95,258,-1,71,2888
205,122,-95,258,6,63,2888
205,122,-95,252,3,64,2884
209,115,-101,264,0,66,2888
209,115,-101,262,6,53,2880
209,115,-101,253,5,57,2884
208,113,-96,265,3,66,2888
208,113,-96,259,2,61,2884
205,116,-98,259,2,61,2884
205,116,-98,257,-4,77,2884
194,120,-99,269,-1,66,2888
194,120,-99,259,0,60,2884
194,120,-99,256,7,56,2880
194,120,-94,262,-2,68,2880
194,120,-94,263,3,68,2884
190,120,-100,258,3,59,2880
190,120,-100,264,2,62,2880
193,116,-96,268,3,56,2888
193,116,-96,255,0,61,2880
193,116,-96,261,1,60,2888
201,117,-90,256,-4,59,2884
201,117,-90,254,2,60,2880
200,115,-95,253,2,64,2880
200,115,-95,260,-1,79,2884
205,119,-94,258,5,45,2880
205,119,-94,259,2,65,2880
205,119,-94,266,-1,64,2884
204,118,-92,254,-4,65,2888
204,118,-92,266,-1,65,2888
205,117,-95,265,0,60,2884
205,117,-95,264,1,69,2880
202,118,-99,260,-4,64,2880
202,118,-99,257,1,62,2884
199,118,-99,264,4,68,2880
199,118,-99,263,5,62,2880
199,118,-99,263,4,51,2884
199,120,-96,261,0,59,2880
199,120,-96,260,5,56,2888
199,120,-95,265,1,55,2880
199,120,-95,259,1,49,2892
199,120,-95,260,5,61,2884
208,117,-88,263,5,67,2880
208,117,-88,261,2,58,2884
200,117,-98,260,1,67,2884
200,117,-98,260,-2,65,2888
211,115,-94,259,5,63,2892
211,115,-94,263,3,73,2884
211,115,-94,259,4,70,2880
206,114,-95,265,6,64,2888
206,114,-95,264,4,62,2888
206,120,-96,264,3,64,2880
206,120,-96,258,1,53,2884
201,110,-95,252,6,55,2888
201,110,-95,263,6,58,2880
201,110,-95,259,4,63,2880
201,122,-89,253,1,56,2892
201,122,-89,259,1,65,2884
204,113,-93,264,2,60,2880
204,113,-93,260,2,67,2888
195,111,-85,262,3,58,2884
195,111,-85,262,-4,63,2880
195,111,-85,266,3,57,2892
199,114,-86,259,7,56,2884
199,114,-86,265,6,71,2880
206,113,-82,253,2,87,2888
206,113,-82,267,2,52,2884
202,113,-80,252,7,64,2880
202,113,-80,254,-12,51,2888
202,113,-80,266,-2,68,2880
208,113,-83,261,2,58,2884
208,113,-83,262,3,53,2892
200,112,-78,261,4,69,2880
200,112,-78,252,-2,70,2880
197,108,-76,259,5,57,2888
197,108,-76,263,2,66,2884
197,108,-76,256,1,68,2880
196,108,-74,269,8,62,2888
196,108,-74,259,-3,78,2880
196,108,-71,259,0,67,2880
196,108,-71,254,6,73,2884
201,101,-70,275,7,43,2880
201,101,-70,262,0,54,2880
201,101,-70,260,-3,78,2884
206,102,-69,262,-4,53,2880
206,102,-69,262,-1,69,2880
204,99,-69,255,11,55,2888
204,99,-69,262,2,62,2880
207,101,-67,258,3,68,2880
207,101,-67,267,5,67,2884
207,101,-67,268,8,72,2888
200,100,-67,260,7,63,2880
200,100,-67,261,3,73,2884
202,92,-58,260,3,63,2884
202,92,-58,262,0,50,2880
198,95,-58,257,-4,52,2888
198,95,-58,257,0,59,2880
198,95,-58,261,-3,65,2892
198,94,-53,264,2,62,2884
198,94,-53,256,-1,51,2880
201,92,-54,258,4,61,2888
201,92,-54,264,-1,67,2884
201,92,-54,259,3,73,2884
206,86,-55,258,-4,74,2880
206,86,-55,262,0,41,2884
205,90,-49,261,9,66,2880
205,90,-49,259,1,67,2880
205,90,-49,270,1,50,2884
205,90,-49,259,3,62,2884
205,90,-49,263,1,68,2880
199,89,-46,269,-2,22,2880
199,89,-46,261,4,86,2892
198,82,-49,268,10,65,2884
198,82,-49,258,4,67,2880
198,82,-49,260,-8,63,2888
198,80,-48,261,1,49,2884
198,80,-48,259,6,58,2888
195,79,-50,263,-1,43,2884
195,79,-50,258,-2,52,2888
195,79,-50,267,3,53,2880
193,74,-45,262,5,63,2884
193,74,-45,263,4,52,2884
201,70,-45,260,2,61,2880
201,70,-45,255,2,59,2880
204,69,-42,261,2,68,2880
204,69,-42,251,5,54,2892
204,69,-42,263,0,55,2884
206,68,-43,257,6,71,2880
206,68,-43,249,4,75,2884
201,70,-43,259,-8,69,2880
201,70,-43,251,3,54,2880
201,70,-43,257,-3,65,2880
204,67,-40,265,5,58,2888
204,67,-40,256,1,74,2888
195,64,-40,258,-3,62,2880
195,64,-40,268,4,57,2880
195,64,-40,256,13,53,2880
199,61,-28,264,-2,81,2880
199,61,-28,268,-1,60,2884
196,60,-36,262,4,68,2892
196,60,-36,268,1,56,2884
199,53,-37,252,4,60,2880
199,53,-37,263,2,46,2884
199,53,-37,254,5,64,2880
203,46,-29,256,5,49,2884
203,46,-29,253,4,53,2880
205,47,-31,261,-4,57,2880
205,47,-31,264,-1,77,2888
205,47,-31,259,2,55,2880
208,49,-26,258,-4,51,2880
208,49,-26,260,-2,53,2884
203,42,-32,267,-2,73,2880
203,42,-32,261,4,65,2880
204,42,-29,266,3,66,2888
204,42,-29,263,7,59,2888
204,42,-29,260,-3,68,2880
196,39,-28,260,-4,52,2880
196,39,-28,251,10,61,2880
192,40,-27,250,5,74,2884
192,40,-27,262,-9,66,2880
192,40,-27,263,8,59,2892
205,36,-21,249,9,70,2884
205,36,-21,253,-1,74,2880
191,32,-27,251,2,65,2888
191,32,-27,262,-2,64,2880
211,28,-22,262,-7,59,2884
211,28,-22,266,-5,71,2880
211,28,-22,252,2,68,2892
207,29,-23,268,5,70,2880
207,29,-23,263,7,75,2880
206,20,-24,268,-2,72,2884
206,20,-24,263,-1,55,2888
206,20,-24,265,2,69,2880
206,20,-24,263,5,65,2880
206,20,-24,259,1,59,2892
197,11,-17,262,6,58,2884
197,11,-17,257,1,59,2880
198,12,-15,257,1,60,2884
198,12,-15,263,1,55,2880
198,12,-15,255,5,64,2884
191,1,-20,259,4,65,2880
191,1,-20,260,0,66,2880
195,3,-17,265,-3,72,2888
195,3,-17,263,-2,73,2880
195,3,-17,256,-2,64,2880
194,-3,-12,255,5,72,2884
194,-3,-12,260,2,67,2888
203,-16,-15,266,-6,69,2884
203,-16,-15,259,7,52,2880
203,-16,-15,256,3,67,2884
202,-12,-16,266,2,72,2880
202,-12,-16,250,4,55,2884
203,-15,-15,261,-4,67,2892
203,-15,-15,259,-7,59,2880
200,-22,-20,259,4,39,2884
200,-22,-20,268,3,71,2884
200,-22,-20,259,4,57,2880
195,-28,-17,244,-2,47,2884
195,-28,-17,274,0,70,2884
198,-27,-8,262,-2,68,2884
198,-27,-8,266,-2,49,2888
202,-32,-17,276,4,80,2892
202,-32,-17,262,-4,69,2888
202,-32,-17,270,3,57,2880
202,-38,-10,269,3,69,2884
202,-38,-10,245,3,59,2888
204,-46,-19,250,-2,62,2880
204,-46,-19,275,5,72,2884
209,-50,-19,254,1,72,2880
209,-50,-19,281,1,66,2888
209,-50,-19,255,-3,68,2884
198,-64,-15,250,2,70,2880
198,-64,-15,267,2,72,2880
203,-71,-11,266,1,49,2884
203,-71,-11,257,-2,61,2880
199,-75,-16,255,-11,60,2880
199,-75,-16,254,-3,75,2888
198,-82,-16,260,-4,55,2880
198,-82,-16,273,7,59,2888
198,-82,-16,253,-1,61,2892
198,-92,-21,251,-12,66,2880
198,-92,-21,282,-7,62,2880
197,-100,-15,266,-6,48,2892
197,-100,-15,247,-5,50,2880
192,-117,-21,251,-15,60,2880
192,-117,-21,256,-10,41,2884
203,-118,-24,282,-19,69,2880
203,-118,-24,258,-18,62,2888
200,-127,-26,246,-15,66,2884
200,-127,-26,251,-9,57,2880
200,-127,-26,242,-18,45,2880
194,-136,-30,264,-9,64,2888
194,-136,-30,266,-15,63,2884
202,-135,-27,266,-12,58,2884
202,-135,-27,272,-10,73,2880
189,-137,-32,259,-17,62,2884
189,-137,-32,251,-30,68,2880
192,-145,-35,269,-22,68,2880
192,-145,-35,265,-20,74,2884
198,-147,-33,241,-12,61,2880
198,-147,-33,267,-15,68,2892
196,-149,-34,260,-23,52,2880
196,-149,-34,261,-11,74,2892
197,-154,-36,260,-11,66,2880
197,-154,-36,268,-17,55,2884
197,-154,-36,258,-11,62,2880
197,-156,-42,266,-15,69,2880
197,-156,-42,263,-10,65,2884
194,-156,-40,271,-10,63,2880
194,-156,-40,271,-5,57,2892
197,-152,-39,254,-15,58,2880
197,-152,-39,260,-7,55,2888
197,-153,-41,254,-8,56,2884
197,-153,-41,264,-4,71,2880
190,-162,-44,260,-3,65,2880
190,-162,-44,267,-20,59,2880
197,-161,-45,258,-14,70,2888
197,-161,-45,266,-8,67,2880
197,-161,-45,247,-11,59,2888
195,-165,-37,263,-9,70,2880
195,-165,-37,266,-15,64,2880
196,-173,-45,241,-8,79,2880
196,-173,-45,248,-13,65,2888
203,-172,-50,274,-10,57,2880
203,-172,-50,263,-6,52,2888
200,-165,-49,270,-3,73,2892
200,-165,-49,250,-4,59,2880
197,-167,-48,254,-10,68,2880
197,-167,-48,270,-16,72,2884
195,-169,-46,250,-19,64,2880
195,-169,-46,251,-12,61,2892
196,-175,-56,261,-12,66,2884
196,-175,-56,258,-7,65,2892
196,-175,-56,250,-6,56,2884
195,-171,-54,256,-11,74,2880
195,-171,-54,280,-7,70,2884
194,-180,-58,247,-3,63,2880
194,-180,-58,259,-2,62,2884
197,-180,-55,267,-11,67,2880
197,-180,-55,266,-5,63,2888
201,-178,-59,253,-1,53,2880
201,-178,-59,251,-6,69,2880
205,-179,-52,248,-4,65,2888
205,-179,-52,256,-7,55,2888
205,-179,-52,266,-8,71,2888
207,-175,-47,269,-8,60,2880
207,-175,-47,258,-6,72,2884
207,-175,-57,247,-7,60,2880
207,-175,-57,257,-6,55,2880
200,-176,-59,260,-1,60,2892
200,-176,-59,271,-2,74,2884
200,-178,-62,270,3,60,2880
200,-178,-62,242,-5,55,2880
198,-178,-60,268,0,71,2884
198,-178,-60,265,5,64,2884
198,-178,-60,260,-5,56,2880
196,-184,-61,248,3,63,2888
196,-184,-61,261,-7,66,2880
201,-181,-58,251,-5,60,2880
201,-181,-58,265,-2,57,2884
205,-182,-62,263,-1,57,2880
205,-182,-62,263,-2,71,2880
202,-187,-59,262,-4,66,2892
202,-187,-59,265,3,73,2880
202,-185,-54,252,-1,62,2880
203,-185,-54,260,-7,54,2884
203,-185,-54,259,-8,65,2880
200,-183,-63,254,-2,64,2884
200,-183,-63,266,-15,63,2880
205,-180,-62,259,-3,66,2888
205,-180,-62,256,-7,57,2880
196,-179,-60,260,2,64,2880
196,-179,-60,259,1,57,2884
198,-180,-57,255,-5,56,2880
198,-180,-57,262,0,54,2880
198,-180,-57,256,-2,64,2888
202,-178,-57,257,0,80,2880
202,-178,-57,264,4,64,2892
209,-176,-61,271,3,69,2884
209,-176,-61,268,-3,71,2880
201,-176,-62,251,0,76,2880
201,-176,-62,267,-4,59,2884
201,-183,-60,261,5,70,2884
201,-183,-60,267,1,66,2880
201,-183,-60,255,-1,60,2888
200,-182,-64,261,-1,58,2888
200,-182,-64,262,-3,63,2880
195,-182,-60,264,3,53,2884
195,-182,-60,251,-2,49,2880
201,-182,-62,260,3,69,2880
201,-182,-62,261,-4,62,2888
203,-177,-57,259,2,63,2884
203,-177,-57,267,2,64,2880
196,-179,-61,256,-3,71,2884
196,-179,-61,258,0,50,2880
196,-179,-61,264,1,66,2888
198,-175,-60,259,-3,58,2884
198,-175,-60,266,0,74,2888
200,-176,-60,256,-3,65,2892
200,-176,-60,257,-1,70,2884
201,-176,-57,268,-2,57,2880
201,-176,-57,257,-5,62,2880
202,-185,-60,265,0,58,2880
202,-185,-60,257,2,56,2888
202,-185,-60,252,-4,68,2880
201,-178,-63,259,-2,56,2884
201,-178,-63,268,0,60,2880
194,-179,-59,272,3,71,2880
194,-179,-59,265,-12,66,2888
196,-182,-63,263,-3,67,2884
196,-182,-63,256,-2,63,2880
199,-179,-63,259,-6,64,2880
199,-179,-63,260,-1,66,2888
201,-186,-60,259,-1,50,2892
201,-186,-60,254,-1,63,2880
201,-186,-60,259,0,66,2880
194,-183,-61,262,2,56,2892
194,-183,-61,262,0,69,2880
206,-173,-54,260,-4,61,2880
206,-173,-54,257,0,55,2888
211,-181,-61,270,-8,72,2880
211,-181,-61,254,4,74,2884
210,-181,-56,259,-3,74,2884
210,-181,-56,264,0,57,2880
210,-181,-56,259,-1,53,2880
202,-176,-54,262,1,67,2888
202,-176,-54,261,-3,61,2884
200,-177,-60,261,2,59,2880
200,-177,-60,262,3,59,2880
205,-181,-65,258,-5,62,2892
205,-181,-65,258,-5,66,2884
195,-181,-58,254,2,64,2880
195,-181,-58,264,-2,70,2880
195,-181,-58,260,-2,69,2884
198,-182,-59,255,5,62,2884
198,-182,-59,261,-2,68,2884
212,-175,-59,255,3,52,2880
212,-175,-59,257,-2,63,2880
211,-177,-60,264,-6,63,2888
211,-177,-60,265,1,68,2892
201,-180,-59,263,-8,57,2880
201,-180,-59,260,-2,64,2880
196,-180,-56,264,0,71,2892
196,-180,-56,257,1,62,2880
196,-180,-56,259,-1,58,2880
198,-170,-59,272,8,67,2888
198,-170,-59,253,-4,64,2880
199,-178,-59,263,0,60,2884
199,-178,-59,264,0,62,2880
200,-180,-60,260,-4,59,2880
200,-180,-60,259,0,62,2880
202,-182,-59,265,3,52,2884
202,-182,-59,257,1,57,2884
202,-182,-59,260,0,67,2880
200,-178,-57,259,-2,68,2884
200,-178,-57,263,0,62,2888
208,-185,-61,275,0,58,2880
208,-185,-61,260,-2,66,2880
203,-176,-59,259,-2,62,2884
203,-176,-59,273,-6,60,2880
203,-179,-53,272,-7,63,2888
203,-179,-53,260,3,51,2880
203,-179,-53,245,-7,86,2880
196,-175,-59,269,-4,70,2884
196,-175,-59,256,-7,71,2880
198,-174,-59,282,0,59,2880
198,-174,-59,253,1,62,2888
198,-185,-53,245,0,69,2880
198,-185,-53,268,1,72,2888
196,-181,-57,256,-2,65,2880
196,-181,-57,252,-2,64,2880
196,-181,-57,272,-3,61,2884
197,-182,-53,255,3,58,2880
197,-182,-53,256,-5,70,2888
199,-178,-57,263,-10,59,2884
199,-178,-57,258,3,61,2880
204,-176,-60,249,3,63,2880
204,-176,-60,256,3,68,2884
200,-183,-60,272,-4,64,2884
200,-183,-60,259,0,65,2880
200,-183,-60,264,-3,65,2880
201,-181,-55,249,-3,63,2892
201,-181,-55,268,-5,66,2884
200,-176,-58,252,-2,61,2880
200,-176,-58,263,-3,66,2888
196,-174,-57,255,-5,69,2884
196,-174,-57,260,3,63,2884
196,-180,-58,263,-4,63,2880
196,-180,-58,250,1,59,2884
195,-179,-62,263,-5,57,2888
195,-179,-62,255,-1,64,2888
195,-179,-62,257,1,58,2888
202,-176,-61,258,0,56,2880
202,-176,-61,254,-5,59,2884
207,-171,-57,263,2,54,2892
207,-171,-57,255,-10,64,2884
205,-179,-55,261,-7,63,2884
205,-179,-55,261,-7,58,2880
196,-181,-57,258,-8,69,2880
196,-181,-57,257,-7,55,2884
199,-176,-59,258,-4,64,2880
199,-176,-59,260,-3,64,2888
199,-176,-59,264,2,63,2880
198,-178,-56,260,4,64,2888
198,-178,-56,260,3,67,2880
201,-178,-59,265,2,68,2880
201,-178,-59,257,-3,71,2880
199,-182,-60,258,-6,59,2884
199,-182,-60,265,-6,65,2880
208,-180,-59,257,-1,61,2892
208,-180,-59,258,-3,64,2884
208,-180,-59,260,-8,62,2880
199,-171,-60,253,-4,53,2888
199,-171,-60,261,7,64,2884
204,-177,-58,266,-5,80,2888
204,-177,-58,260,0,48,2884
198,-183,-57,261,-4,69,2880
198,-183,-57,260,-7,73,2884
202,-182,-55,264,0,64,2888
202,-182,-55,261,1,70,2880
203,-179,-54,268,1,61,2880
203,-179,-54,262,-4,67,2884
203,-179,-54,260,-2,54,2888
198,-176,-60,259,-2,55,2880
198,-176,-60,255,1,69,2884
196,-175,-58,257,-4,52,2888
196,-175,-58,267,-3,69,2880
204,-178,-59,251,-6,68,2888
204,-178,-59,263,1,48,2880
200,-178,-59,259,-1,59,2884
200,-178,-59,260,3,58,2880
200,-178,-59,263,-4,67,2888
202,-180,-56,268,-4,59,2888
202,-180,-56,301,-1,56,2880
202,-178,-56,303,-2,54,2884
202,-178,-56,250,-11,64,2880
198,-181,-59,240,-10,81,2880
198,-181,-59,261,-19,71,2892
188,-187,-59,247,-28,67,2884
188,-187,-59,268,-20,50,2892
181,-195,-53,237,-28,61,2884
181,-195,-53,244,-29,60,2884
183,-191,-57,264,-36,56,2884
183,-191,-57,267,-37,73,2880
177,-198,-58,260,-38,57,2884
177,-198,-58,278,-43,64,2880
177,-198,-58,251,-50,51,2884
184,-210,-60,243,-48,68,2880
184,-210,-60,260,-60,75,2884
176,-211,-52,248,-50,55,2880
176,-211,-52,253,-56,67,2884
170,-210,-59,259,-59,68,2880
170,-210,-59,270,-63,67,2888
161,-216,-53,248,-69,70,2880
161,-216,-53,255,-75,69,2884
162,-210,-56,251,-76,63,2880
162,-210,-56,231,-78,56,2888
148,-219,-57,237,-79,44,2884
148,-219,-57,225,-85,54,2884
145,-214,-58,236,-88,61,2884
145,-214,-58,229,-92,66,2880
145,-214,-58,233,-83,62,2892
151,-221,-57,249,-82,67,2880
151,-221,-57,236,-90,64,2880
147,-221,-56,267,-84,68,2880
147,-221,-56,255,-81,57,2880
154,-218,-53,249,-80,58,2888
154,-218,-53,255,-77,68,2880
151,-219,-51,254,-76,65,2892
151,-219,-51,252,-98,70,2884
158,-225,-55,239,-84,57,2888
158,-225,-55,263,-85,69,2880
145,-224,-54,241,-101,65,2888
145,-224,-54,247,-102,62,2880
141,-228,-54,254,-100,49,2888
141,-228,-54,240,-97,70,2880
135,-229,-54,248,-99,56,2888
135,-229,-54,243,-99,51,2884
132,-228,-54,231,-104,63,2880
132,-228,-54,238,-105,56,2880
132,-231,-47,245,-110,53,2884
131,-231,-47,232,-105,65,2880
131,-231,-47,239,-115,59,2880
129,-232,-53,234,-120,62,2880
129,-232,-53,232,-125,60,2880
135,-230,-56,234,-124,47,2880
135,-230,-56,225,-116,59,2880
132,-232,-54,231,-116,63,2880
132,-232,-54,223,-123,60,2880
129,-244,-54,221,-126,57,2880
129,-244,-54,238,-134,56,2880
126,-235,-54,223,-127,49,2880
126,-235,-54,216,-124,50,2880
121,-241,-53,228,-127,55,2884
121,-241,-53,216,-129,39,2880
114,-232,-51,219,-132,44,2880
114,-232,-51,219,-132,60,2884
115,-240,-50,215,-130,50,2880
115,-240,-50,222,-132,33,2880
110,-247,-58,231,-132,45,2884
110,-247,-58,228,-140,61,2880
118,-244,-54,230,-132,44,2880
118,-244,-54,223,-129,46,2884
123,-246,-56,224,-143,56,2880
123,-246,-56,226,-143,55,2880
108,-241,-52,216,-147,54,2884
108,-241,-52,210,-142,53,2880
107,-245,-53,207,-139,56,2880
107,-245,-53,227,-152,45,2884
106,-247,-54,207,-142,38,2880
106,-247,-54,224,-150,37,2880
102,-243,-53,218,-150,53,2884
102,-243,-53,209,-153,64,2880
96,-250,-52,212,-149,56,2880
96,-250,-52,207,-151,63,2884
96,-250,-52,204,-158,64,2884
100,-246,-49,221,-158,55,2880
100,-246,-49,221,-156,52,2884
105,-249,-48,210,-159,58,2880
105,-249,-48,221,-150,49,2880
104,-244,-49,206,-161,61,2884
104,-244,-49,208,-153,48,2880
97,-248,-50,202,-153,47,2880
97,-248,-50,205,-165,57,2880
99,-248,-50,212,-158,38,2884
99,-248,-50,203,-159,44,2884
101,-248,-54,197,-153,40,2880
101,-248,-54,203,-159,49,2884
95,-248,-54,218,-158,43,2884
95,-248,-54,193,-169,57,2884
89,-247,-52,196,-163,50,2880
89,-247,-52,213,-163,43,2888
89,-254,-48,191,-163,47,2880
89,-254,-48,204,-165,61,2880
89,-253,-47,201,-169,54,2880
94,-253,-47,196,-162,43,2884
94,-253,-47,215,-170,42,2880
94,-254,-52,193,-165,37,2888
94,-254,-52,196,-163,50,2888
93,-248,-54,203,-168,36,2880
93,-248,-54,199,-172,30,2892
87,-251,-49,191,-162,49,2880
87,-251,-49,197,-176,43,2884
85,-248,-46,194,-176,54,2880
85,-248,-46,197,-173,49,2880
85,-251,-56,195,-178,42,2884
85,-251,-56,219,-169,17,2880
86,-250,-56,197,-184,40,2892
86,-250,-56,187,-175,43,2884
81,-258,-56,175,-171,35,2892
81,-258,-56,188,-180,34,2884
81,-258,-56,184,-189,52,2884
84,-256,-51,191,-177,54,2884
84,-256,-51,196,-174,41,2880
79,-256,-49,184,-184,49,2884
79,-256,-49,192,-187,44,2880
78,-253,-52,188,-179,37,2888
78,-253,-52,167,-196,54,2880
74,-255,-53,194,-186,40,2884
74,-255,-53,186,-182,37,2880
71,-255,-51,180,-190,34,2884
71,-255,-51,173,-187,42,2884
78,-251,-52,185,-182,44,2884
78,-251,-52,166,-186,41,2880
68,-251,-48,175,-190,45,2884
68,-251,-48,187,-192,57,2880
70,-253,-48,171,-187,50,2888
70,-253,-48,182,-189,41,2884
70,-253,-48,178,-196,43,2884
66,-258,-49,182,-189,45,2884
66,-258,-49,180,-181,46,2880
70,-264,-49,185,-182,34,2892
70,-264,-49,174,-194,50,2880
74,-258,-43,174,-191,46,2880
74,-258,-43,178,-198,36,2880
76,-257,-47,177,-201,47,2880
76,-257,-47,182,-198,41,2880
75,-255,-51,164,-197,48,2880
75,-255,-51,184,-191,43,2892
72,-251,-52,183,-197,40,2884
72,-251,-52,167,-201,49,2892
67,-252,-52,180,-189,53,2884
67,-252,-52,176,-202,36,2888
65,-246,-52,180,-197,37,2880
65,-246,-52,160,-192,51,2880
65,-246,-52,183,-200,24,2880
67,-263,-44,165,-191,58,2880
67,-263,-44,177,-196,52,2888
71,-256,-49,176,-191,24,2880
71,-256,-49,174,-193,50,2880
80,-254,-52,182,-188,37,2884
80,-254,-52,168,-195,51,2884
69,-265,-46,169,-193,51,2880
69,-265,-46,172,-187,39,2888
76,-253,-49,173,-189,42,2880
76,-253,-49,174,-197,55,2884
66,-255,-49,182,-190,45,2884
66,-255,-49,177,-198,52,2880
68,-254,-49,177,-191,35,2880
68,-254,-49,174,-187,50,2884
71,-248,-51,173,-193,31,2880
71,-248,-51,174,-191,37,2888
71,-248,-51,166,-191,37,2888
68,-253,-45,177,-194,44,2880
68,-253,-45,169,-192,44,2892
75,-265,-53,177,-189,41,2880
75,-265,-53,180,-199,55,2884
78,-264,-50,186,-190,37,2880
78,-264,-50,167,-191,47,2880
71,-257,-49,176,-187,41,2880
71,-257,-49,168,-192,35,2884
70,-262,-50,160,-199,51,2892
70,-262,-50,179,-193,41,2884
70,-258,-48,176,-208,49,2892
70,-258,-48,184,-193,52,2884
63,-258,-50,190,-188,46,2884
63,-258,-50,173,-188,38,2884
63,-251,-52,184,-193,43,2880
79,-251,-52,186,-182,42,2884
79,-251,-52,172,-180,50,2880
81,-256,-49,187,-191,56,2888
81,-256,-49,190,-177,40,2880
76,-252,-46,187,-200,54,2884
76,-252,-46,188,-165,26,2880
80,-251,-49,180,-181,48,2888
80,-251,-49,195,-170,54,2884
86,-249,-47,182,-176,45,2884
86,-249,-47,198,-163,51,2880
93,-249,-45,207,-173,51,2884
93,-249,-45,214,-166,45,2880
95,-242,-43,197,-163,62,2888
95,-242,-43,206,-161,56,2884
92,-239,-40,206,-172,55,2884
92,-239,-40,196,-149,57,2884
92,-239,-40,205,-147,51,2880
100,-245,-36,211,-146,59,2892
100,-245,-36,205,-152,64,2884
98,-231,-42,221,-138,68,2888
98,-231,-42,223,-151,70,2880
110,-244,-39,213,-145,71,2880
110,-244,-39,220,-133,64,2884
116,-236,-40,220,-134,60,2880
116,-236,-40,228,-133,57,2880
120,-228,-41,227,-135,59,2884
120,-228,-41,229,-129,73,2880
126,-225,-45,245,-131,56,2880
126,-225,-45,209,-120,78,2884
121,-230,-40,237,-119,58,2880
121,-230,-40,243,-115,63,2880
130,-227,-40,221,-112,56,2884
130,-227,-40,244,-117,64,2880
131,-228,-40,240,-117,57,2880
131,-228,-40,224,-111,61,2884
136,-220,-38,227,-108,78,2880
136,-220,-38,239,-102,64,2880
143,-221,-45,247,-103,52,2884
143,-221,-45,239,-104,65,2880
146,-218,-40,216,-95,66,2880
146,-218,-40,244,-82,58,2884
153,-217,-45,230,-86,77,2880
153,-217,-45,246,-85,65,2888
153,-217,-45,242,-78,60,2880
153,-211,-45,248,-84,87,2892
153,-211,-45,262,-72,70,2884
163,-205,-44,262,-81,59,2888
163,-205,-44,244,-69,67,2880
162,-205,-43,252,-58,50,2888
162,-205,-43,255,-59,64,2880
162,-198,-46,242,-50,73,2880
162,-198,-46,271,-52,51,2884
176,-192,-45,260,-45,57,2880
176,-192,-45,268,-49,58,2888
176,-196,-47,254,-48,64,2884
176,-196,-47,247,-40,62,2880
181,-189,-46,262,-37,62,2880
181,-189,-46,264,-29,69,2888
191,-186,-52,261,-30,56,2880
191,-186,-52,259,-26,66,2884
191,-186,-52,265,-19,52,2880
200,-185,-47,260,-16,66,2888
200,-185,-47,272,-19,71,2880
191,-183,-51,259,-21,69,2880
191,-183,-51,256,-11,70,2884
189,-178,-51,266,-6,59,2888
189,-178,-51,259,-14,64,2880
192,-174,-48,247,-1,64,2888
192,-174,-48,278,-16,52,2892
195,-169,-46,265,-2,56,2880
195,-169,-46,261,-8,72,2880
198,-172,-50,266,4,52,2884
198,-172,-50,259,-3,73,2884
198,-172,-50,267,-7,63,2888
208,-178,-48,260,-9,72,2884
208,-178,-48,260,-5,54,2880
205,-180,-52,263,-8,60,2880
205,-180,-52,256,-2,64,2880
205,-173,-49,265,3,61,2888
205,-173,-49,268,4,52,2884
198,-171,-50,257,3,60,2880
198,-171,-50,259,0,73,2880
198,-171,-50,257,-5,66,2888
198,-171,-50,260,-1,73,2884
198,-171,-50,255,-1,63,2880
198,-173,-50,260,5,60,2880
198,-173,-50,251,-3,62,2892
200,-173,-51,249,-4,60,2884
200,-173,-51,260,2,66,2880
202,-178,-50,261,5,77,2880
202,-178,-50,260,-1,72,2884
203,-176,-51,262,3,66,2884
203,-176,-51,273,-1,71,2880
203,-176,-51,264,-2,63,2888
206,-176,-51,250,-2,66,2880
206,-176,-51,263,2,67,2888
200,-173,-56,257,-1,63,2884
200,-173,-56,264,-1,61,2880
194,-177,-53,269,4,69,2880
194,-177,-53,255,-8,66,2892
201,-174,-53,259,3,71,2880
201,-174,-53,259,-1,61,2880
201,-174,-53,255,9,65,2888
198,-175,-55,260,0,62,2880
198,-175,-55,261,5,53,2888
196,-176,-56,256,-3,59,2884
196,-176,-56,267,1,67,2880
198,-172,-52,268,1,65,2880
198,-172,-52,256,-2,68,2888
200,-176,-52,266,-10,69,2884
200,-176,-52,263,-1,68,2880
206,-171,-50,265,-4,62,2880
206,-171,-50,259,-6,62,2892
206,-171,-50,259,0,59,2880
205,-175,-54,269,-3,62,2880
205,-175,-54,259,1,64,2884
205,-169,-55,267,1,72,2880
205,-169,-55,254,5,63,2884
199,-176,-52,259,0,67,2884
199,-176,-52,251,-1,60,2880
200,-180,-51,261,-3,62,2880
200,-180,-51,254,2,63,2888
200,-180,-51,263,9,58,2884
197,-169,-56,268,4,63,2880
197,-169,-56,265,7,54,2880
203,-169,-46,256,-4,63,2888
203,-169,-46,275,-2,68,2884
204,-173,-49,255,5,67,2880
204,-173,-49,252,5,52,2880
202,-169,-47,257,6,49,2880
202,-169,-47,243,6,75,2888
202,-169,-47,259,-3,69,2880
203,-166,-49,268,9,62,2888
203,-166,-49,258,0,64,2888
201,-170,-44,254,-1,50,2880
201,-170,-44,262,3,55,2880
203,-159,-47,262,3,65,2892
203,-159,-47,265,5,66,2880
199,-157,-43,260,10,40,2880
199,-157,-43,259,-2,44,2888
199,-157,-43,260,3,52,2880
199,-153,-37,269,4,73,2884
199,-153,-37,261,-2,70,2884
195,-147,-34,251,-2,67,2880
195,-147,-34,263,5,52,2884
199,-136,-29,259,4,59,2888
199,-136,-29,256,3,72,2884
205,-133,-28,261,8,63,2880
205,-133,-28,263,-1,65,2880
205,-133,-28,265,2,72,2892
206,-134,-26,260,-2,75,2884
206,-134,-26,255,-2,73,2880
201,-123,-24,253,5,45,2880
201,-123,-24,256,-10,59,2884
209,-122,-17,258,-2,64,2884
209,-122,-17,257,-3,70,2884
193,-117,-20,251,0,65,2884
193,-117,-20,261,0,50,2888
193,-117,-20,261,-11,73,2888
196,-114,-14,257,-3,68,2892
196,-114,-14,255,0,66,2880
200,-105,-23,264,5,39,2880
200,-105,-23,264,4,52,2892
198,-100,-16,262,1,48,2880
198,-100,-16,272,-1,58,2880
208,-91,-18,260,6,54,2888
208,-91,-18,275,8,58,2880
208,-91,-18,255,6,62,2888
207,-82,-16,271,3,66,2888
207,-82,-16,258,1,47,2880
200,-76,-12,268,6,57,2880
200,-76,-12,258,1,72,2892
201,-70,-14,246,-4,80,2880
201,-70,-14,256,7,62,2880
201,-70,-14,259,10,52,2884
204,-58,-8,259,-1,78,2880
204,-58,-8,261,-2,65,2880
199,-53,-7,259,6,70,2884
199,-53,-7,267,3,67,2880
198,-45,-6,262,2,71,2880
198,-45,-6,257,2,64,2884
198,-45,-6,263,5,61,2880
202,-38,-14,264,2,59,2880
202,-38,-14,259,-1,69,2888
199,-34,-15,255,-2,66,2880
199,-34,-15,250,10,49,2880
208,-29,-16,263,3,59,2880
208,-29,-16,255,-8,61,2888
208,-29,-16,257,4,54,2880
209,-20,-15,262,-4,55,2880
209,-20,-15,254,-1,73,2884
194,-17,-19,263,4,64,2880
194,-17,-19,264,3,58,2884
199,-7,-17,257,4,55,2880
199,-7,-17,256,4,59,2884
199,-7,-17,255,-2,60,2880
194,-1,-21,257,4,62,2888
194,-1,-21,265,-2,53,2888
196,6,-18,258,-1,69,2880
196,6,-18,261,0,71,2884
196,6,-18,260,6,70,2892
200,18,-18,261,8,70,2880
200,18,-18,263,9,53,2880
193,25,-25,254,-6,63,2880
193,25,-25,254,1,66,2884
193,25,-25,260,2,59,2880
200,32,-18,257,2,73,2888
200,32,-18,258,-4,69,2880
196,36,-25,259,4,59,2880
196,36,-25,265,7,67,2880
204,36,-27,258,-2,64,2884
204,36,-27,264,3,75,2884
204,36,-27,256,8,69,2880
195,43,-28,260,3,70,2888
195,43,-28,252,-3,55,2884
187,48,-27,268,-1,64,2888
187,48,-27,260,6,71,2880
187,48,-27,262,0,54,2884
195,51,-31,263,1,47,2884
195,51,-31,259,6,67,2884
197,54,-25,268,3,64,2880
197,54,-25,254,5,51,2880
196,50,-33,252,-1,56,2892
196,50,-33,265,-3,65,2884
196,50,-33,256,2,62,2880
197,57,-36,258,4,71,2884
197,57,-36,260,5,44,2884
199,60,-32,251,6,76,2880
199,60,-32,258,2,66,2880
199,60,-32,257,1,59,2892
198,64,-35,252,-7,44,2884
198,64,-35,256,2,82,2880
202,68,-35,255,9,59,2888
202,68,-35,254,1,60,2880
202,68,-35,267,1,69,2884
202,70,-35,261,-5,63,2880
202,70,-35,257,0,55,2888
195,70,-35,263,-5,75,2888
195,70,-35,252,3,53,2880
192,67,-43,265,-2,56,2880
192,67,-43,265,0,74,2880
192,67,-43,264,4,58,2884
195,73,-41,259,2,62,2880
195,73,-41,257,-2,60,2888
203,69,-38,260,-6,54,2884
203,69,-38,259,-1,62,2880
203,69,-38,266,7,69,2888
199,75,-40,260,2,74,2880
199,75,-40,261,2,61,2884
197,74,-41,263,6,54,2884
197,74,-41,263,-2,52,2888
198,76,-46,257,3,65,2888
198,76,-46,256,7,58,2880
198,76,-46,257,2,68,2880
201,73,-42,257,-5,53,2892
201,73,-42,263,4,68,2884
192,78,-41,263,6,73,2884
192,78,-41,261,-1,71,2880
192,78,-41,261,0,64,2880
195,83,-51,266,3,70,2884
195,83,-51,264,4,68,2880
197,84,-49,252,7,66,2892
197,84,-49,260,4,63,2888
197,84,-49,264,4,60,2880
195,80,-46,266,2,61,2880
195,80,-46,270,6,62,2888
207,80,-49,263,0,62,2884
207,80,-49,252,5,54,2880
208,75,-48,263,7,65,2884
208,75,-48,259,5,64,2888
208,75,-48,253,-1,67,2884
205,79,-44,263,-2,75,2880
205,79,-44,255,4,56,2884
202,82,-48,251,7,61,2884
202,82,-48,257,-4,65,2880
202,82,-48,261,2,63,2884
199,80,-45,263,10,56,2888
199,80,-45,255,-2,59,2880
191,84,-45,262,2,61,2884
191,84,-45,257,-4,65,2888
198,84,-44,253,0,57,2884
198,84,-44,250,2,55,2880
198,84,-44,262,7,53,2884
198,79,-41,254,-5,71,2888
198,79,-41,261,4,66,2880
205,77,-41,267,-5,66,2884
205,77,-41,264,-2,62,2888
205,77,-41,258,-1,58,2884
201,77,-48,254,7,68,2888
201,77,-48,261,-3,62,2880
204,76,-46,263,4,62,2884
204,76,-46,260,1,64,2880
201,79,-40,258,6,58,2880
201,79,-40,256,-1,65,2884
201,79,-40,259,-4,55,2884
200,82,-45,254,4,62,2888
200,82,-45,266,3,68,2880
194,84,-41,261,0,63,2892
194,84,-41,262,5,60,2880
194,84,-41,257,6,66,2880
197,81,-49,258,-2,65,2888
197,81,-49,262,4,65,2880
194,78,-45,264,4,62,2884
194,78,-45,260,-1,66,2884
194,78,-45,268,7,56,2888
201,75,-38,262,1,58,2884
201,75,-38,251,4,60,2880
203,76,-45,261,0,59,2884
203,76,-45,266,3,70,2888
200,78,-46,260,1,60,2880
200,78,-46,253,2,64,2880
200,78,-46,260,4,59,2888
199,77,-41,260,0,63,2888
199,77,-41,261,6,63,2880
199,77,-41,257,5,52,2884
199,77,-41,264,0,60,2888
199,77,-41,262,0,57,2880
194,77,-40,254,-2,59,2884
194,77,-40,257,-5,58,2880
194,80,-43,258,1,65,2888
194,80,-43,266,5,65,2880
194,80,-43,259,0,56,2888
200,78,-38,257,5,64,2888
200,78,-38,263,0,64,2880
201,74,-40,257,-5,67,2884
201,74,-40,265,3,62,2880
206,77,-43,257,2,61,2884
206,77,-43,254,5,61,2880
206,77,-43,261,-5,62,2888
201,80,-44,256,4,62,2892
201,80,-44,262,6,62,2880
199,80,-40,263,-4,63,2880
199,80,-40,261,3,64,2884
199,80,-40,259,3,58,2884
202,79,-42,256,-5,61,2880
202,79,-42,259,5,50,2888
200,77,-43,256,3,65,2880
200,77,-43,263,-1,67,2892
194,76,-40,251,2,60,2884
194,76,-40,260,-2,61,2880
194,76,-40,261,4,64,2884
203,76,-44,261,-6,65,2884
203,76,-44,255,4,55,2888
196,79,-42,265,-1,59,2880
196,79,-42,258,-3,58,2880
196,79,-42,255,3,57,2884
199,75,-43,262,2,59,2880
199,75,-43,262,3,62,2888
200,78,-42,261,-5,67,2884
200,78,-42,254,0,62,2888
200,78,-42,260,9,59,2880
200,78,-42,263,2,62,2892
200,78,-42,262,4,68,2880
199,75,-45,257,5,51,2880
199,75,-45,255,0,63,2888
195,73,-46,263,6,60,2880
195,73,-46,259,3,63,2880
195,73,-46,263,4,61,2880
190,78,-41,263,1,62,2892
190,78,-41,266,1,61,2884
191,78,-43,264,0,64,2880
191,78,-43,260,3,60,2884
191,78,-43,264,-4,62,2880
199,73,-43,253,-2,51,2884
199,73,-43,257,-4,56,2880
195,72,-42,264,4,65,2892
195,72,-42,260,4,60,2884
203,78,-41,255,-4,58,2880
203,78,-41,267,-7,62,2888
203,78,-41,256,-3,64,2884
204,75,-37,258,-1,65,2880
204,75,-37,264,-3,70,2884
197,73,-39,266,-1,61,2888
197,73,-39,262,3,65,2880
197,73,-39,259,2,63,2884
200,78,-41,257,4,66,2884
200,78,-41,262,-1,58,2880
200,79,-43,263,-2,59,2888
200,79,-43,258,5,58,2884
191,77,-46,258,6,62,2888
191,77,-46,266,-6,55,2884
191,77,-46,262,5,61,2880
196,72,-41,258,-2,62,2884
196,72,-41,262,1,60,2884
197,79,-40,264,1,69,2880
197,79,-40,264,6,59,2880
197,79,-40,254,-1,71,2892
201,77,-45,261,5,57,2884
201,77,-45,257,4,65,2880
207,76,-39,259,3,60,2884
207,76,-39,259,2,62,2888
207,76,-39,256,7,55,2880
204,76,-42,258,2,65,2880
204,76,-42,264,6,64,2888
204,73,-42,266,-5,67,2888
204,73,-42,263,0,61,2884
195,78,-41,256,2,65,2884
195,78,-41,261,-4,65,2880
195,78,-41,261,0,63,2884
199,72,-43,262,1,56,2880
199,72,-43,261,5,65,2888
206,73,-44,259,3,63,2880
206,73,-44,262,-2,67,2880
206,73,-44,257,6,64,2884
195,77,-35,259,-1,63,2888
195,77,-35,265,9,62,2880
200,78,-41,262,5,68,2884
200,78,-41,260,5,59,2880
198,78,-42,258,1,65,2880
198,78,-42,262,6,56,2884
198,78,-42,247,6,63,2884
199,72,-39,264,-5,57,2892
199,72,-39,259,3,55,2888
197,78,-39,267,3,62,2884
197,78,-39,259,-1,72,2880
197,78,-39,258,0,54,2884
198,74,-43,259,2,63,2880
198,74,-43,260,5,61,2888
190,76,-46,257,1,65,2884
190,76,-46,258,2,52,2892
190,76,-46,267,2,63,2880
194,79,-44,263,0,64,2880
194,79,-44,262,0,61,2884
197,75,-40,256,6,59,2880
197,75,-40,266,0,58,2884
192,72,-43,261,6,70,2880
192,72,-43,258,5,58,2892
192,72,-43,261,10,55,2884
205,73,-42,265,2,66,2880
205,73,-42,262,-1,72,2888
210,79,-40,266,8,59,2884
210,79,-40,262,-2,66,2880
210,79,-40,264,-2,66,2884
196,78,-41,262,-1,59,2888
196,78,-41,261,-1,70,2884
197,79,-48,256,3,60,2880
197,79,-48,259,-2,70,2888
194,78,-43,263,-4,66,2884
194,78,-43,259,2,69,2880
194,78,-43,258,4,66,2884
198,75,-44,258,7,60,2888
198,75,-44,253,1,60,2884
195,73,-43,259,6,61,2880
195,73,-43,265,1,64,2884
195,73,-43,264,-2,70,2888
200,75,-41,262,4,64,2880
200,75,-41,260,1,63,2880
203,73,-39,261,1,60,2892
203,73,-39,262,7,59,2884
203,73,-39,253,6,61,2880
203,75,-45,253,7,70,2884
203,75,-45,260,4,58,2884
209,76,-41,262,-6,65,2880
209,76,-41,259,7,67,2880
193,76,-47,260,-6,61,2888
193,76,-47,263,4,63,2884
193,76,-47,255,5,55,2880
196,73,-41,264,-5,65,2884
196,73,-41,263,2,56,2880
195,76,-38,262,-3,63,2880
195,76,-38,253,2,72,2884
195,76,-38,261,-1,65,2884
198,71,-41,255,2,56,2888
198,71,-41,266,3,62,2884
195,75,-36,263,6,62,2880
195,75,-36,267,4,60,2892
196,74,-40,268,-2,59,2884
196,74,-40,256,-3,66,2880
196,74,-40,253,0,63,2888
207,75,-43,257,1,69,2888
207,75,-43,260,2,68,2880
201,73,-38,259,5,57,2888
201,73,-38,270,-2,61,2888
201,73,-38,261,1,64,2880
201,76,-44,265,1,67,2884
201,76,-44,264,4,64,2880
199,76,-46,261,-3,65,2884
199,76,-46,266,3,63,2880
199,76,-46,256,2,66,2884
196,77,-38,258,1,61,2892
196,77,-38,265,6,63,2880
199,76,-44,259,4,72,2880
199,76,-44,268,1,68,2884
197,75,-42,250,-2,61,2884
197,75,-42,264,3,61,2884
197,75,-42,266,1,66,2880
194,78,-41,254,2,59,2884
194,78,-41,263,5,62,2888
206,74,-47,265,-1,57,2884
206,74,-47,260,-1,65,2880
206,74,-47,261,7,58,2884
204,72,-36,257,0,66,2884
204,72,-36,257,-3,63,2880
194,73,-44,261,-1,60,2884
194,73,-44,262,6,56,2888
207,80,-44,260,3,59,2880
207,80,-44,262,4,64,2884
207,80,-44,267,-9,57,2884
193,78,-39,255,1,68,2880
193,78,-39,260,2,67,2888
188,76,-39,251,5,60,2884
188,76,-39,266,3,64,2892
188,76,-39,265,1,71,2880
192,77,-42,261,5,62,2884
192,77,-42,253,1,62,2884
196,79,-41,268,1,64,2880
196,79,-41,264,3,63,2884
196,79,-41,259,6,71,2880
202,74,-44,256,2,60,2888
202,74,-44,259,-2,57,2880
207,78,-40,258,2,68,2880
207,78,-40,261,-2,63,2884
197,72,-39,252,2,66,2880
197,72,-39,256,4,71,2880
197,72,-39,264,5,66,2884
194,79,-47,258,4,64,2880
194,79,-47,266,-2,65,2880
199,77,-44,264,1,68,2884
199,77,-44,256,-5,65,2880
199,77,-44,250,3,66,2892
194,77,-39,260,3,64,2884
194,77,-39,256,-3,63,2884
196,78,-41,256,7,61,2880
196,78,-41,259,5,60,2884
196,78,-41,260,-3,77,2880
196,73,-38,259,6,60,2880
196,73,-38,259,9,57,2892
198,71,-41,261,0,68,2880
198,71,-41,266,0,64,2880
203,71,-40,262,1,59,2884
203,71,-40,261,8,71,2884
203,71,-40,264,3,63,2880
205,72,-40,259,1,65,2880
205,72,-40,265,-2,68,2884
199,75,-46,261,4,65,2888
199,75,-46,252,0,63,2880
199,75,-46,262,6,57,2884
192,78,-42,260,7,52,2884
192,78,-42,256,4,60,2880
194,75,-45,262,-1,61,2880
194,75,-45,259,7,56,2880
194,75,-45,258,8,62,2892
201,76,-35,267,3,60,2884
201,76,-35,255,2,61,2884
198,71,-42,258,0,61,2884
198,71,-42,260,-2,70,2880
196,76,-42,253,6,63,2888
196,76,-42,262,5,57,2880
196,76,-42,262,4,60,2888
204,75,-41,254,6,58,2888
204,75,-41,255,3,65,2880
201,76,-42,256,3,56,2880
201,76,-42,266,5,69,2892
201,76,-42,256,5,61,2884
200,76,-42,252,3,74,2884
200,76,-42,265,-6,59,2880
196,78,-43,263,4,59,2884
196,78,-43,261,1,66,2880
196,78,-43,253,-3,60,2884
189,79,-42,268,4,64,2892
189,79,-42,256,2,60,2880
191,80,-45,260,0,62,2880
191,80,-45,255,-3,60,2880
201,73,-44,254,6,68,2884
201,73,-44,255,-2,58,2880
201,73,-44,258,1,65,2884
204,78,-39,262,-1,63,2892
204,78,-39,259,7,60,2880
201,73,-39,256,5,60,2880
201,73,-39,252,2,63,2884
201,73,-39,253,1,64,2884
196,74,-41,255,6,55,2880
196,74,-41,251,2,56,2888
203,78,-46,264,1,65,2884
203,78,-46,264,1,63,2888
203,78,-46,256,4,61,2884
202,76,-36,253,0,69,2880
202,76,-36,264,1,61,2884
200,79,-41,264,-7,59,2888
200,79,-41,265,-5,63,2880
195,72,-40,274,0,61,2880
195,72,-40,258,-1,67,2892
195,72,-40,257,5,66,2884
198,77,-42,266,2,64,2880
198,77,-42,263,-6,60,2884
198,78,-42,264,7,64,2880
198,78,-42,266,-1,62,2880
198,78,-42,266,1,63,2880
205,76,-33,255,5,61,2892
205,76,-33,262,1,66,2884
198,74,-43,263,9,57,2880
198,74,-43,258,2,62,2888
199,74,-42,254,1,64,2888
199,74,-42,256,2,61,2880
199,74,-42,264,2,62,2880
201,76,-42,258,0,65,2888
201,76,-42,257,2,60,2880
195,78,-43,254,1,52,2880
195,78,-43,261,4,52,2888
195,78,-43,259,5,59,2888
193,74,-41,264,1,61,2880
193,74,-41,257,-1,60,2884
205,76,-45,264,-8,68,2884
205,76,-45,257,-6,62,2880
205,76,-45,263,4,60,2880
197,76,-40,258,4,60,2880
197,76,-40,264,-1,63,2892
199,77,-40,252,-7,66,2880
199,77,-40,267,0,65,2884
202,77,-44,262,8,61,2880
202,77,-44,256,3,63,2880
202,77,-44,261,2,68,2884
199,75,-45,267,3,61,2880
199,75,-45,264,2,67,2892
201,76,-39,261,4,56,2884
201,76,-39,265,0,62,2880
201,76,-39,261,1,53,2880
200,78,-43,256,-13,61,2884
200,78,-43,263,3,58,2884
198,77,-41,257,0,64,2888
198,77,-41,259,5,57,2880
200,79,-42,264,4,59,2892
200,79,-42,265,-4,69,2880
200,79,-42,262,3,64,2880
199,80,-40,263,4,58,2884
199,80,-40,266,3,64,2884
199,75,-41,262,5,62,2880
199,75,-41,260,2,62,2880
199,75,-41,259,0,68,2892
196,74,-45,258,4,60,2880
196,74,-45,253,4,53,2880
197,79,-43,261,4,53,2888
197,79,-43,254,5,61,2880
197,79,-43,254,1,62,2884
207,78,-45,255,-3,59,2880
207,78,-45,258,3,59,2888
199,76,-45,266,-1,59,2884
199,76,-45,267,1,64,2880
201,77,-47,262,6,57,2884
201,77,-47,260,-1,58,2880
201,77,-47,268,3,61,2884
198,77,-41,264,5,67,2880
198,77,-41,264,6,64,2888
202,77,-46,267,-1,68,2880
202,77,-46,263,2,60,2880
202,77,-46,257,-2,53,2884
201,78,-46,265,6,54,2880
201,78,-46,256,6,67,2880
196,75,-48,251,-1,69,2884
196,75,-48,264,1,63,2884
196,75,-48,261,3,64,2880
202,76,-43,247,-4,67,2884
202,76,-43,264,0,64,2880
207,77,-40,252,2,68,2892
207,77,-40,261,-5,66,2884
199,78,-41,260,3,72,2880
199,78,-41,250,-2,63,2880
199,78,-41,258,-3,61,2884
198,74,-43,261,1,66,2880
198,74,-43,251,-1,57,2880
194,78,-46,267,-5,62,2880
194,78,-46,264,6,65,2880
194,73,-44,257,11,64,2880
191,73,-44,264,-3,57,2888
191,73,-44,257,2,67,2884
200,74,-45,252,4,60,2880
200,74,-45,265,2,60,2884
201,79,-43,258,2,62,2880
201,79,-43,266,0,63,2884
201,79,-43,258,5,66,2880
201,80,-45,265,5,66,2880
201,80,-45,261,-1,71,2884
206,75,-49,256,3,57,2880
206,75,-49,263,-5,68,2880
206,75,-49,252,-8,62,2892
204,75,-40,263,4,63,2880
204,75,-40,261,5,64,2880
202,82,-44,263,-4,64,2884
202,82,-44,260,-1,58,2880
197,76,-41,255,0,53,2880
197,76,-41,253,-8,64,2880
197,76,-41,257,-2,55,2880
194,76,-46,255,-3,54,2880
194,76,-46,255,-7,64,2880
194,77,-44,262,5,70,2892
194,77,-44,264,-1,62,2884
204,74,-43,267,8,63,2880
204,74,-43,258,0,62,2888
204,74,-43,256,7,61,2880
200,78,-38,262,-5,64,2884
200,78,-38,256,5,68,2880
208,73,-44,266,9,61,2888
208,73,-44,261,2,63,2888
208,73,-44,264,4,67,2884
203,77,-46,259,-3,60,2880
203,77,-46,253,3,63,2880
199,79,-44,264,4,63,2880
199,79,-44,265,-2,63,2884
199,79,-44,262,3,61,2884
202,79,-43,263,8,58,2880
202,79,-43,261,-8,65,2884
198,76,-43,267,3,62,2880
198,76,-43,255,5,59,2892
190,80,-43,253,-1,67,2884
190,80,-43,259,5,66,2880
190,80,-43,260,5,64,2880
202,77,-47,256,5,60,2884
202,77,-47,261,5,61,2880
205,81,-47,265,-2,61,2884
205,81,-47,257,-3,66,2892
205,81,-47,262,5,59,2880
207,81,-46,259,4,65,2884
207,81,-46,269,-3,70,2880
203,77,-47,268,-7,69,2884
203,77,-47,263,0,54,2880
205,81,-44,267,-5,72,2888
205,81,-44,257,1,64,2888
205,81,-44,264,0,62,2880
200,74,-47,270,0,65,2884
200,74,-47,261,2,60,2880
196,80,-46,267,2,56,2884
196,80,-46,265,2,57,2880
196,80,-46,265,0,62,2888
200,81,-50,263,2,61,2880
200,81,-50,250,4,62,2892
203,79,-49,258,-2,57,2884
203,79,-49,259,-3,62,2880
203,79,-49,269,1,55,2884
202,72,-41,265,-6,62,2884
202,72,-41,259,9,62,2888
205,70,-38,252,0,62,2880
205,70,-38,253,3,65,2892
203,80,-45,269,-1,66,2880
203,80,-45,257,2,65,2880
203,80,-45,264,0,67,2884
205,78,-41,263,-5,65,2884
205,78,-41,257,7,58,2880
202,79,-45,258,5,69,2884
202,79,-45,268,-2,66,2888
202,79,-45,266,0,59,2880
203,81,-47,261,7,62,2884
203,81,-47,259,2,63,2884
193,76,-44,264,-1,53,2880
193,76,-44,260,2,61,2888
200,80,-41,251,1,67,2884
200,80,-41,267,1,59,2888
200,80,-41,263,0,67,2880
200,78,-44,259,0,55,2884
200,78,-44,258,3,65,2884
206,76,-45,260,3,58,2880
206,76,-45,266,-5,67,2884
206,76,-45,268,6,53,2880
207,76,-40,259,4,66,2888
207,76,-40,261,3,65,2888
205,77,-46,265,0,58,2884
205,77,-46,258,0,61,2880
205,77,-46,260,1,63,2892
204,81,-41,262,3,56,2880
204,81,-41,261,-3,63,2884
202,79,-45,266,-2,68,2880
202,79,-45,260,-3,67,2884
197,78,-45,260,0,61,2880
197,78,-45,262,-1,62,2880
197,78,-45,261,4,63,2884
200,78,-46,260,0,61,2880
200,78,-46,259,0,67,2880
208,76,-49,264,6,65,2880
208,76,-49,259,5,58,2880
208,76,-49,266,4,55,2880
198,75,-46,252,6,61,2884
198,75,-46,267,2,67,2880
204,77,-47,261,2,69,2880
204,77,-47,264,-4,70,2884
204,77,-47,258,4,66,2880
202,83,-34,261,7,72,2884
202,83,-34,264,0,57,2884
204,81,-43,264,-7,68,2880
204,81,-43,257,5,56,2880
200,79,-49,263,-2,69,2892
200,79,-49,261,8,66,2884
200,79,-49,267,3,55,2880
194,79,-42,260,4,64,2884
194,79,-42,259,2,65,2884
191,78,-44,257,7,47,2880
191,78,-44,257,-1,62,2880
191,78,-44,258,0,62,2892
196,75,-51,266,-2,56,2884
196,75,-51,265,4,64,2880
193,77,-42,255,2,63,2888
193,77,-42,259,1,61,2884
205,81,-46,267,5,65,2880
205,81,-46,262,1,67,2880
205,81,-46,263,-5,68,2892
207,80,-42,262,2,70,2884
207,80,-42,257,4,66,2880
202,80,-42,263,1,71,2888
202,80,-42,249,4,65,2888
202,80,-42,256,2,59,2880
201,81,-45,260,-1,63,2880
201,81,-45,251,-2,67,2888
200,73,-43,261,3,60,2884
200,73,-43,262,4,57,2880
200,73,-43,257,-4,60,2884
195,76,-45,261,2,67,2880
195,76,-45,260,5,62,2884
201,79,-41,264,-5,65,2880
201,79,-41,261,-1,49,2888
201,83,-43,259,4,54,2884
201,83,-43,259,5,60,2880
201,83,-43,262,2,64,2884
206,73,-48,259,-1,60,2880
206,73,-48,266,0,67,2880
204,75,-45,262,1,52,2880
204,75,-45,256,1,54,2888
204,75,-45,254,5,64,2880
202,78,-45,264,-3,70,2880
202,78,-45,255,-3,68,2884
203,80,-43,267,1,67,2880
203,80,-43,260,2,67,2880
198,78,-45,254,3,65,2884
198,78,-45,259,1,60,2880
198,78,-45,260,5,56,2880
200,79,-45,249,3,59,2884
200,79,-45,262,5,61,2884
195,75,-41,266,5,51,2892
195,75,-41,259,5,60,2884
195,75,-41,269,4,65,2880
196,79,-42,264,7,62,2880
196,79,-42,257,4,67,2884
197,76,-48,261,-9,72,2884
197,76,-48,266,2,59,2880
197,76,-48,259,11,61,2884
201,77,-46,256,4,53,2888
201,77,-46,263,7,61,2880
200,79,-46,261,1,61,2884
200,79,-46,255,4,61,2884
199,81,-40,265,4,59,2880
199,81,-40,260,4,59,2884
199,81,-40,255,8,61,2880
206,83,-45,268,-2,72,2892
206,83,-45,262,0,66,2884
205,80,-47,257,0,59,2880
205,80,-47,267,4,67,2884
205,80,-47,265,4,65,2884
191,75,-47,259,1,64,2880
191,75,-47,261,6,65,2880
203,75,-43,263,4,62,2888
203,75,-43,250,5,71,2880
203,75,-43,261,-1,55,2880
198,75,-44,260,1,68,2884
198,75,-44,261,3,62,2888
202,80,-47,266,6,50,2880
202,80,-47,263,2,70,2884
202,80,-47,256,9,63,2880
209,79,-44,263,-1,59,2884
209,79,-44,263,-2,63,2880
203,80,-46,258,1,56,2888
203,80,-46,261,5,67,2888
203,79,-47,269,4,60,2880
203,79,-47,253,3,66,2880
203,79,-47,263,3,53,2884
199,79,-43,260,0,66,2884
199,79,-43,256,4,64,2880
197,78,-46,266,0,67,2888
197,78,-46,258,-1,67,2884
197,78,-46,262,1,64,2888
194,82,-44,256,-1,66,2880
194,82,-44,258,6,63,2880
205,69,-46,262,3,58,2888
205,69,-46,261,5,61,2884
200,77,-41,258,-1,68,2880
200,77,-41,264,5,69,2884
200,77,-41,270,2,59,2888
206,78,-46,254,5,66,2884
206,78,-46,258,-5,62,2880
203,78,-46,263,-1,64,2888
203,78,-46,263,5,57,2884
203,78,-46,262,3,55,2880
205,77,-42,257,5,57,2880
205,77,-42,264,-7,62,2892
199,81,-42,264,1,61,2884
199,81,-42,264,2,68,2880
199,81,-42,258,-1,63,2884
195,77,-45,266,5,67,2880
195,77,-45,258,1,52,2880
195,80,-47,264,-4,64,2880
195,80,-47,263,1,62,2892
200,82,-45,259,0,58,2884
200,82,-45,261,-2,56,2880
200,82,-45,255,5,62,2888
198,80,-44,264,4,59,2888
198,80,-44,258,1,65,2880
205,72,-45,257,1,65,2880
205,72,-45,260,-1,60,2888
205,72,-45,260,1,68,2884
205,75,-43,255,-4,72,2880
205,75,-43,257,3,67,2888
202,79,-48,259,-3,64,2880
202,79,-48,260,4,64,2884
200,79,-50,254,0,65,2880
200,79,-50,262,2,61,2888
200,79,-50,259,1,69,2888
196,77,-46,258,4,72,2884
196,77,-46,262,1,67,2880
192,76,-46,266,-6,60,2892
192,76,-46,260,2,66,2884
192,76,-46,262,4,61,2880
195,80,-48,266,4,61,2880
195,80,-48,260,3,60,2884
202,79,-43,259,5,71,2884
202,79,-43,271,4,65,2880
202,79,-43,258,-1,52,2892
198,74,-45,264,3,69,2888
198,74,-45,258,8,69,2880
205,79,-49,265,2,59,2880
205,79,-49,263,-2,60,2888
202,80,-45,263,3,59,2880
202,80,-45,260,0,56,2884
202,80,-45,262,0,65,2880
203,79,-41,262,6,62,2892
203,79,-41,260,-1,65,2880
199,79,-48,258,0,71,2880
199,79,-48,259,2,63,2884
199,79,-48,259,-3,62,2880
192,78,-46,254,0,57,2880
192,78,-46,260,-1,68,2884
196,79,-45,270,9,56,2888
196,79,-45,252,-5,65,2880
197,79,-37,259,-1,59,2884
197,79,-37,257,-4,67,2884
197,79,-37,255,5,63,2880
203,79,-44,260,1,60,2888
203,79,-44,263,1,67,2880
198,73,-46,259,5,55,2892
198,73,-46,266,1,56,2880
198,73,-46,256,3,71,2880
205,80,-44,256,4,54,2884
205,80,-44,260,4,63,2884
201,73,-45,257,2,63,2880
201,73,-45,255,6,61,2880
201,73,-45,250,4,59,2892
199,73,-44,260,3,58,2884
199,73,-44,259,5,62,2880
195,81,-47,260,-1,55,2884
195,81,-47,258,4,69,2880
196,79,-44,264,-2,59,2884
196,79,-44,262,5,62,2880
196,79,-44,253,4,59,2888
199,78,-43,264,4,51,2884
199,78,-43,263,5,58,2880
202,77,-45,267,1,74,2884
202,77,-45,258,4,60,2888
202,77,-45,260,-1,55,2880
196,75,-47,263,8,55,2884
196,75,-47,263,-2,70,2880
203,80,-41,259,1,65,2880
203,80,-41,250,0,56,2884
203,80,-41,250,3,61,2880
200,69,-42,259,0,59,2892
200,69,-42,256,4,55,2888
198,78,-46,266,1,65,2880
198,78,-46,266,-3,71,2880
199,79,-43,265,0,57,2884
199,79,-43,260,2,61,2880
199,79,-43,260,-2,62,2888
198,81,-45,264,-8,70,2892
198,81,-45,255,5,73,2880
198,83,-49,260,5,56,2880
198,83,-49,260,3,61,2884
198,83,-49,260,4,70,2884
196,81,-38,257,3,65,2880
196,81,-38,256,3,63,2888
202,81,-41,260,0,57,2884
202,81,-41,261,2,72,2888
202,81,-41,259,-1,71,2884
198,77,-44,263,2,61,2880
198,77,-44,253,7,63,2884
207,77,-45,260,6,57,2884
207,77,-45,256,-1,66,2880
191,80,-46,267,4,63,2880
191,80,-46,250,6,56,2892
191,80,-46,267,4,69,2880
200,78,-48,266,-1,64,2880
200,78,-48,261,-2,62,2888
195,80,-45,266,-3,60,2880
195,80,-45,257,-3,66,2888
195,80,-45,258,1,65,2884
201,69,-45,262,6,60,2888
201,69,-45,258,4,61,2884
198,77,-45,263,2,59,2880
198,77,-45,258,2,62,2884
201,79,-49,267,-1,55,2888
201,79,-49,260,2,61,2880
201,79,-49,255,2,57,2880
207,76,-46,260,4,65,2892
207,76,-46,261,0,57,2884
206,75,-46,262,2,67,2880
206,75,-46,263,-2,65,2884
206,75,-46,259,3,61,2880
195,76,-48,254,2,62,2884
195,76,-48,256,-3,63,2880
198,77,-45,267,-2,55,2888
198,77,-45,251,-4,55,2884
195,79,-48,266,1,58,2880
195,79,-48,267,3,68,2888
195,79,-48,261,0,64,2880
199,80,-41,255,4,61,2884
199,80,-41,264,2,63,2880
192,78,-42,257,4,68,2888
192,78,-42,262,3,65,2880
192,78,-42,256,5,63,2880
202,78,-45,267,4,66,2888
202,78,-45,256,3,61,2888
203,80,-47,263,0,67,2880
203,80,-47,266,-9,64,2884
203,80,-47,265,6,57,2880
201,76,-46,258,0,66,2884
201,76,-46,262,-1,63,2880
198,79,-47,264,3,56,2884
198,79,-47,262,8,62,2880
198,82,-45,258,0,69,2884
198,82,-45,260,4,60,2880
198,82,-45,259,-6,63,2880
195,77,-40,264,5,56,2888
195,77,-40,262,0,56,2884
195,75,-45,260,-3,62,2880
195,75,-45,262,4,66,2884
195,75,-45,261,5,59,2888
196,79,-43,260,-1,62,2880
196,79,-43,266,3,65,2884
194,82,-46,262,4,60,2884
194,82,-46,260,-2,73,2884
194,82,-46,254,3,65,2880
204,75,-41,260,1,60,2884
204,75,-41,262,1,57,2888
205,78,-48,262,-2,66,2884
205,78,-48,252,4,54,2880
202,75,-43,253,3,50,2884
202,75,-43,257,5,68,2884
202,75,-43,250,0,55,2876
198,77,-46,256,4,66,2880
198,77,-46,268,5,61,2892
198,76,-49,260,2,60,2884
198,76,-49,256,7,55,2880
198,76,-49,267,2,66,2884
196,75,-45,255,-2,57,2880
196,75,-45,267,8,62,2884
193,78,-47,258,-2,65,2880
193,78,-47,259,-1,66,2888
196,78,-42,262,3,60,2884
196,78,-42,254,6,60,2880
196,78,-42,263,3,61,2884
206,68,-43,258,3,63,2880
206,68,-43,259,0,60,2884
210,80,-50,262,5,69,2880
210,80,-50,263,-3,55,2880
210,80,-50,257,-4,67,2884
210,81,-46,261,4,50,2880
210,81,-46,258,-1,65,2880
201,75,-49,252,1,61,2880
201,75,-49,259,1,66,2880
201,75,-49,259,-1,56,2880
197,81,-45,268,4,57,2888
197,81,-45,259,0,68,2880
195,77,-46,264,1,63,2880
195,77,-46,258,0,60,2888
199,77,-45,250,3,66,2888
199,77,-45,261,6,62,2888
199,77,-45,261,1,63,2880
199,78,-42,267,-2,71,2880
199,78,-42,258,-2,66,2884
202,78,-45,262,-2,71,2880
202,78,-45,261,-1,62,2888
202,78,-45,251,4,59,2888
204,77,-41,260,3,62,2880
204,77,-41,251,7,57,2884
207,76,-45,261,0,63,2880
207,76,-45,265,-3,58,2884
205,78,-48,263,5,60,2880
205,78,-48,266,-3,65,2884
205,78,-48,256,4,65,2888
201,87,-45,262,1,70,2880
201,87,-45,264,-1,58,2884
203,77,-43,259,1,55,2880
203,77,-43,259,-3,69,2884
203,77,-43,264,-1,65,2880
192,77,-42,262,1,59,2888
192,77,-42,255,-5,66,2888
201,82,-43,261,0,67,2880
201,82,-43,260,3,53,2884
202,81,-42,262,4,62,2880
202,81,-42,259,5,64,2884
202,81,-42,262,2,58,2880
205,77,-44,259,2,60,2888
205,77,-44,259,2,59,2880
210,75,-42,257,2,55,2892
210,75,-42,262,-5,59,2880
210,75,-42,260,-1,64,2884
208,80,-47,254,3,64,2884
208,80,-47,267,1,63,2880
200,76,-44,262,3,67,2880
200,76,-44,256,3,66,2884
200,76,-44,263,3,56,2888
200,82,-48,262,-6,62,2884
200,82,-48,261,-1,64,2880
197,81,-45,269,-2,59,2884
197,81,-45,253,1,62,2884
199,81,-47,261,2,67,2880
199,81,-47,257,1,66,2884
199,81,-47,263,2,61,2888
204,76,-43,262,-2,70,2884
204,76,-43,257,5,60,2880
205,78,-43,264,3,62,2888
205,78,-43,262,1,56,2884
205,78,-43,257,5,55,2880
203,79,-48,259,2,55,2880
203,79,-48,261,3,62,2892
206,73,-43,269,3,62,2884
206,73,-43,257,1,61,2880
206,73,-43,270,6,60,2884
198,80,-47,267,7,59,2880
198,80,-47,261,0,55,2884
202,79,-47,258,3,65,2880
202,79,-47,255,-8,56,2880
194,77,-46,268,8,63,2888
194,77,-46,266,-3,61,2880
194,77,-46,266,2,65,2880
197,78,-46,261,7,56,2892
197,78,-46,258,2,58,2880
192,81,-43,262,-6,64,2884
192,81,-43,264,-8,64,2880
192,81,-43,265,-1,62,2884
208,80,-43,262,5,66,2880
208,80,-43,268,-1,60,2880
204,72,-44,258,3,61,2884
204,72,-44,267,4,59,2880
203,79,-44,253,-12,66,2880
203,79,-44,261,-3,67,2888
203,79,-44,261,-1,67,2884
201,79,-40,268,-4,66,2880
201,79,-40,263,0,70,2888
199,79,-47,257,-7,74,2884
199,79,-47,264,0,63,2880
199,79,-47,265,5,61,2884
197,80,-39,252,8,62,2884
197,80,-39,267,-6,66,2884
201,77,-45,266,-3,66,2880
201,77,-45,254,8,51,2888
195,78,-46,264,0,62,2884
195,78,-46,261,1,63,2880
195,78,-46,261,2,69,2884
195,77,-43,256,5,51,2888
195,77,-43,257,0,55,2888
205,80,-47,260,1,69,2880
205,80,-47,269,-13,62,2884
205,80,-47,261,-2,56,2880
200,81,-44,259,1,55,2888
200,81,-44,255,1,60,2880
198,77,-48,258,5,54,2888
198,77,-48,264,-3,59,2888
200,79,-48,260,2,61,2880
200,79,-48,263,5,68,2884
200,79,-48,259,-4,66,2880
194,79,-47,261,3,62,2884
194,79,-47,252,4,69,2880
189,79,-46,264,3,54,2884
189,79,-46,266,-1,59,2880
189,79,-46,262,7,63,2880
197,79,-45,259,1,65,2884
197,79,-45,260,1,65,2888
198,79,-42,264,2,63,2880
198,79,-42,261,-3,68,2884
198,79,-42,264,1,76,2880
199,74,-41,264,0,69,2884
199,74,-41,259,-4,55,2880
205,80,-46,258,1,63,2888
205,80,-46,262,3,64,2888
200,78,-43,262,2,66,2880
200,78,-43,252,4,63,2884
200,78,-43,265,1,65,2880
204,80,-40,257,4,62,2884
204,80,-40,258,-4,70,2880
197,75,-45,260,2,50,2888
197,75,-45,263,4,63,2880
197,75,-45,254,0,67,2892
198,82,-43,267,4,63,2880
198,82,-43,262,5,62,2880
201,77,-42,265,6,67,2888
201,77,-42,258,-8,67,2880
201,76,-42,246,-1,55,2888
195,76,-42,268,-2,66,2884
195,76,-42,256,2,64,2888
201,74,-49,261,-5,59,2880
201,74,-49,252,1,62,2884
203,81,-47,262,-5,57,2888
203,81,-47,265,0,58,2884
203,81,-47,262,3,57,2880
197,74,-45,263,2,65,2884
197,74,-45,267,-2,66,2888
199,74,-46,251,3,63,2880
199,74,-46,265,-3,67,2884
198,85,-44,256,10,59,2884
198,85,-44,254,3,61,2884
198,85,-44,257,0,58,2880
197,80,-44,259,8,61,2884
197,80,-44,256,3,63,2888
198,78,-43,258,5,70,2884
198,78,-43,264,4,69,2880
198,78,-43,259,6,65,2884
202,79,-46,258,-1,66,2888
202,79,-46,261,1,58,2884
202,76,-40,257,-1,69,2880
202,76,-40,261,5,64,2892
202,76,-40,259,-4,63,2884
210,79,-47,258,-2,59,2880
210,79,-47,257,4,66,2884
205,77,-47,260,3,69,2884
205,77,-47,250,5,59,2880
204,78,-49,260,2,59,2880
204,78,-49,260,2,65,2892
204,78,-49,256,4,62,2884
195,78,-46,262,5,65,2880
195,78,-46,261,1,67,2884
196,79,-45,258,4,59,2880
196,79,-45,250,-4,61,2884
196,79,-45,256,3,67,2880
198,83,-39,267,-5,65,2888
198,83,-39,261,1,62,2888
198,79,-41,250,-11,66,2880
198,79,-41,255,4,64,2888
196,78,-45,259,5,47,2880
196,78,-45,266,-1,64,2884
196,78,-45,265,8,58,2880
206,76,-40,256,0,63,2888
206,76,-40,264,-2,64,2888
206,80,-39,259,3,63,2884
206,80,-39,256,5,59,2880
206,80,-39,260,-4,61,2880
205,76,-46,256,-3,64,2880
205,76,-46,257,4,58,2884
202,80,-47,261,4,62,2888
202,80,-47,264,-4,61,2888
202,74,-39,255,7,58,2880
204,74,-39,257,1,58,2884
204,74,-39,257,4,60,2880
204,76,-49,254,3,57,2880
204,76,-49,263,-1,65,2880
198,78,-47,261,2,65,2888
198,78,-47,253,-2,58,2888
198,78,-47,262,4,64,2880
199,80,-42,256,7,62,2880
199,80,-42,252,6,66,2892
203,80,-42,266,0,65,2880
203,80,-42,259,-1,62,2884
203,80,-42,266,3,68,2880
203,77,-39,260,-2,67,2884
203,77,-39,246,-1,60,2880
200,76,-44,268,0,63,2880
200,76,-44,263,4,60,2892
199,81,-42,262,8,66,2880
199,81,-42,254,-2,60,2884
199,81,-42,259,2,63,2880
192,79,-47,261,-1,61,2880
192,79,-47,259,3,65,2880
193,81,-41,259,-1,72,2880
193,81,-41,258,-4,64,2892
193,81,-41,267,-3,58,2880
196,81,-39,255,5,56,2880
196,81,-39,263,5,64,2888
204,78,-41,265,4,62,2880
204,78,-41,259,-2,65,2880
197,78,-46,259,2,57,2884
197,78,-46,263,1,58,2888
197,78,-46,257,2,64,2880
205,76,-46,263,-2,69,2884
205,76,-46,265,2,61,2880
197,77,-49,254,5,58,2884
197,77,-49,259,-1,59,2880
197,77,-49,249,1,59,2888
198,74,-47,264,-4,68,2888
198,74,-47,260,1,71,2880
200,75,-45,253,-5,66,2884
200,75,-45,265,2,65,2880
196,82,-45,262,5,60,2884
196,82,-45,262,3,69,2880
196,82,-45,264,-3,58,2884
202,80,-42,260,-1,64,2892
202,80,-42,261,1,69,2880
191,75,-44,259,11,57,2884
191,75,-44,267,-4,67,2880
191,75,-44,258,2,65,2884
200,75,-46,258,-4,70,2880
200,75,-46,259,-6,62,2880
206,79,-45,265,-1,62,2884
206,79,-45,256,0,59,2880
201,77,-39,266,-3,61,2880
201,77,-39,258,1,66,2888
201,77,-39,260,6,60,2884
211,80,-45,261,5,66,2880
211,80,-45,261,-1,61,2884
201,81,-45,261,0,56,2880
201,81,-45,252,-2,67,2880
201,81,-45,266,4,67,2880
197,82,-40,259,2,65,2884
197,82,-40,251,8,61,2880
204,75,-44,260,-3,57,2880
204,75,-44,262,5,57,2884
197,75,-43,256,4,60,2892
197,75,-43,261,0,63,2880
197,75,-43,263,9,65,2884
206,77,-46,261,0,56,2880
206,77,-46,263,4,59,2884
207,78,-43,262,2,58,2880
207,78,-43,259,5,58,2888
207,78,-43,261,-2,61,2884
208,72,-47,259,6,59,2880
208,72,-47,260,0,62,2880
196,77,-39,258,8,57,2884
196,77,-39,255,-2,64,2884
196,77,-39,257,-3,61,2884
198,78,-41,260,7,57,2888
198,78,-41,260,0,63,2880
205,77,-47,261,3,62,2892
205,77,-47,257,0,60,2880
197,78,-47,252,4,63,2880
197,78,-47,262,-5,60,2888
197,78,-47,266,-9,66,2880
201,78,-47,257,5,58,2880
201,78,-47,264,-5,58,2884
196,75,-43,259,3,62,2888
196,75,-43,251,3,59,2880
196,75,-43,261,4,65,2884
204,78,-47,257,7,63,2884
204,78,-47,264,4,60,2880
206,77,-47,261,-1,56,2880
206,77,-47,262,5,61,2880
206,77,-47,256,7,50,2892
203,72,-42,266,-4,63,2880
203,72,-42,267,-1,65,2884
200,72,-48,252,1,57,2884
200,72,-48,263,1,71,2880
203,81,-44,263,-8,67,2880
203,81,-44,265,-4,72,2880
203,81,-44,263,-2,57,2892
196,75,-45,266,5,55,2884
196,75,-45,264,4,60,2880
196,79,-47,264,2,67,2888
196,79,-47,266,5,58,2884
196,79,-47,261,0,67,2880
199,75,-45,259,2,65,2880
199,75,-45,262,3,71,2892
197,79,-46,258,5,61,2884
197,79,-46,261,1,61,2880
210,79,-44,263,0,68,2884
210,79,-44,258,0,63,2880
210,79,-44,257,2,62,2884
201,80,-42,254,2,64,2880
201,80,-42,254,6,55,2880
205,77,-45,257,4,63,2884
205,77,-45,258,4,56,2880
205,77,-45,262,4,69,2884
202,77,-45,262,4,60,2892
202,77,-45,257,9,55,2880
197,80,-43,268,-2,60,2880
197,80,-43,265,6,56,2884
197,80,-43,262,-3,65,2884
196,72,-43,250,3,65,2880
196,72,-43,259,1,70,2888
200,79,-42,265,2,68,2880
200,79,-42,259,3,68,2892
204,78,-42,267,3,66,2884
204,78,-42,261,4,61,2880
204,78,-42,260,3,49,2884
198,72,-40,257,-4,62,2884
198,72,-40,257,4,60,2880
203,76,-43,260,6,66,2880
203,76,-43,261,3,62,2892
203,76,-43,259,5,68,2880
205,81,-43,260,-2,64,2880
205,81,-43,260,-5,58,2888
197,79,-46,261,1,62,2884
197,79,-46,257,5,65,2880
197,79,-46,259,4,57,2880
196,78,-49,262,-7,63,2892
196,78,-49,259,3,49,2884
196,77,-43,257,-1,64,2880
196,77,-43,264,4,60,2884
192,79,-45,257,-5,62,2888
192,79,-45,263,2,62,2880
192,79,-45,256,7,50,2880
195,73,-42,260,-5,69,2892
195,73,-42,265,3,54,2884
206,76,-45,261,-1,69,2880
206,76,-45,264,2,62,2888
206,76,-45,268,-2,65,2888
206,77,-45,262,4,68,2880
206,77,-45,267,-1,65,2880
203,82,-41,251,9,54,2892
203,82,-41,253,3,65,2880
205,77,-42,255,1,65,2880
205,77,-42,262,1,66,2888
205,77,-42,256,-4,63,2880
193,79,-45,257,7,53,2888
193,79,-45,266,2,60,2880
197,79,-46,258,-2,64,2888
197,79,-46,260,4,54,2884
197,79,-46,256,0,61,2880
193,78,-45,253,0,62,2884
193,78,-45,265,1,63,2880
199,84,-47,260,5,59,2884
199,84,-47,260,2,61,2880
199,84,-47,256,4,61,2880
211,73,-42,258,4,55,2884
211,73,-42,258,3,59,2880
204,78,-42,258,5,52,2884
204,78,-42,257,3,50,2892
199,79,-42,259,7,58,2880
199,79,-42,267,5,61,2880
199,79,-42,256,-2,68,2884
204,81,-47,260,1,59,2884
204,81,-47,257,5,65,2880
197,82,-48,261,1,59,2888
197,82,-48,259,0,51,2884
197,82,-48,261,3,54,2888
196,76,-40,263,4,53,2884
196,76,-40,260,2,68,2880
196,78,-46,260,1,65,2884
196,78,-46,259,1,63,2888
196,78,-46,254,0,64,2880
203,75,-45,262,-3,62,2880
203,75,-45,258,3,62,2892
201,78,-42,268,4,65,2884
201,78,-42,263,-4,66,2880
202,78,-42,263,2,60,2888
202,78,-42,265,3,61,2880
202,78,-42,264,1,53,2884
200,81,-45,263,5,67,2880
200,81,-45,266,-2,61,2888
199,78,-49,257,3,55,2884
199,78,-49,263,3,57,2880
199,78,-49,261,1,60,2884
198,79,-44,265,2,56,2888
198,79,-44,259,4,60,2880
198,79,-46,260,5,69,2884
198,79,-46,258,1,57,2880
198,79,-46,261,6,59,2884
199,77,-45,259,3,61,2880
199,77,-45,248,2,59,2888
204,81,-48,265,1,58,2880
204,81,-48,260,0,64,2892
196,72,-42,258,2,57,2884
196,72,-42,259,2,62,2880
196,72,-42,260,5,59,2884
209,75,-41,263,1,64,2880
209,75,-41,262,2,75,2880
212,78,-47,260,5,56,2880
212,78,-47,261,-6,69,2892
212,78,-47,256,-1,64,2884
200,79,-46,262,4,66,2880
200,79,-46,255,-5,64,2888
201,78,-46,262,-6,67,2884
201,78,-46,256,6,66,2880
201,78,-46,262,2,68,2880
196,77,-41,259,4,59,2892
196,77,-41,266,-6,64,2880
193,74,-42,257,-4,63,2880
193,74,-42,261,4,62,2888
194,71,-46,257,0,63,2880
194,71,-46,260,1,58,2880
194,71,-46,257,2,67,2884
200,80,-49,258,1,74,2892
200,80,-49,264,3,68,2884
200,76,-41,263,-5,64,2880
200,76,-41,263,2,71,2888
200,76,-41,259,5,54,2880
204,75,-49,256,-1,62,2884
204,75,-49,258,2,65,2880
204,78,-46,261,2,60,2888
204,78,-46,263,-1,64,2888
202,77,-42,263,-5,65,2880
202,77,-42,255,4,60,2888
202,77,-42,264,5,67,2880
198,78,-43,258,1,67,2880
198,78,-43,258,-1,62,2880
202,78,-44,263,-5,73,2888
202,78,-44,262,3,66,2884
202,78,-44,255,-5,65,2880
203,77,-43,255,5,59,2888
203,77,-43,258,-3,56,2880
207,78,-44,261,-4,65,2888
207,78,-44,258,10,59,2880
194,76,-43,262,-2,66,2892
194,76,-43,254,2,68,2884
194,76,-43,261,9,58,2880
203,80,-41,265,3,58,2888
203,80,-41,261,8,59,2888
203,68,-42,254,4,62,2880
203,68,-42,257,9,54,2880
203,68,-42,258,-5,59,2888
194,80,-45,264,3,62,2884
194,80,-45,264,2,64,2880
199,77,-46,267,-1,64,2884
199,77,-46,261,-2,69,2880
201,77,-46,260,0,52,2880
201,77,-46,271,3,59,2880
201,77,-46,256,0,58,2888
200,78,-44,255,3,62,2888
200,78,-44,255,0,68,2880
197,79,-46,267,4,60,2884
197,79,-46,251,-3,57,2888
197,79,-46,262,7,62,2880
197,73,-46,261,1,73,2884
197,73,-46,266,2,58,2880
205,80,-38,262,7,54,2880
205,80,-38,262,1,71,2884
205,80,-38,260,6,66,2884
200,81,-47,261,-3,63,2892
200,81,-47,266,-4,68,2888
203,77,-42,256,6,64,2884
203,77,-42,264,1,60,2880
198,84,-43,264,0,67,2884
198,84,-43,258,0,60,2880
198,84,-43,262,6,66,2888
202,75,-48,258,-6,71,2884
202,75,-48,267,3,61,2880
199,76,-42,264,-3,64,2880
199,76,-42,251,-3,53,2884
199,76,-42,261,1,69,2884
199,76,-45,263,1,64,2880
199,76,-45,267,1,60,2888
201,78,-51,264,0,61,2880
201,78,-51,259,5,59,2892
201,78,-51,261,-2,63,2884
205,78,-41,252,4,51,2880
205,78,-41,260,-1,66,2884
211,81,-41,263,0,58,2884
211,81,-41,253,-2,73,2880
206,77,-45,267,0,57,2880
206,77,-45,260,6,62,2892
206,77,-45,260,2,60,2880
208,76,-46,267,4,65,2880
208,76,-46,255,0,61,2888
204,79,-45,265,2,68,2884
204,79,-45,261,-1,65,2880
204,79,-45,261,-8,69,2880
196,79,-49,265,-4,61,2892
196,79,-49,263,-3,64,2880
198,82,-46,260,1,61,2880
198,82,-46,262,6,69,2888
195,78,-45,255,2,57,2884
195,78,-45,257,6,61,2880
195,78,-45,261,-6,64,2880
202,80,-40,261,0,62,2892
202,80,-40,264,6,59,2884
205,78,-47,252,6,67,2880
205,78,-47,262,-3,69,2884
205,78,-47,254,2,69,2884
198,79,-44,256,-3,61,2880
198,79,-44,262,4,59,2880
200,76,-43,259,-1,61,2892
200,76,-43,263,3,59,2884
196,77,-47,265,6,63,2880
196,77,-47,260,-2,60,2884
196,77,-47,259,1,66,2880
196,74,-42,253,4,54,2884
196,74,-42,264,-3,65,2880
199,74,-44,253,0,63,2892
199,74,-44,262,6,64,2884
199,74,-44,259,2,62,2880
194,77,-40,262,2,69,2888
194,77,-40,262,-4,67,2880
198,79,-46,260,6,55,2888
198,79,-46,261,-9,64,2880
198,79,-46,261,-1,68,2892
202,68,-40,260,2,64,2884
202,68,-40,265,-1,58,2880
205,73,-43,262,8,67,2884
205,73,-43,266,0,55,2888
197,74,-43,257,3,56,2880
197,74,-43,260,0,62,2880
197,74,-43,256,2,61,2888
197,80,-43,261,0,60,2888
197,80,-43,260,-2,59,2880
195,73,-44,248,0,69,2884
195,73,-44,263,8,61,2880
195,73,-44,262,-2,56,2884
195,79,-42,256,5,68,2880
195,79,-42,265,7,55,2888
189,74,-47,253,1,64,2880
189,74,-47,258,-1,67,2880
203,78,-43,255,5,56,2884
203,78,-43,265,0,65,2888
203,78,-43,258,-3,55,2880
200,74,-40,269,6,57,2884
200,74,-40,262,4,56,2880
203,77,-42,261,1,73,2880
203,77,-42,256,6,64,2884
203,77,-42,263,3,71,2880
204,77,-41,260,4,51,2892
204,77,-41,269,1,61,2884
196,77,-43,267,5,61,2880
196,77,-43,260,1,67,2880
196,77,-43,263,2,64,2884
198,75,-47,263,-2,58,2884
198,75,-47,265,0,57,2880
193,79,-44,263,-5,61,2884
193,79,-44,267,2,61,2888
191,78,-41,260,3,65,2880
191,78,-41,261,7,47,2880
191,78,-41,257,3,63,2884
196,74,-41,254,3,55,2880
196,74,-41,251,0,53,2880
201,78,-41,256,4,64,2884
201,78,-41,259,5,70,2884
201,78,-41,258,0,74,2884
197,71,-43,257,8,56,2880
197,71,-43,266,6,48,2884
203,74,-39,263,5,63,2880
203,74,-39,262,11,55,2884
203,74,-39,260,2,62,2880
203,79,-36,258,1,59,2888
203,79,-36,263,1,58,2880
196,76,-43,257,-2,,
