-9,52,,,,,
-147,101,-208,260,-11,61,
-147,10105,262,-10,65,,
-154,103,-210,267,-9,54,
-154,103,-210,256,0,56,
-147,101,-208,258,-9,52,
-147,101,-208,260,-11,61,
-147,101ï¿½-156,104,-204,258,-20,58
-156,104,-204,258,-20,58,
-156,104,-204,258,-20,59,
-155,104,-206,267,-8,60,
-155,104,-206,255,-13,55,
-155,104,-206,266,-6,57,
-157,104,-206,263,-4,57,
-157,104,-206,246,-6,56,
-162,103,-204,264,-10,64,
-162,103,-204,262,-12,56,
-162,103,-204,265,-8,68,
-159,104,-205,256,-4,61,
-159,104,-205,260,-7,59,
-156,104,-207,266,-7,54,
-156,104,-207,260,-11,59,
-156,104,-207,259,-5,54,
-157,103,-201,265,-9,60,
-157,103,-201,254,-13,65,
-159,101,-203,258,-2,62,
-159,101,-203,262,-13,69,
-159,101,-203,261,-4,60,
-153,107,-203,264,-6,57,
-153,107,-203,260,-1,53,
-161,101,-201,261,-11,60,
-161,101,-201,256,-3,57,
-161,101,-201,265,-8,63,
-156,105,-207,257,-8,66,
-156,105,-207,255,-3,62,
-156,106,-204,260,0,51,
-156,106,-204,256,-11,63,
-156,106,-204,258,-5,48,
-153,99,-205,260,-9,65,
-153,99,-205,259,-4,59,
-152,102,-203,256,-6,56,
-152,102,-203,251,-6,53,
-152,102,-203,253,-8,63,
-157,102,-202,261,-8,56,
-157,102,-202,263,-5,57,
-157,102,-202,268,-3,53,
-155,103,-205,263,-10,59,
-155,103,-205,264,-13,59,
-159,108,-208,257,-10,57,
-159,108,-208,258,-3,55,
-159,108,-208,261,-10,53,
-156,107,-204,260,-11,60,
-156,107,-204,254,-7,57,
-154,103,-209,251,-2,64,
-154,103,-209,264,-9,58,
-154,103,-209,263,-9,60,
-154,103,-209,258,-13,48,
-154,103,-209,259,-11,64,
-155,99,-208,261,-8,69,
-155,99,-208,253,-7,58,
-155,99,-208,261,-9,60,
-158,105,-201,258,-12,70,
-158,105,-201,258,-12,59,
-161,105,-205,266,-7,48,
-161,105,-205,258,-7,54,
-161,105,-205,261,-12,60,
-153,98,-203,264,-11,61,
-153,98,-203,262,-6,54,
-165,106,-205,262,-10,62,
-165,106,-205,262,-6,51,
-165,106,-205,259,-2,58,
-160,107,-206,264,-13,66,
-160,107,-206,256,-9,62,
-160,103,-203,264,-2,61,
-160,103,-203,261,-5,62,
-160,103,-203,259,-9,62,
-156,101,-207,263,-4,57,
-156,101,-207,256,-6,57,
-156,104,-207,256,-9,66,
-156,104,-207,262,-11,61,
-156,104,-207,261,0,48,
-163,102,-208,252,-11,59,
-163,102,-208,257,-6,66,
-162,100,-202,255,-10,64,
-162,100,-202,258,-10,61,
-162,100,-202,251,-7,60,
-150,107,-207,264,-9,51,
-150,107,-207,262,-18,55,
-152,106,-204,263,-7,51,
-152,106,-204,263,-4,55,
-152,106,-204,263,-5,58,
-158,104,-204,261,-4,64,
-158,104,-204,266,-7,59,
-155,99,-206,263,-5,64,
-155,99,-206,264,-8,58,
-155,99,-206,264,-5,63,
-155,106,-202,261,-4,63,
-155,106,-202,248,-7,63,
-153,102,-202,266,-10,50,
-153,102,-202,255,-9,57,
-153,102,-202,260,-11,49,
-156,102,-206,248,-12,55,
-156,102,-206,260,-5,62,
-158,104,-204,262,-6,59,
-158,104,-204,257,-6,57,
-158,104,-204,266,-13,65,
-150,104,-205,261,-4,61,
-150,104,-205,265,-5,62,
-156,102,-203,260,-10,61,
-156,102,-203,269,-8,60,
-156,102,-203,255,-9,61,
-158,103,-203,265,-9,63,
-158,103,-203,265,-3,63,
-162,104,-206,266,-11,55,
-162,104,-206,259,-5,55,
-162,104,-206,260,-6,56,
-155,102,-204,257,-8,54,
-155,102,-204,262,-6,63,
-155,102,-204,266,-10,62,
-153,103,-202,254,-4,62,
-153,103,-202,257,-8,66,
-155,100,-207,263,-12,57,
-155,100,-207,260,-4,56,
-155,100,-207,257,-7,60,
-151,106,-199,257,-6,73,
-151,106,-199,255,-4,56,
-154,99,-202,262,-10,63,
-154,99,-202,258,-5,48,
-154,99,-202,258,-5,64,
-160,103,-206,261,-15,54,
-160,103,-206,260,-1,57,
-155,105,-207,258,-11,65,
-155,105,-207,264,-3,59,
-155,105,-207,263,-5,58,
-157,107,-208,261,-4,58,
-157,107,-208,264,-12,58,
-160,103,-202,263,-11,60,
-160,103,-202,256,-5,62,
-160,103,-202,261,-10,62,
-155,100,-205,266,-6,60,
-155,100,-205,255,-5,54,
-155,105,-206,266,-8,66,
-155,105,-206,261,-10,57,
-155,105,-206,258,-3,56,
-158,101,-200,263,-3,62,
-158,101,-200,262,-6,53,
-152,103,-207,267,-11,69,
-152,103,-207,261,2,54,
-152,103,-207,264,-6,62,
-164,101,-206,255,-13,42,
-164,101,-206,250,-6,62,
-155,103,-208,267,-6,59,
-155,103,-208,262,-9,62,
-155,103,-208,262,-7,61,
-157,107,-198,259,-12,67,
-157,107,-198,262,-6,65,
-152,105,-209,260,-12,65,
-152,105,-209,266,-9,65,
-152,105,-209,259,-4,56,
-157,101,-204,264,-15,53,
-157,101,-204,259,-12,63,
-157,97,-206,259,-8,54,
-157,97,-206,262,-6,62,
-157,97,-206,262,-7,63,
-160,102,-201,257,-6,57,
-160,102,-201,264,-12,52,
-155,101,-204,259,-6,60,
-155,101,-204,259,-2,62,
-155,101,-204,258,-6,62,
-160,104,-209,262,-2,70,
-160,104,-209,258,-1,55,
-157,105,-211,262,-11,65,
-157,105,-211,264,-7,55,
-157,105,-211,250,-6,57,
-151,105,-203,262,-5,59,
-151,105,-203,264,-5,62,
-161,104,-207,256,-3,63,
-161,104,-207,262,-15,50,
-161,104,-207,258,-14,60,
-154,105,-206,264,-7,57,
-154,105,-206,260,-8,59,
-162,101,-205,257,-4,62,
-162,101,-205,263,-7,66,
-162,101,-205,258,-2,68,
-151,100,-210,264,-6,61,
-151,100,-210,259,-4,50,
-151,100,-210,262,-10,61,
-151,102,-196,252,-9,62,
-151,102,-196,260,-10,63,
-165,106,-208,260,-10,52,
-165,106,-208,256,-4,61,
-150,106,-202,264,-9,65,
-150,106,-202,266,-10,56,
-150,106,-202,257,-8,66,
-161,102,-206,260,-3,54,
-161,102,-206,262,-5,55,
-161,102,-206,261,-14,59,
-161,102,-206,264,-10,68,
-161,102,-206,259,-8,65,
-164,103,-208,264,-8,60,
-164,103,-208,252,-14,57,
-155,103,-203,266,-17,67,
-155,103,-203,263,-5,59,
-155,103,-203,268,-11,62,
-152,99,-202,254,-5,67,
-152,99,-202,261,-11,52,
-152,106,-202,261,-6,59,
-157,106,-202,259,-9,59,
-157,106,-202,265,-5,60,
-152,101,-203,259,-2,64,
-152,101,-203,260,-12,66,
-152,101,-203,261,-6,58,
-160,100,-208,261,-12,61,
-160,100,-208,266,-8,58,
-160,103,-209,260,-12,57,
-160,103,-209,258,-5,60,
-160,103,-209,258,-6,59,
-160,107,-208,256,-8,51,
-160,107,-208,258,-12,63,
-157,106,-208,262,-11,61,
-157,106,-208,271,-9,57,
-157,106,-208,255,-10,64,
-156,98,-202,263,-8,52,
-156,98,-202,252,-5,56,
-160,101,-202,263,-6,57,
-160,101,-202,256,-9,53,
-160,101,-202,251,-4,57,
-150,101,-204,263,-19,64,
-150,101,-204,261,-6,50,
-153,99,-207,261,-8,61,
-153,99,-207,263,-8,62,
-153,99,-207,266,-9,62,
-158,105,-207,257,-5,59,
-158,105,-207,261,-4,65,
-154,99,-204,262,-5,60,
-154,99,-204,259,-13,67,
-154,99,-204,266,-15,61,
-156,101,-205,257,-6,59,
-156,101,-205,263,-16,61,
-153,100,-205,255,-14,56,
-153,100,-205,254,-11,62,
-153,100,-205,257,-6,62,
-160,99,-207,257,-3,61,
-160,99,-207,256,-6,57,
-154,100,-206,255,-2,68,
-154,100,-206,257,-10,64,
-154,100,-206,260,-5,61,
-153,103,-205,264,0,49,
-153,103,-205,264,-10,56,
-153,103,-205,263,-3,47,
-154,103,-204,256,-5,59,
-154,103,-204,259,-12,61,
-159,103,-206,258,-8,60,
-159,103,-206,263,-6,61,
-159,103,-206,264,-5,63,
-159,100,-204,251,-5,53,
-159,100,-204,265,-7,63,
-158,103,-203,265,-6,57,
-158,103,-203,261,-4,58,
-158,103,-203,266,-5,59,
-156,103,-204,260,0,59,
-156,103,-204,258,-6,65,
-157,104,-203,255,-3,57,
-157,104,-203,259,-11,59,
-157,104,-203,260,-8,60,
-158,105,-203,256,-7,65,
-158,105,-203,258,-8,57,
-155,102,-205,262,-1,62,
-155,102,-205,260,-7,67,
-155,102,-205,258,1,57,
-158,103,-201,254,-4,67,
-158,103,-201,260,-4,68,
-158,102,-207,261,-7,50,
-158,102,-207,256,-13,59,
-158,102,-207,268,-7,44,
-157,101,-206,263,-6,51,
-157,101,-206,266,-12,57,
-160,101,-205,257,-12,62,
-160,101,-205,256,-9,61,
-160,101,-205,256,0,56,
-159,106,-205,261,-11,64,
-159,106,-205,264,-17,59,
-160,104,-209,266,-5,60,
-160,104,-209,256,-13,68,
-160,104,-209,259,-2,54,
-157,107,-203,261,-6,60,
-157,107,-203,267,-6,60,
-153,103,-205,254,-3,50,
-153,103,-205,258,-8,61,
-153,103,-205,259,-4,65,
-156,100,-204,266,-13,60,
-156,100,-204,265,-10,69,
-155,101,-201,260,-4,58,
-155,101,-201,263,-5,59,
-155,101,-201,257,-5,47,
-159,103,-202,263,-9,59,
-159,103,-202,259,-11,65,
-158,101,-207,254,-7,73,
-158,101,-207,255,-12,68,
-158,101,-207,259,-6,66,
-161,105,-203,267,-2,61,
-161,105,-203,264,-17,61,
-155,104,-201,261,-5,70,
-155,104,-201,264,-19,59,
-155,104,-201,262,-6,57,
-161,102,-206,261,-7,60,
-161,102,-206,260,-13,63,
-153,103,-206,263,-10,53,
-153,103,-206,262,-6,56,
-153,103,-206,264,-7,66,
-153,105,-204,259,-8,62,
-153,105,-204,262,-8,60,
-157,101,-205,251,-2,63,
-157,101,-205,252,-8,52,
-157,101,-205,258,-9,51,
-153,107,-203,262,-8,53,
-153,107,-203,261,-8,54,
-160,103,-209,261,-5,48,
-160,103,-209,260,-8,66,
-160,103,-209,264,-6,63,
-157,102,-207,261,-8,64,
-157,102,-207,260,-11,53,
-157,104,-203,259,-11,58,
-149,104,-203,260,-9,57,
-149,104,-203,257,-6,55,
-154,103,-205,262,-10,54,
-154,103,-205,248,-9,54,
-161,100,-205,262,-16,64,
-161,100,-205,266,-13,51,
-161,100,-205,260,0,54,
-157,96,-210,256,-5,60,
-157,96,-210,259,-7,59,
-157,96,-210,260,-9,55,
-156,107,-205,268,-7,55,
-156,107,-205,267,-6,61,
-160,105,-205,256,-6,62,
-160,105,-205,260,-7,65,
-160,105,-205,251,-6,61,
-157,102,-207,264,-9,59,
-157,102,-207,263,-12,60,
-154,102,-209,268,-10,55,
-154,102,-209,261,-4,55,
-154,102,-209,263,-8,62,
-158,104,-207,263,-13,63,
-158,104,-207,259,-5,64,
-157,107,-208,264,-17,64,
-157,107,-208,261,-8,63,
-157,107,-208,263,-8,48,
-165,95,-201,264,-10,62,
-165,95,-201,265,-2,47,
-157,99,-206,264,-9,54,
-157,99,-206,251,-11,66,
-157,99,-206,263,-9,61,
-157,100,-205,261,-6,50,
-157,100,-205,261,-8,54,
-153,100,-205,260,-10,60,
-153,100,-205,255,-9,58,
-153,100,-205,264,-10,60,
-155,102,-202,260,-6,55,
-155,102,-202,263,-1,57,
-157,103,-199,254,-6,70,
-157,103,-199,260,-5,45,
-157,103,-199,268,-9,61,
-156,103,-205,264,-8,56,
-156,103,-205,268,-13,61,
-155,104,-205,259,-4,48,
-155,104,-205,258,-12,62,
-155,104,-205,265,-8,52,
-160,101,-204,258,-6,60,
-160,101,-204,263,-5,62,
-152,102,-201,257,-11,54,
-152,102,-201,265,-2,54,
-152,102,-201,261,-2,64,
-157,100,-205,267,-14,60,
-157,100,-205,261,-10,61,
-154,103,-204,264,-8,58,
-154,103,-204,263,-6,54,
-154,103,-204,259,-4,65,
-157,101,-207,257,-9,66,
-157,101,-207,257,-4,53,
-157,101,-207,257,-3,58,
-156,100,-201,255,-9,57,
-156,100,-201,256,-9,57,
-163,103,-205,262,-8,56,
-163,103,-205,261,-9,54,
-163,103,-205,260,-12,55,
-162,98,-203,259,-9,56,
-162,98,-203,255,-6,64,
-155,103,-204,260,-3,67,
-155,103,-204,265,-3,60,
-155,103,-204,255,-12,60,
-161,102,-208,267,-15,55,
-161,102,-208,258,-8,63,
-156,99,-203,262,-8,63,
-156,99,-203,258,-7,63,
-156,99,-203,264,-9,63,
-154,103,-201,263,-5,53,
-154,103,-201,255,-6,63,
-156,100,-206,261,-7,51,
-156,100,-206,257,-11,64,
-156,100,-206,261,-5,58,
-158,98,-205,262,-11,57,
-158,98,-205,255,-9,56,
-158,101,-201,264,-15,67,
-158,101,-201,252,-12,57,
-158,101,-201,261,-6,64,
-156,104,-204,259,-4,49,
-156,104,-204,259,-6,57,
-162,98,-205,256,-5,63,
-162,98,-205,263,-2,56,
-162,98,-205,254,-9,57,
-155,101,-204,261,-13,68,
-155,101,-204,261,-8,56,
-155,101,-204,264,-13,62,
-158,102,-205,265,-6,66,
-158,102,-205,255,0,60,
-158,102,-206,260,-3,49,
-158,102,-206,261,-9,56,
-158,102,-206,265,-8,61,
-156,107,-207,261,-5,55,
-156,107,-207,261,-5,63,
-158,101,-204,258,-7,60,
-158,101,-204,259,-9,66,
-158,101,-204,261,-10,49,
-153,103,-207,253,0,55,
-153,103,-207,256,-8,62,
-157,104,-203,265,-7,58,
-157,104,-203,270,-5,57,
-157,104,-203,258,-10,54,
-164,106,-205,260,-5,65,
-164,106,-205,265,-6,56,
-156,99,-202,265,-10,67,
-156,99,-202,263,-14,65,
-156,99,-202,255,0,59,
-155,106,-204,266,-13,65,
-155,106,-204,256,-7,60,
-158,99,-204,262,-13,61,
-158,99,-204,261,-8,58,
-158,99,-204,269,-9,53,
-162,99,-203,257,-12,60,
-162,99,-203,264,-5,59,
-162,99,-203,266,-9,64,
-159,102,-207,265,-8,69,
-159,102,-207,264,-17,59,
-156,104,-204,255,-15,63,
-156,104,-204,261,-8,66,
-156,104,-204,265,-5,54,
-158,100,-207,259,1,59,
-158,100,-207,259,-3,59,
-161,103,-200,257,-3,56,
-161,103,-200,266,-4,61,
-161,103,-200,261,-11,52,
-159,103,-204,263,-6,58,
-159,103,-204,261,-6,60,
-157,103,-205,262,-3,46,
-157,103,-205,262,-5,55,
-157,103,-205,264,-8,63,
-158,97,-205,259,-5,57,
-158,97,-205,258,-6,57,
-154,102,-205,264,-10,58,
-154,102,-205,265,-10,64,
-154,102,-205,259,-7,61,
-157,105,-207,254,-6,65,
-157,105,-207,261,-1,62,
-159,105,-202,263,-6,51,
-159,105,-202,262,-7,52,
-159,105,-202,259,-10,63,
-163,99,-212,264,-6,57,
-163,99,-212,259,-12,63,
-158,103,-205,253,-10,57,
-158,103,-205,262,-13,61,
-158,103,-205,263,-4,55,
-157,104,-204,258,-2,64,
-157,104,-204,268,-6,66,
-158,103,-203,267,-3,59,
-158,103,-203,260,-5,57,
-158,103,-203,254,-10,63,
-156,106,-207,255,-8,71,
-156,106,-207,258,-13,60,
-161,108,-206,263,-6,63,
-161,108,-206,263,-12,63,
-161,108,-206,263,-9,62,
-156,100,-203,263,-7,65,
-156,100,-203,264,-7,59,
-163,102,-207,256,-11,61,
-163,102,-207,257,-7,57,
-163,102,-207,262,-10,58,
-155,100,-204,268,-12,64,
-155,100,-204,263,-9,53,
-157,104,-207,262,-12,63,
-157,104,-207,258,-3,59,
-157,104,-207,260,-6,61,
-160,101,-208,264,-6,59,
-160,101,-208,267,-5,53,
-150,103,-202,262,-9,63,
-150,103,-202,265,-6,51,
-150,103,-202,260,-10,59,
-153,103,-203,270,-5,48,
-153,103,-203,266,-23,61,
-151,102,-208,258,-11,59,
-151,102,-208,265,-5,60,
-151,102,-208,260,-11,68,
-155,107,-207,258,-7,62,
-155,107,-207,262,-6,63,
-159,106,-203,260,-8,58,
-159,106,-203,253,-2,58,
-159,106,-203,260,-9,52,
-157,98,-203,264,-8,63,
-157,98,-203,257,-10,62,
-157,98,-203,259,-6,55,
-154,99,-197,255,-16,58,
-154,99,-197,262,-4,60,
-159,104,-206,258,-11,61,
-159,104,-206,259,-6,69,
-159,104,-206,265,-6,55,
-156,103,-206,264,-6,59,
-156,103,-206,265,-6,58,
-161,106,-207,266,-7,55,
-161,106,-207,268,-10,58,
-161,106,-207,259,-6,65,
-153,101,-204,267,-14,59,
-153,101,-204,258,-14,68,
-155,101,-208,264,-14,64,
-155,101,-208,264,-11,65,
-155,101,-208,265,-4,58,
-158,104,-215,261,-12,55,
-158,104,-215,261,-10,63,
-151,100,-205,259,-8,63,
-151,100,-205,259,-4,63,
-151,100,-205,264,-8,61,
-156,104,-203,261,-6,59,
-156,104,-203,259,-6,58,
-157,104,-206,260,-2,59,
-157,104,-206,252,-9,61,
-157,104,-206,261,-9,69,
-158,101,-205,254,-10,51,
-158,101,-205,263,-10,63,
-155,100,-204,251,-8,57,
-155,100,-204,259,-6,64,
-155,100,-204,259,-7,61,
-161,100,-201,265,-15,63,
-161,100,-201,266,-7,60,
-153,101,-204,252,0,60,
-153,101,-204,262,-6,59,
-153,101,-204,256,-4,54,
-156,100,-204,262,-10,64,
-156,100,-204,260,-7,61,
-158,103,-205,261,-2,62,
-158,103,-205,255,-6,52,
-158,103,-205,258,-2,64,
-156,99,-206,257,-8,55,
-156,99,-206,257,-10,67,
-160,101,-206,264,-12,65,
-160,101,-206,259,-11,58,
-160,101,-206,264,-10,60,
-151,99,-206,262,-13,63,
-151,99,-206,260,-10,63,
-154,105,-205,260,-6,59,
-154,105,-205,259,-8,59,
-154,105,-205,267,-7,58,
-153,102,-206,255,-7,51,
-153,102,-206,262,-8,60,
-159,105,-204,264,-16,62,
-159,105,-204,264,-12,62,
-159,105,-204,261,-8,54,
-160,105,-206,267,-6,58,
-160,105,-206,258,-1,60,
-157,104,-205,262,-2,60,
-157,104,-205,254,-6,64,
-157,104,-205,261,-14,64,
-158,98,-210,261,-13,61,
-158,98,-210,261,-7,59,
-153,104,-211,263,0,65,
-153,104,-211,260,-12,59,
-153,104,-211,258,-10,65,
-157,102,-206,258,-9,55,
-157,102,-206,260,-3,55,
-157,105,-207,265,-8,60,
-157,105,-207,262,-1,60,
-157,105,-207,261,-8,61,
-154,98,-204,259,-1,62,
-154,98,-204,261,-5,57,
-154,98,-204,260,-6,62,
-151,103,-200,256,-5,63,
-151,103,-200,258,-12,58,
-160,102,-206,263,-5,58,
-160,102,-206,253,-5,57,
-160,102,-206,257,-12,64,
-154,98,-203,263,-1,61,
-154,98,-203,253,-10,65,
-153,103,-208,257,-12,65,
-153,103,-208,259,-12,58,
-153,103,-208,255,-4,51,
-154,103,-204,257,-2,61,
-154,103,-204,265,-3,60,
-164,106,-205,264,-3,62,
-164,106,-205,262,-8,69,
-164,106,-205,267,-11,51,
-150,101,-204,262,-5,65,
-150,101,-204,264,-7,60,
-162,97,-203,267,-11,59,
-162,97,-203,257,-15,62,
-162,97,-203,255,-6,52,
-160,103,-208,253,-4,53,
-160,103,-208,263,-9,60,
-155,99,-203,261,-7,57,
-155,99,-203,262,-8,54,
-155,99,-203,265,-7,60,
-155,106,-203,259,-13,63,
-155,106,-203,253,-5,60,
-155,106,-203,271,-10,59,
-161,101,-203,260,-2,60,
-161,101,-203,256,-8,57,
-160,103,-206,259,-4,60,
-160,103,-206,267,-14,59,
-160,103,-206,264,-15,64,
-152,98,-204,268,-11,56,
-152,98,-204,260,-4,61,
-157,102,-209,259,-5,65,
-157,102,-209,261,-7,59,
-157,102,-209,258,-1,60,
-158,102,-205,259,-3,57,
-158,102,-205,259,-16,62,
-153,103,-203,258,-4,57,
-153,103,-203,260,-10,59,
-153,103,-203,265,-4,49,
-157,102,-202,259,-8,50,
-157,102,-202,260,-7,58,
-154,100,-206,257,-7,60,
-154,100,-206,262,-10,54,
-154,100,-206,262,-7,55,
-158,100,-201,258,-7,58,
-158,100,-201,261,-3,67,
-154,100,-206,251,-3,58,
-154,100,-206,256,-7,60,
-154,100,-206,258,-4,56,
-163,103,-207,264,-9,58,
-163,103,-207,247,-4,61,
-159,102,-208,260,-9,55,
-159,102,-208,255,-7,55,
-159,102,-208,258,-4,57,
-157,103,-206,257,-3,56,
-157,103,-206,264,-1,57,
-154,101,-205,264,-12,53,
-154,101,-205,264,-6,67,
-154,101,-205,251,-6,58,
-158,99,-209,266,-4,54,
-158,99,-209,258,-3,56,
-158,100,-206,262,-7,61,
-158,100,-206,266,-3,58,
-158,100,-206,258,-7,57,
-152,105,-212,265,-16,62,
-152,105,-212,264,-8,66,
-158,105,-205,267,3,62,
-158,105,-205,264,-8,62,
-158,105,-205,263,-2,50,
-152,103,-206,261,-10,55,
-152,103,-206,258,-18,59,
-162,101,-202,265,-11,58,
-162,101,-202,254,-10,65,
-162,101,-202,263,-6,56,
-154,105,-207,264,-12,58,
-154,105,-207,271,0,64,
-160,104,-203,259,-10,66,
-160,104,-203,259,-6,63,
-160,104,-203,253,-16,59,
-159,100,-205,264,-6,55,
-159,100,-205,260,-5,51,
-153,105,-203,260,-8,58,
-153,105,-203,263,-8,55,
-153,105,-203,269,-4,60,
-158,102,-203,258,-11,59,
-158,102,-203,261,-9,67,
-158,102,-203,260,-4,64,
-159,102,-199,262,-10,57,
-159,102,-199,261,-1,51,
-165,101,-205,267,-5,60,
-165,101,-205,265,-10,56,
-165,101,-205,259,-4,57,
-165,101,-205,259,-13,62,
-165,101,-205,263,-8,48,
-153,102,-202,260,-7,65,
-153,102,-202,268,-9,54,
-153,102,-202,258,-2,58,
-163,101,-197,264,-4,55,
-163,101,-197,262,-4,48,
-154,102,-209,258,-5,65,
-154,102,-209,255,-4,51,
-154,102,-209,267,-11,58,
-154,103,-203,260,-11,62,
-154,103,-203,261,-7,60,
-159,101,-205,262,-5,65,
-159,101,-205,266,-5,48,
-159,101,-205,262,-14,54,
-159,99,-203,255,-5,59,
-159,99,-203,267,-8,63,
-160,105,-205,257,-2,62,
-160,105,-205,257,-14,58,
-160,105,-205,256,-6,50,
-156,104,-204,263,-22,63,
-156,104,-204,263,-7,60,
-156,99,-202,266,-11,55,
-156,99,-202,259,-5,56,
-156,99,-202,258,-8,62,
-159,103,-205,257,-6,60,
-159,103,-205,262,-3,58,
-156,105,-205,265,-9,55,
-156,105,-205,258,-4,63,
-156,105,-205,257,-9,64,
-156,105,-207,260,-10,65,
-156,105,-207,267,-3,51,
-162,101,-205,255,-4,62,
-162,101,-205,264,-7,57,
-162,101,-205,264,-10,64,
-154,108,-207,264,-16,63,
-154,108,-207,264,-11,60,
-157,103,-207,256,-12,54,
-157,103,-207,258,-4,53,
-157,103,-207,261,-7,53,
-161,101,-203,258,-3,59,
-161,101,-203,259,-14,69,
-157,100,-203,265,-4,59,
-157,100,-203,265,-5,60,
-157,100,-203,252,-10,58,
-152,102,-203,263,-13,52,
-152,102,-203,261,-5,58,
-161,100,-201,256,-3,56,
-161,100,-201,262,-5,63,
-161,100,-201,260,-7,57,
-157,99,-209,263,-14,57,
-157,99,-209,263,-13,57,
-158,98,-204,267,-13,55,
-158,98,-204,260,-7,65,
-158,98,-204,261,-2,61,
-159,99,-207,249,0,56,
-159,99,-207,260,-5,60,
-159,99,-207,259,-11,66,
-156,97,-209,257,-12,43,
-156,97,-209,262,-7,54,
-156,99,-202,267,-12,61,
-156,99,-202,252,-10,50,
-156,99,-202,249,-4,53,
-155,105,-203,254,-11,59,
-155,105,-203,256,-5,56,
-154,103,-205,265,-5,61,
-154,103,-205,262,-6,63,
-154,103,-205,260,-9,56,
-155,99,-206,265,-1,65,
-155,99,-206,261,-17,57,
-154,103,-206,267,-9,57,
-154,103,-206,258,-8,60,
-154,103,-206,264,-14,56,
-160,104,-205,262,-4,66,
-160,104,-205,258,-5,56,
-157,102,-205,267,-2,58,
-157,102,-205,264,-6,55,
-157,102,-205,261,-10,62,
-160,103,-209,257,-9,63,
-160,103,-209,268,-8,55,
-158,102,-203,266,-16,57,
-158,102,-203,270,-15,65,
-158,102,-203,255,-16,83,
-153,98,-210,248,-14,79,
-153,98,-210,267,-13,58,
-152,101,-207,275,-13,76,
-152,101,-207,264,-26,75,
-152,101,-207,254,-18,80,
-149,100,-204,252,-26,74,
-149,100,-204,255,-25,72,
-160,97,-205,250,-31,84,
-160,97,-205,257,-20,75,
-160,97,-205,268,-34,82,
-157,99,-204,269,-34,87,
-157,99,-204,264,-33,87,
-153,93,-202,272,-52,92,
-153,93,-202,270,-36,92,
-153,93,-202,258,-39,86,
-149,93,-201,252,-49,91,
-149,93,-201,250,-53,93,
-155,93,-204,259,-56,81,
-155,93,-204,257,-49,90,
-155,93,-204,240,-54,85,
-150,92,-196,250,-57,89,
-150,92,-196,250,-54,84,
-150,92,-196,242,-56,87,
-151,94,-190,247,-64,90,
-151,94,-190,251,-61,90,
-145,91,-198,250,-70,97,
-145,91,-198,247,-67,85,
-145,91,-198,257,-64,99,
-143,82,-190,248,-62,90,
-143,82,-190,243,-73,93,
-146,92,-195,242,-77,96,
-146,92,-195,251,-64,90,
-146,92,-195,243,-71,88,
-145,85,-188,253,-69,97,
-145,85,-188,252,-72,88,
-144,91,-192,259,-74,79,
-144,91,-192,249,-71,91,
-144,91,-192,252,-68,95,
-146,86,-195,241,-71,82,
-146,86,-195,241,-72,89,
-142,88,-190,236,-75,89,
-142,88,-190,252,-79,96,
-142,88,-190,242,-75,91,
-147,88,-187,244,-79,84,
-147,88,-187,237,-80,86,
-145,87,-188,237,-76,97,
-145,87,-188,249,-81,91,
-145,87,-188,236,-74,90,
-147,88,-187,239,-77,93,
-147,88,-187,241,-77,95,
-149,85,-190,243,-82,93,
-149,85,-190,247,-76,98,
-149,85,-190,246,-77,88,
-143,86,-191,249,-76,94,
-143,86,-191,254,-71,97,
-143,86,-191,252,-67,89,
-142,84,-191,242,-67,102,
-142,84,-191,238,-64,87,
-153,92,-196,242,-66,93,
-153,92,-196,232,-65,94,
-153,92,-196,247,-59,92,
-137,87,-199,250,-58,97,
-137,87,-199,257,-63,100,
-151,90,-204,242,-51,88,
-151,90,-204,241,-57,93,
-151,90,-204,228,-48,91,
-151,96,-199,236,-38,84,
-151,96,-199,246,-47,97,
-151,97,-205,287,-27,79,
-151,97,-205,296,-25,86,
-151,97,-205,278,-13,74,
-154,99,-202,266,-15,79,
-154,99,-202,264,-23,79,
-156,98,-208,276,-7,63,
-156,98,-208,272,-19,65,
-156,98,-208,263,-14,68,
-158,102,-202,253,-4,66,
-158,102,-202,265,-14,52,
-154,100,-208,264,-6,53,
-154,100,-208,261,-10,53,
-154,100,-208,264,-14,60,
-159,104,-205,267,-5,58,
-159,104,-205,262,-14,61,
-150,103,-208,269,-14,64,
-150,103,-208,265,-5,55,
-150,103,-208,249,-7,50,
-158,105,-205,254,-3,53,
-158,105,-205,260,-8,62,
-154,107,-203,264,-20,64,
-154,107,-203,263,-10,58,
-154,107,-203,251,-9,61,
-155,102,-206,259,-5,56,
-155,102,-206,255,-13,56,
-147,100,-210,258,-11,58,
-147,100,-210,258,-10,56,
-147,100,-210,248,-8,57,
-159,103,-211,278,-8,46,
-159,103,-211,266,-6,61,
-156,108,-205,259,-9,64,
-156,108,-205,264,-7,63,
-156,108,-205,262,-6,62,
-151,103,-204,257,-14,59,
-151,103,-204,259,-1,63,
-158,107,-205,265,-8,57,
-158,107,-205,261,-10,59,
-158,107,-205,258,-7,66,
-153,100,-206,262,-12,68,
-153,100,-206,259,-14,65,
-150,106,-203,262,-13,67,
-150,106,-203,260,-10,60,
-150,106,-203,261,-9,58,
-154,104,-201,263,-3,57,
-154,104,-201,263,-11,56,
-154,108,-205,260,-8,69,
-154,108,-205,265,-11,62,
-154,108,-205,266,-4,66,
-153,106,-206,266,-14,61,
-153,106,-206,262,-6,62,
-156,104,-205,266,-1,54,
-156,104,-205,263,-2,62,
-156,104,-205,262,-12,64,
-157,106,-206,257,-7,53,
-157,106,-206,265,-5,60,
-152,105,-205,258,-4,61,
-152,105,-205,267,-15,66,
-152,105,-205,265,-15,61,
-158,110,-204,260,-8,62,
-158,110,-204,259,-8,64,
-156,101,-207,254,-13,51,
-156,101,-207,266,-11,66,
-156,101,-207,262,-9,60,
-157,107,-203,265,-3,51,
-157,107,-203,262,-16,54,
-157,109,-200,266,-15,62,
-157,109,-200,262,-7,62,
-157,109,-200,255,-16,58,
-149,101,-209,257,-9,59,
-149,101,-209,266,-13,65,
-152,101,-207,258,-9,57,
-152,101,-207,256,-11,53,
-152,101,-207,260,-3,65,
-155,110,-205,261,-10,62,
-155,110,-205,253,-14,55,
-156,106,-206,262,-11,61,
-156,106,-206,259,-8,53,
-156,106,-206,258,-8,53,
-156,108,-199,259,-9,53,
-156,108,-199,258,-11,64,
-155,109,-209,262,-6,65,
-155,109,-209,259,-6,54,
-155,109,-209,265,-7,60,
-153,104,-203,257,-9,51,
-153,104,-203,264,-19,64,
-163,106,-208,250,-10,64,
-163,106,-208,261,-8,60,
-163,106,-208,263,-8,66,
-156,105,-204,268,-9,53,
-156,105,-204,261,-4,67,
-157,107,-206,260,0,65,
-157,107,-206,264,-7,54,
-157,107,-206,257,-8,54,
-150,103,-205,262,-15,58,
-150,103,-205,263,-12,64,
-161,106,-205,260,-4,58,
-161,106,-205,256,-10,53,
-161,106,-205,264,-7,50,
-156,109,-208,263,-7,66,
-156,109,-208,264,-11,53,
-155,108,-202,254,-15,55,
-155,108,-202,256,-7,56,
-155,108,-202,261,-16,61,
-153,107,-205,263,-12,65,
-153,107,-205,262,-9,60,
-160,104,-201,269,-5,60,
-160,104,-201,256,-8,60,
-160,104,-201,259,-12,54,
-156,105,-208,257,-16,54,
-156,105,-208,259,-7,63,
-155,102,-202,266,-11,53,
-155,102,-202,265,-12,63,
-155,102,-202,256,-6,57,
-150,103,-207,256,-10,59,
-150,103,-207,260,-5,61,
-154,108,-209,257,-7,50,
-154,108,-209,265,-2,58,
-154,108,-209,256,-4,64,
-151,105,-208,258,-3,60,
-151,105,-208,265,-8,59,
-160,102,-207,259,-18,59,
-160,102,-207,265,-8,65,
-160,102,-207,262,-6,61,
-154,107,-203,264,-11,61,
-154,107,-203,262,-12,65,
-154,101,-205,255,-5,56,
-154,101,-205,262,-13,63,
-154,101,-205,261,-13,61,
-149,106,-207,256,-13,57,
-149,106,-207,255,-5,55,
-154,101,-206,262,-5,62,
-154,101,-206,259,-9,56,
-154,101,-206,260,-12,67,
-151,104,-201,262,-5,54,
-151,104,-201,263,-15,62,
-154,109,-203,245,-7,55,
-154,109,-203,268,-16,59,
-154,109,-203,250,-10,59,
-160,104,-208,261,-8,54,
-160,104,-208,259,-8,57,
-154,100,-208,260,-14,63,
-154,100,-208,262,-8,61,
-154,100,-208,263,-5,57,
-156,105,-205,263,-4,56,
-156,105,-205,264,-10,64,
-156,105,-204,259,-15,63,
-156,105,-204,257,-10,60,
-154,110,-205,253,-2,64,
-154,110,-205,261,-1,62,
-154,110,-205,264,-8,53,
-153,106,-210,261,-5,64,
-153,106,-210,258,-5,50,
-153,106,-210,266,-10,56,
-154,106,-209,248,-6,65,
-154,106,-209,265,-11,58,
-151,105,-207,264,-11,63,
-151,105,-207,264,-9,56,
-151,105,-207,262,-15,63,
-151,105,-207,257,-4,68,
-151,105,-207,263,-8,58,
-156,104,-205,255,-7,58,
-156,104,-205,262,-7,57,
-156,104,-205,254,-10,67,
-151,106,-203,255,-11,54,
-151,106,-203,264,-8,67,
-149,106,-207,262,-2,59,
-149,106,-207,269,-6,59,
-149,106,-207,258,-15,63,
-145,107,-200,257,-10,64,
-145,107,-200,265,-22,60,
-157,104,-206,262,-16,62,
-157,104,-206,264,-6,59,
-150,106,-203,256,-11,56,
-150,106,-203,259,-11,61,
-150,106,-203,258,-5,55,
-153,103,-208,250,-8,55,
-153,103,-208,253,-5,56,
-152,98,-209,264,-8,63,
-152,98,-209,258,-3,61,
-152,98,-209,268,-19,64,
-158,108,-207,257,-14,67,
-158,108,-207,266,-4,60,
-158,108,-207,259,-6,64,
-154,106,-202,262,-14,49,
-154,106,-202,258,-9,67,
-157,106,-209,263,-10,61,
-157,106,-209,263,-13,68,
-157,106,-209,266,-15,60,
-160,104,-205,255,-14,42,
-160,104,-205,264,-11,61,
-153,106,-205,263,-10,65,
-153,106,-205,257,-11,53,
-154,106,-207,263,-5,51,
-154,106,-207,259,-7,62,
-154,106,-207,261,-12,49,
-156,105,-206,251,-9,69,
-156,105,-206,264,-8,58,
-154,103,-207,263,-6,62,
-154,103,-207,251,-8,60,
-154,103,-207,261,-9,54,
-152,102,-202,260,-15,55,
-152,102,-202,254,-1,60,
-156,104,-205,267,-9,63,
-156,104,-205,259,-11,53,
-156,104,-205,262,-10,61,
-154,110,-206,267,-12,65,
-154,110,-206,266,-4,55,
-154,102,-206,251,-7,51,
-154,102,-206,256,-12,67,
-154,102,-206,268,-14,62,
-152,112,-205,258,-5,61,
-152,112,-205,263,-12,61,
-150,104,-206,257,-16,52,
-150,104,-206,260,-3,59,
-150,104,-206,261,-7,59,
-154,105,-200,262,-4,62,
-154,105,-200,262,-12,63,
-157,105,-206,256,-10,61,
-157,105,-206,252,-6,59,
-157,105,-206,267,-12,63,
-156,105,-209,257,-7,59,
-156,105,-209,262,-6,56,
-152,105,-208,257,-13,58,
-152,105,-208,260,-6,63,
-152,105,-208,261,-11,68,
-152,105,-201,262,-8,69,
-152,105,-201,255,-4,61,
-154,101,-202,265,-9,58,
-154,101,-202,259,-1,58,
-154,101,-202,256,-15,66,
-155,106,-204,268,-6,55,
-155,106,-204,272,-14,64,
-152,107,-206,260,-7,60,
-152,107,-206,260,-10,52,
-152,107,-206,267,-8,61,
-157,107,-208,261,-5,60,
-157,107,-208,265,-9,60,
-153,105,-208,258,-10,61,
-153,105,-208,263,-10,56,
-153,105,-208,258,-8,66,
-158,104,-204,262,-12,58,
-158,104,-204,258,-9,63,
-152,104,-206,263,-6,58,
-152,104,-206,255,-15,54,
-152,104,-206,259,-8,62,
-157,108,-208,257,-9,62,
-157,108,-208,254,-8,62,
-149,105,-206,250,-18,64,
-149,105,-206,263,-10,56,
-149,105,-206,256,-13,65,
-150,101,-206,258,-11,57,
-150,101,-206,261,-14,61,
-147,109,-203,259,-10,58,
-147,109,-203,261,-6,61,
-147,109,-203,263,-8,66,
-153,105,-202,253,-6,58,
-153,105,-202,261,-7,60,
-152,105,-207,261,-14,58,
-152,105,-207,255,-8,50,
-152,105,-207,258,-14,57,
-153,100,-205,250,-3,62,
-153,100,-205,256,-12,57,
-154,110,-207,253,-14,61,
-154,110,-207,258,-15,67,
-154,110,-207,261,-5,57,
-158,106,-209,267,-3,51,
-158,106,-209,258,-11,57,
-153,102,-209,263,-16,65,
-153,102,-209,261,-8,62,
-153,102,-209,262,-12,58,
-162,108,-208,263,-7,51,
-162,108,-208,263,-9,59,
-152,107,-201,260,-6,61,
-152,107,-201,264,-8,66,
-152,107,-201,263,-11,51,
-158,103,-206,261,-3,54,
-158,103,-206,260,-7,59,
-154,105,-203,258,-8,55,
-154,105,-203,259,-6,55,
-154,105,-203,256,-7,64,
-153,102,-213,262,-4,56,
-153,102,-213,266,-6,60,
-148,106,-206,266,-21,66,
-148,106,-206,263,-9,59,
-148,106,-206,268,-11,56,
-147,106,-208,262,-2,58,
-147,106,-208,263,-6,54,
-152,99,-208,261,-11,63,
-152,99,-208,259,-11,62,
-152,99,-208,258,-10,62,
-155,106,-205,263,-13,63,
-155,106,-205,263,-8,64,
-158,104,-207,265,-13,62,
-158,104,-207,251,-9,53,
-158,104,-207,255,-10,66,
-154,107,-200,258,-1,62,
-154,107,-200,261,-9,61,
-160,104,-201,260,-12,60,
-160,104,-201,258,-9,64,
-160,104,-201,263,-16,63,
-156,108,-201,262,-15,63,
-156,108,-201,261,-12,54,
-158,104,-206,253,-12,57,
-158,104,-206,254,-7,59,
-158,104,-206,254,-9,66,
-158,104,-202,264,-20,56,
-158,104,-202,265,-6,60,
-162,106,-207,257,-8,53,
-162,106,-207,267,-15,65,
-162,106,-207,271,-9,64,
-159,109,-208,263,-6,56,
-159,109,-208,268,-13,67,
-147,107,-207,261,-2,61,
-147,107,-207,266,-7,58,
-147,107,-207,266,-14,48,
-155,105,-207,261,-9,55,
-155,105,-207,254,-6,62,
-155,104,-207,261,-1,59,
-155,104,-207,259,-6,65,
-155,104,-207,267,-6,50,
-155,104,-209,260,-9,52,
-155,104,-209,258,-7,63,
-156,109,-205,254,-9,56,
-156,109,-205,252,-8,55,
-156,109,-205,274,-3,52,
-153,100,-202,262,-10,60,
-153,100,-202,252,-8,57,
-161,105,-202,256,-2,64,
-161,105,-202,264,1,58,
-161,105,-202,262,-12,62,
-158,106,-205,253,-2,64,
-158,106,-205,257,-6,56,
-158,106,-205,258,-10,58,
-158,106,-205,257,-14,55,
-158,106,-205,267,-6,49,
-152,100,-203,263,-4,61,
-152,100,-203,265,-5,59,
-152,103,-198,260,-9,53,
-154,103,-198,258,-4,57,
-154,103,-198,263,-8,52,
-156,109,-209,261,-13,59,
-156,109,-209,266,-10,61,
-156,104,-204,260,-6,61,
-150,104,-204,264,-1,54,
-150,104,-204,263,-6,61,
-159,106,-207,262,-14,66,
-159,106,-207,258,-12,61,
-154,105,-207,263,-5,69,
-154,105,-207,261,-5,56,
-154,105,-207,258,-10,69,
-159,105,-203,256,-8,56,
-159,105,-203,257,-16,64,
-155,106,-206,264,-6,58,
-155,106,-206,263,-11,49,
-155,106,-206,260,-8,60,
-155,105,-201,262,-2,63,
-155,105,-201,268,-12,53,
-156,99,-204,262,-4,75,
-156,99,-204,265,-5,65,
-156,99,-204,261,-10,55,
-156,110,-205,268,-4,64,
-156,110,-205,259,-3,52,
-156,110,-205,264,-13,64,
-160,104,-199,266,-9,49,
-160,104,-199,258,-8,63,
-155,111,-207,263,-8,46,
-155,111,-207,264,-3,54,
-155,111,-207,257,-3,60,
-157,105,-206,268,-9,59,
-157,105,-206,255,-9,62,
-160,102,-207,264,-3,59,
-160,102,-207,264,-17,57,
-160,102,-207,260,-4,55,
-152,104,-203,262,-11,60,
-152,104,-203,264,-16,64,
-155,103,-202,265,-7,50,
-155,103,-202,262,-10,62,
-155,103,-202,254,-11,51,
-154,101,-202,259,-6,51,
-154,101,-202,261,-13,62,
-153,99,-203,262,-7,58,
-153,99,-203,262,-13,57,
-153,99,-203,267,-8,61,
-152,105,-208,259,-9,66,
-152,105,-208,261,-14,62,
-158,103,-208,264,-12,65,
-158,103,-208,259,-6,55,
-158,103,-208,271,-10,66,
-150,106,-208,263,-13,59,
-150,106,-208,266,-5,61,
-147,106,-208,258,-6,59,
-147,106,-208,253,-10,48,
-147,106,-208,256,-6,55,
-152,104,-207,258,-14,53,
-152,104,-207,261,-7,56,
-153,104,-208,257,-11,61,
-153,104,-208,259,-6,53,
-153,104,-208,266,-15,55,
-154,105,-206,264,-6,56,
-154,105,-206,261,-5,54,
-148,105,-205,264,-11,55,
-148,105,-205,265,-8,60,
-148,105,-205,263,-8,52,
-152,106,-208,260,-5,42,
-152,106,-208,256,-9,47,
-155,105,-202,264,-4,54,
-155,105,-202,256,-4,55,
-155,105,-202,265,-13,44,
-156,104,-202,266,-18,49,
-156,104,-202,269,-4,47,
-153,103,-197,264,-4,43,
-153,103,-197,261,-12,24,
-153,103,-197,247,-9,21,
-151,108,-195,263,-2,24,
-151,108,-195,265,-13,28,
-148,110,-184,229,-18,19,
-148,110,-184,241,-2,-7,
-148,110,-184,238,-1,-29,
-139,107,-178,250,-10,-26,
-139,107,-178,249,-5,-37,
-138,110,-177,228,-12,-36,
-138,110,-177,239,-12,-35,
-130,110,-170,241,-12,-41,
-130,110,-170,224,-7,-64,
-130,110,-170,214,-7,-73,
-124,111,-171,232,-1,-73,
-124,111,-171,214,-15,-75,
-120,120,-163,205,-8,-88,
-120,120,-163,199,-13,-103,
-120,120,-163,188,-12,-105,
-114,119,-164,184,-14,-117,
-114,119,-164,183,-9,-122,
-105,120,-160,175,-5,-130,
-105,120,-160,162,-7,-130,
-100,127,-155,142,-10,-150,
-100,127,-155,137,-12,-152,
-100,127,-155,139,-8,-148,
-93,128,-160,119,-9,-165,
-93,128,-160,124,-7,-155,
-84,129,-162,118,-10,-170,
-84,129,-162,114,-8,-176,
-80,134,-166,105,-12,-170,
-80,134,-166,99,-11,-175,
-80,134,-166,100,-5,-173,
-76,137,-163,89,-14,-172,
-76,137,-163,92,-12,-179,
-75,136,-168,97,-8,-172,
-75,136,-168,84,-11,-180,
-75,136,-168,85,-18,-176,
-75,138,-164,87,-6,-177,
-75,138,-164,90,-3,-180,
-75,136,-167,92,-10,-176,
-75,136,-167,89,-10,-178,
-75,136,-167,75,-10,-178,
-77,140,-166,94,-4,-175,
-77,140,-166,82,-11,-180,
-74,138,-166,85,-15,-178,
-74,138,-166,86,0,-174,
-74,138,-166,91,-8,-179,
-81,140,-165,97,-7,-160,
-81,140,-165,66,-29,-185,
-71,142,-169,63,-6,-187,
-71,142,-169,70,-6,-172,
-71,142,-169,84,-6,-187,
-75,136,-167,73,-10,-174,
-75,136,-167,60,-10,-189,
-79,139,-166,68,-8,-178,
-79,139,-166,73,-14,-180,
-79,139,-166,58,-11,-176,
-71,147,-167,47,-7,-190,
-71,147,-167,33,-5,-203,
-70,146,-168,44,-12,-183,
-70,146,-168,47,-17,-189,
-70,146,-168,25,-4,-193,
-69,149,-169,20,-5,-197,
-69,149,-169,25,-16,-187,
-70,146,-165,46,-8,-190,
-70,146,-165,38,-8,-187,
-70,146,-165,36,-17,-179,
-70,155,-175,31,-7,-195,
-70,155,-175,16,-11,-196,
-67,151,-174,36,-8,-182,
-67,151,-174,25,1,-194,
-67,151,-174,8,-7,-195,
-70,155,-170,16,-12,-184,
-70,155,-170,13,-13,-175,
-63,162,-175,5,-9,-189,
-63,162,-175,-10,-5,-188,
-63,162,-175,-3,-6,-191,
-73,158,-169,-9,-11,-192,
-73,158,-169,-10,-5,-194,
-61,164,-175,-28,-6,-184,
-61,164,-175,-22,1,-200,
-61,164,-175,-9,-6,-185,
-67,166,-177,-23,-5,-196,
-67,166,-177,-21,-9,-195,
-67,162,-173,-20,0,-198,
-67,162,-173,-16,-4,-192,
-67,162,-173,-27,-9,-200,
-62,162,-174,-27,-5,-193,
-62,162,-174,-31,1,-194,
-66,166,-174,-38,-7,-195,
-66,166,-174,-37,-1,-189,
-66,166,-174,-41,-15,-191,
-66,166,-176,-37,-9,-190,
-66,166,-176,-45,-12,-195,
-66,174,-173,-51,-21,-191,
-66,174,-173,-58,-8,-194,
-66,169,-177,-53,-8,-189,
-66,169,-177,-66,-10,-187,
-66,169,-177,-53,-7,-184,
-62,171,-176,-50,-9,-192,
-62,171,-176,-54,-5,-192,
-67,167,-176,-43,-6,-182,
-67,167,-176,-43,-10,-193,
-67,167,-176,-27,-6,-185,
-71,160,-174,-14,-5,-192,
-71,160,-174,-15,-2,-187,
-74,158,-168,-4,-7,-186,
-74,158,-168,2,-9,-198,
-74,158,-168,15,-13,-195,
-70,155,-174,42,-12,-192,
-70,155,-174,44,-16,-179,
-73,149,-170,49,-7,-183,
-73,149,-170,40,-5,-203,
-73,149,-170,64,-16,-186,
-86,142,-169,76,-9,-191,
-86,142,-169,74,-5,-175,
-84,135,-163,101,-5,-171,
-84,135,-163,103,-8,-169,
-84,132,-165,127,-9,-165,
-93,132,-165,144,-8,-146,
-93,132,-165,137,-17,-144,
-105,123,-161,162,-5,-139,
-105,123,-161,158,-9,-127,
-114,122,-161,181,-6,-122,
-114,122,-161,225,-14,-78,
-114,122,-161,229,-3,-82,
-129,117,-163,191,0,-100,
-129,117,-163,191,-4,-74,
-140,112,-174,218,-8,-42,
-140,112,-174,266,-5,-4,
-140,112,-174,259,-17,2,
-145,108,-183,255,-8,13,
-145,108,-183,264,-8,35,
-154,108,-200,258,-6,25,
-154,108,-200,312,2,66,
-154,108,-200,272,-5,45,
-152,107,-202,245,-6,26,
-152,107,-202,266,-11,60,
-159,101,-209,251,-4,55,
-159,101,-209,271,-2,50,
-159,101,-209,255,-2,52,
-155,103,-204,263,-3,54,
-155,103,-204,262,-6,62,
-161,100,-204,262,-11,56,
-161,100,-204,262,-9,60,
-161,100,-204,259,-8,48,
-156,105,-209,264,-5,51,
-156,105,-209,263,-6,50,
-160,98,-208,260,-6,57,
-160,98,-208,268,-2,58,
-160,98,-208,256,-1,53,
-156,100,-204,254,-15,57,
-156,100,-204,258,-13,57,
-157,102,-206,258,-6,49,
-157,102,-206,261,-7,61,
-157,102,-206,260,-10,55,
-155,103,-210,257,-9,61,
-155,103,-210,268,-11,63,
-162,104,-206,259,-4,47,
-162,104,-206,262,-5,62,
-162,104,-206,262,-5,59,
-158,107,-205,260,-9,57,
-158,107,-205,262,-6,50,
-157,105,-208,271,-9,60,
-157,105,-208,262,2,52,
-157,105,-208,262,-8,55,
-153,106,-205,260,-6,61,
-153,106,-205,258,-4,55,
-153,106,-205,254,-2,45,
-154,101,-201,261,-17,56,
-154,101,-201,262,-5,52,
-154,105,-206,252,-8,54,
-154,105,-206,264,-8,58,
-154,105,-206,264,-3,56,
-162,101,-205,265,-4,59,
-162,101,-205,263,-7,66,
-161,104,-204,258,-3,56,
-161,104,-204,258,-6,67,
-161,104,-204,260,-8,57,
-163,107,-207,259,-2,58,
-163,107,-207,258,-1,56,
-158,102,-209,263,-7,56,
-158,102,-209,265,-5,58,
-158,102,-209,261,-9,59,
-159,103,-201,267,-11,63,
-159,103,-201,264,-6,61,
-151,104,-207,257,-4,49,
-151,104,-207,259,-6,61,
-151,104,-207,263,-6,59,
-158,103,-207,250,-1,53,
-158,103,-207,259,-1,60,
-155,103,-209,270,-6,58,
-155,103,-209,251,1,57,
-155,103,-209,266,-2,49,
-158,101,-204,267,-1,51,
-158,101,-204,266,-10,61,
-154,102,-203,264,-4,56,
-154,102,-203,260,-6,48,
-154,102,-203,263,-10,69,
-156,103,-208,274,-6,53,
-156,103,-208,252,0,66,
-161,100,-208,268,-7,57,
-161,100,-208,261,-11,64,
-161,100,-208,259,-3,59,
-160,101,-209,264,-3,60,
-160,101,-209,263,-8,66,
-155,105,-204,257,-2,61,
-155,105,-204,262,-4,62,
-155,105,-204,258,-5,62,
-154,104,-205,257,-11,74,
-154,104,-205,260,-11,73,
-156,101,-214,253,-10,73,
-156,101,-214,259,-8,85,
-156,101,-214,250,-7,90,
-160,97,-210,272,-16,82,
-160,97,-210,260,-7,88,
-160,97,-210,250,-13,96,
-159,105,-214,239,-12,95,
-159,105,-214,243,-11,98,
-161,89,-217,273,-16,108,
-161,89,-217,271,-5,94,
-161,89,-217,267,-11,112,
-154,92,-216,241,-16,120,
-154,92,-216,249,-8,129,
-158,88,-221,262,-7,125,
-158,88,-221,258,0,119,
-158,88,-221,238,-4,138,
-160,89,-225,235,-17,153,
-160,89,-225,254,-11,146,
-160,82,-224,212,-16,170,
-160,82,-224,193,-13,164,
-160,83,-220,253,-24,130,
-158,83,-220,287,-8,119,
-158,83,-220,259,-11,138,
-163,86,-225,227,-24,141,
-163,86,-225,236,-12,144,
-157,84,-216,250,-7,134,
-157,84,-216,262,-13,102,
-157,84,-216,247,-12,116,
-158,92,-210,258,-13,91,
-158,92,-210,260,-16,81,
-159,96,-206,261,-10,77,
-159,96,-206,259,-7,86,
-159,96,-206,285,-9,66,
-157,99,-210,244,-16,82,
-157,99,-210,253,-10,85,
-157,99,-210,275,-7,71,
-157,95,-204,257,-11,73,
-157,95,-204,264,-5,67,
-162,98,-203,259,-11,73,
-162,98,-203,252,-18,71,
-162,98,-203,269,-10,71,
-158,99,-205,274,-7,70,
-158,99,-205,257,-14,72,
-162,94,-208,247,-9,88,
-162,94,-208,269,-16,72,
-162,94,-208,264,-20,75,
-165,100,-207,265,-18,74,
-165,100,-207,252,-9,75,
-158,93,-205,257,-5,91,
-158,93,-205,257,-7,77,
-158,93,-205,257,-10,78,
-155,95,-212,256,-8,87,
-155,95,-212,256,-13,89,
-155,95,-212,247,-9,87,
-158,94,-209,259,-12,85,
-158,94,-209,265,-11,93,
-160,102,-214,262,-10,90,
-160,102,-214,261,-17,83,
-160,102,-214,270,-10,73,
-158,100,-210,275,-11,87,
-158,100,-210,251,-12,86,
-167,96,-212,282,-9,75,
-167,96,-212,256,-5,97,
-167,96,-212,233,-15,97,
-163,96,-217,269,-14,105,
-163,96,-217,260,-8,102,
-164,92,-220,266,-9,106,
-164,92,-220,277,-16,114,
-164,92,-220,232,-12,129,
-155,86,-224,232,-9,146,
-155,86,-224,263,-12,149,
-156,84,-228,254,-11,152,
-156,84,-228,233,-24,167,
-156,84,-228,236,-11,171,
-154,76,-235,199,-10,185,
-154,76,-235,217,-18,202,
-155,75,-246,198,-12,203,
-155,75,-246,199,-11,215,
-152,71,-246,218,-20,230,
-152,71,-246,182,-15,229,
-152,71,-246,189,-7,226,
-147,68,-263,172,-19,233,
-147,68,-263,172,-14,244,
-146,62,-259,146,-4,240,
-146,62,-259,158,-10,238,
-146,62,-259,173,-7,235,
-142,65,-257,183,-17,233,
-142,65,-257,185,-22,234,
-142,65,-262,182,-10,239,
-142,65,-262,181,-15,236,
-142,65,-262,179,-15,247,
-139,69,-266,184,-19,243,
-139,69,-266,173,-8,238,
-144,59,-268,159,-8,238,
-144,59,-268,184,-16,244,
-144,59,-268,168,-6,242,
-140,60,-270,129,-17,249,
-140,60,-270,144,-11,257,
-132,58,-274,162,-8,265,
-132,58,-274,156,-11,264,
-132,58,-274,147,-10,269,
-124,57,-284,122,-12,267,
-124,57,-284,116,-11,272,
-114,57,-282,114,-17,272,
-114,57,-282,120,-14,282,
-114,57,-282,98,-10,293,
-109,58,-290,84,-15,279,
-109,58,-290,63,-21,269,
-101,55,-298,105,-3,310,
-101,55,-298,93,-1,305,
-101,55,-298,71,-18,287,
-96,47,-297,63,-9,295,
-96,47,-297,67,-6,302,
-83,47,-300,65,-8,299,
-83,47,-300,54,-6,292,
-83,47,-300,56,-6,301,
-85,46,-306,55,-4,293,
-85,46,-306,54,-6,298,
-85,46,-306,61,-12,294,
-84,45,-302,61,-9,297,
-84,45,-302,60,-4,297,
-84,45,-302,50,-3,299,
-75,48,-306,58,-6,295,
-75,48,-306,59,-13,297,
-78,49,-302,53,-6,299,
-78,49,-302,57,-7,288,
-78,49,-302,51,-9,303,
-75,45,-302,48,-6,307,
-75,45,-302,49,-9,293,
-75,45,-302,49,-10,298,
-71,45,-305,45,-7,301,
-71,45,-305,50,0,302,
-76,46,-302,51,-3,304,
-76,46,-302,48,-8,303,
-76,46,-302,36,-6,303,
-73,48,-304,46,4,308,
-73,48,-304,46,-14,304,
-73,48,-304,54,-6,291,
-88,48,-304,55,-11,304,
-88,48,-304,58,1,298,
-88,48,-304,62,-2,291,
-98,51,-297,74,1,285,
-98,51,-297,86,-4,282,
-98,51,-286,105,-14,285,
-108,51,-286,107,-5,259,
-108,51,-286,132,-6,283,
-129,58,-278,148,-12,245,
-129,58,-278,167,-5,231,
-129,58,-278,196,-3,219,
-148,64,-257,162,3,222,
-148,64,-257,176,-1,206,
-162,69,-239,240,-14,178,
-162,69,-239,250,-26,126,
-162,69,-239,258,-5,151,
-165,85,-217,247,-31,92,
-165,85,-217,230,-29,77,
-160,91,-202,307,-19,37,
-160,91,-202,330,-8,55,
-160,91,-202,207,-32,103,
-165,92,-198,229,-30,104,
-165,92,-198,282,-13,50,
-161,91,-194,272,-4,56,
-161,91,-194,271,-18,60,
-161,91,-194,249,-14,65,
-160,92,-199,253,-17,70,
-160,92,-199,260,-17,69,
-160,92,-205,266,-8,66,
-160,92,-205,265,-16,68,
-160,92,-205,253,-18,67,
-161,92,-194,263,-16,73,
-161,92,-194,264,-16,69,
-160,93,-204,258,-18,70,
-160,93,-204,263,-27,71,
-160,93,-204,264,-10,66,
-162,95,-201,262,-17,70,
-162,95,-201,267,-20,73,
-159,91,-201,265,-18,74,
-159,91,-201,260,-17,68,
-159,91,-201,253,-14,66,
-163,90,-201,266,-20,70,
-163,90,-201,265,-10,60,
-163,90,-201,259,-15,64,
-163,90,-201,261,-22,70,
-163,90,-201,261,-17,75,
-162,90,-196,255,-12,72,
-162,90,-196,261,-19,78,
-162,90,-196,267,-9,76,
-168,92,-199,259,-15,65,
-168,92,-199,263,-11,66,
-160,94,-195,254,-21,68,
-160,94,-195,260,-18,71,
-160,94,-195,262,-20,68,
-164,91,-200,256,-11,59,
-164,91,-200,259,-8,76,
-162,88,-201,249,-9,70,
-162,88,-201,262,-26,73,
-162,88,-201,262,-14,71,
-159,94,-197,261,-8,66,
-159,94,-197,263,-12,63,
-161,88,-201,261,-9,66,
-161,88,-201,260,-18,73,
-161,88,-201,254,-14,57,
-159,95,-197,257,-19,72,
-159,95,-197,261,-11,74,
-159,95,-197,262,-11,73,
-156,91,-198,261,-14,68,
-156,91,-198,259,-10,64,
-161,97,-197,260,-12,57,
-161,97,-197,261,-16,68,
-161,97,-197,263,-10,72,
-161,90,-198,256,-13,66,
-161,90,-198,261,-17,62,
-153,91,-196,258,-15,76,
-153,91,-196,258,-18,64,
-153,91,-196,255,-4,69,
-158,94,-200,262,-14,70,
-158,94,-200,261,-10,72,
-165,94,-198,260,-16,71,
-165,94,-198,265,-16,76,
-165,94,-198,258,-11,66,
-160,91,-201,262,-23,78,
-160,91,-201,257,-18,70,
-163,95,-199,265,-17,62,
-163,95,-199,260,-12,67,
-163,95,-199,258,-17,62,
-162,92,-200,259,-12,66,
-162,92,-200,262,-17,72,
-160,99,-195,263,-7,69,
-160,99,-195,263,-14,64,
-160,99,-195,260,-8,65,
-161,93,-194,253,-8,68,
-161,93,-194,258,-16,69,
-161,93,-194,262,-13,66,
-160,95,-198,257,-19,65,
-160,95,-198,265,-17,72,
-159,92,-204,257,-18,72,
-159,92,-204,264,-10,62,
-159,92,-204,264,-20,66,
-154,92,-200,260,-17,59,
-154,92,-200,261,-12,67,
-162,93,-202,256,-18,66,
-162,93,-202,264,-18,61,
-162,93,-202,259,-11,72,
-162,91,-200,257,-14,72,
-162,91,-200,262,-25,67,
-162,92,-198,248,-12,60,
-162,92,-198,260,-15,74,
-162,92,-198,267,-8,63,
-162,91,-199,264,-15,70,
-162,91,-199,262,-18,65,
-166,89,-200,260,-18,74,
-166,89,-200,266,-16,70,
-166,89,-200,262,-12,65,
-158,96,-195,260,-15,67,
-158,96,-195,266,-15,74,
-166,89,-199,260,-13,61,
-166,89,-199,262,-11,63,
-166,89,-199,257,-26,74,
-161,96,-200,260,-15,62,
-161,96,-200,253,-14,72,
-161,96,-200,256,-7,73,
-163,96,-201,262,-13,67,
-163,96,-201,255,-11,74,
-162,92,-200,263,-20,73,
-162,92,-200,258,-14,69,
-162,92,-200,262,-12,69,
-157,91,-198,261,-17,73,
-157,91,-198,262,-19,63,
-162,89,-196,256,-24,68,
-162,89,-196,268,-9,61,
-162,89,-196,260,-11,65,
-164,90,-204,264,-18,70,
-164,90,-204,255,-13,63,
-162,94,-195,260,-14,71,
-162,94,-195,260,-5,65,
-162,94,-195,256,-5,65,
-164,96,-204,253,-16,67,
-164,96,-204,259,-10,62,
-162,97,-195,259,-10,67,
-162,97,-195,262,-12,64,
-162,97,-195,260,-8,49,
-165,88,-199,258,-5,70,
-165,88,-199,262,-6,63,
-165,88,-199,256,-15,61,
-156,101,-197,255,-12,68,
-156,101,-197,261,-12,64,
-166,93,-202,265,-10,73,
-166,93,-202,259,-9,75,
-166,93,-202,263,-14,58,
-160,95,-202,264,-21,68,
-160,95,-202,263,-12,67,
-165,87,-199,263,-16,72,
-165,87,-199,263,-19,63,
-165,87,-199,262,-17,69,
-161,94,-195,251,-13,68,
-161,94,-195,262,-10,69,
-162,89,-196,267,-23,68,
-162,89,-196,261,-13,58,
-162,89,-196,265,-13,65,
-164,95,-200,263,-18,67,
-164,95,-200,262,-9,60,
-157,92,-198,260,-12,63,
-157,92,-198,265,-18,65,
-157,92,-198,255,-18,58,
-164,96,-200,261,-7,64,
-164,96,-200,260,-15,65,
-159,95,-203,262,-15,64,
-159,95,-203,263,-15,62,
-159,95,-203,253,-10,69,
-160,93,-199,259,-18,71,
-160,93,-199,260,-15,70,
-160,93,-199,264,-16,59,
-159,97,-191,260,-10,68,
-159,97,-191,256,-11,67,
-156,94,-199,258,-8,55,
-156,94,-199,264,-14,66,
-156,94,-199,260,-19,65,
-158,91,-195,260,-14,67,
-158,91,-195,255,-17,70,
-160,93,-199,257,-13,59,
-160,93,-199,262,-19,72,
-160,93,-199,263,-19,64,
-161,97,-200,258,-23,67,
-161,97,-200,260,-14,57,
-164,91,-200,262,-14,72,
-164,91,-200,264,-16,66,
-164,91,-200,252,-13,71,
-159,93,-200,259,-17,67,
-159,93,-200,259,-16,68,
-161,92,-198,260,-21,64,
-161,92,-198,261,-19,65,
-161,92,-198,263,-12,69,
-162,91,-193,261,-12,69,
-162,91,-193,264,-21,55,
-155,86,-197,263,-11,66,
-155,86,-197,255,-14,72,
-155,86,-197,259,-17,63,
-160,91,-199,264,-21,66,
-160,91,-199,255,-14,65,
-160,95,-195,254,-24,59,
-160,95,-195,264,-15,57,
-160,95,-195,267,-8,65,
-156,96,-199,261,-12,63,
-156,96,-199,260,-7,59,
-156,96,-199,261,-14,65,
-162,93,-199,257,-9,61,
-162,93,-199,264,-18,62,
-164,94,-200,261,-18,68,
-164,94,-200,266,-17,66,
-164,94,-200,265,-15,65,
-160,99,-206,257,-11,63,
-160,99,-206,264,-12,65,
-159,93,-198,253,-15,59,
-159,93,-198,255,-14,64,
-159,93,-198,264,-19,69,
-157,94,-201,262,-20,66,
-157,94,-201,265,-12,66,
-164,93,-198,262,-9,75,
-164,93,-198,267,-11,64,
-164,93,-198,254,-13,64,
-160,88,-200,258,-4,57,
-160,88,-200,262,-15,67,
-160,88,-200,256,-16,62,
-160,88,-200,260,-18,63,
-160,88,-200,263,-22,66,
-158,92,-201,268,-10,59,
-158,92,-201,258,-14,73,
-158,92,-201,254,-18,65,
-159,99,-197,264,-18,60,
-159,99,-197,264,-15,59,
-163,95,-198,259,-17,64,
-163,95,-198,269,-9,73,
-163,95,-198,255,-23,66,
-164,89,-200,258,-19,67,
-164,89,-200,265,-17,75,
-159,91,-195,255,-14,70,
-159,91,-195,268,-16,56,
-159,91,-195,258,-7,68,
-160,93,-197,268,-12,63,
-160,93,-197,263,-6,61,
-164,94,-193,251,-10,64,
-164,94,-193,267,-17,67,
-164,94,-193,262,-8,65,
-160,93,-200,252,-9,52,
-160,93,-200,257,-16,71,
-160,93,-200,257,-7,65,
-164,97,-199,266,-14,67,
-164,97,-199,265,-15,59,
-163,88,-199,258,-18,69,
-163,88,-199,261,-9,63,
-163,88,-199,253,-9,57,
-155,89,-196,256,-16,62,
-155,89,-196,263,-10,67,
-166,97,-192,264,-20,70,
-166,97,-192,260,-17,64,
-166,97,-192,264,-19,60,
-164,98,-197,259,-13,62,
-164,98,-197,258,-18,68,
-163,95,-200,263,-17,67,
-163,95,-200,260,-18,69,
-163,95,-200,258,-13,66,
-161,92,-198,257,-12,64,
-161,92,-198,267,-11,63,
-164,91,-201,257,-15,68,
-164,91,-201,253,-17,64,
-164,91,-201,261,-14,56,
-161,91,-199,263,-12,72,
-161,91,-199,262,-17,68,
-166,90,-193,260,-14,62,
-166,90,-193,261,-14,69,
-166,90,-193,257,-15,60,
-155,94,-199,261,-14,57,
-155,94,-199,252,-8,67,
-155,94,-199,257,-15,66,
-163,97,-195,260,-12,68,
-163,97,-195,265,-13,59,
-161,91,-204,256,-12,60,
-161,91,-204,262,-15,71,
-161,91,-204,260,-10,74,
-164,92,-195,260,-11,68,
-164,92,-195,264,-13,69,
-162,96,-196,258,-15,64,
-162,96,-196,256,-9,64,
-162,96,-196,263,-19,66,
-155,94,-194,263,-11,59,
-155,94,-194,260,-13,61,
-169,94,-200,254,-4,69,
-169,94,-200,259,-11,66,
-169,94,-200,254,-20,69,
-157,100,-200,253,-19,67,
-157,100,-200,263,-21,62,
-164,91,-198,252,-12,61,
-164,91,-198,255,-7,65,
-164,91,-198,257,-10,64,
-161,91,-198,269,-14,61,
-161,91,-198,257,-17,68,
-161,95,-199,257,-18,68,
-161,95,-199,265,-9,68,
-161,95,-199,264,-17,63,
-160,92,-199,268,-12,56,
-160,92,-199,260,-19,67,
-160,92,-199,252,-10,63,
-162,92,-198,252,-12,68,
-162,92,-198,265,-6,69,
-160,95,-198,262,-17,59,
-160,95,-198,262,-21,67,
-160,95,-198,263,-15,66,
-163,92,-201,269,-23,68,
-163,92,-201,268,-18,68,
-159,96,-199,262,-16,55,
-159,96,-199,257,-13,68,
-159,96,-199,269,-13,73,
-159,93,-199,258,-17,69,
-159,93,-199,262,-18,68,
-169,93,-196,264,-14,70,
-169,93,-196,260,-21,65,
-169,93,-196,260,-11,65,
-160,92,-194,258,-15,61,
-160,92,-194,264,-11,65,
-158,94,-197,253,-16,54,
-158,94,-197,256,-21,67,
-158,94,-197,261,-22,70,
-158,97,-200,255,-13,64,
-158,97,-200,254,-15,69,
-161,94,-197,259,-15,74,
-161,94,-197,257,-25,72,
-161,94,-197,266,-21,63,
-166,92,-195,262,-15,72,
-166,92,-195,262,-13,72,
-166,93,-199,260,-14,64,
-166,93,-199,258,-11,71,
-166,93,-199,265,-6,60,
-161,95,-196,268,-13,69,
-161,95,-196,260,-13,58,
-161,95,-196,256,-9,59,
-161,95,-196,257,-16,69,
-161,95,-196,261,-13,54,
-160,93,-198,256,-13,68,
-160,93,-198,263,-18,62,
-160,93,-198,258,-15,68,
-161,96,-197,259,-16,68,
-161,96,-197,250,-20,68,
-159,91,-198,262,-19,75,
-159,91,-198,256,-13,66,
-159,91,-198,259,-15,61,
-163,96,-199,261,-9,73,
-163,96,-199,262,-17,75,
-162,96,-199,259,-9,71,
-162,96,-199,259,-15,59,
-162,96,-199,261,-6,65,
-159,91,-201,258,-11,63,
-159,91,-201,256,-12,70,
-159,91,-201,264,-11,63,
-159,93,-202,265,-17,65,
-159,93,-202,266,-9,61,
-165,93,-199,265,-12,67,
-165,93,-199,262,-20,66,
-165,93,-199,256,-16,70,
-160,90,-197,262,-6,63,
-160,90,-197,260,-9,61,
-164,94,-197,262,-11,65,
-164,94,-197,254,-13,63,
-164,94,-197,264,-11,62,
-164,92,-204,259,-16,73,
-164,92,-204,265,-15,67,
-162,93,-200,260,-15,72,
-162,93,-200,266,-12,63,
-162,93,-200,270,-16,65,
-162,90,-195,262,-15,64,
-162,90,-195,262,-13,66,
-162,92,-200,262,-6,64,
-162,92,-200,258,-14,68,
-162,92,-200,258,-17,70,
-160,91,-199,255,-12,54,
-160,91,-199,263,-15,74,
-157,90,-191,261,-20,63,
-157,90,-191,257,-13,68,
-157,90,-191,262,-16,65,
-161,97,-198,260,-16,60,
-161,97,-198,258,-15,61,
-161,97,-198,262,-14,69,
-167,95,-199,257,-9,69,
-167,95,-199,259,-12,59,
-159,94,-197,260,-16,71,
-159,94,-197,261,-21,70,
-159,94,-197,265,-12,64,
-167,90,-197,267,-20,63,
-167,90,-197,266,-13,60,
-156,95,-197,265,-15,63,
-156,95,-197,257,-12,67,
-156,95,-197,264,-12,64,
-162,92,-195,262,-14,69,
-162,92,-195,262,-20,70,
-163,95,-201,271,-18,61,
-163,95,-201,256,-15,61,
-163,95,-201,250,-15,60,
-154,97,-197,264,-15,69,
-154,97,-197,255,-17,63,
-160,95,-203,265,-17,67,
-160,95,-203,267,-13,73,
-160,95,-203,255,-17,61,
-165,93,-198,255,-14,67,
-165,93,-198,264,-16,61,
-162,95,-198,261,-10,66,
-162,95,-198,256,-12,63,
-162,95,-198,265,-10,66,
-158,95,-199,259,-13,66,
-158,95,-199,262,-13,67,
-158,95,-199,256,-8,67,
-158,95,-199,254,-10,62,
-158,95,-199,263,-7,67,
-163,89,-200,264,-15,67,
-163,89,-200,255,-20,65,
-163,89,-200,258,-22,69,
-161,92,-197,257,-9,68,
-161,92,-197,268,-10,69,
-153,91,-199,261,-13,63,
-153,91,-199,264,-19,62,
-153,91,-199,259,-18,73,
-158,96,-199,261,-13,68,
-158,96,-199,260,-14,67,
-159,94,-203,261,-16,66,
-159,94,-203,258,-16,74,
-159,94,-203,257,-14,64,
-159,93,-198,261,-19,59,
-159,93,-198,269,-21,69,
-159,97,-196,269,-16,66,
-159,97,-196,262,-7,63,
-159,97,-196,262,-13,62,
-155,91,-201,260,-19,75,
-155,91,-201,266,-10,54,
-161,87,-194,263,-17,60,
-161,87,-194,259,-21,65,
-161,87,-194,260,-10,63,
-164,95,-201,264,-13,71,
-164,95,-201,263,-12,68,
-164,95,-201,257,-13,66,
-164,89,-199,261,-15,67,
-164,89,-199,251,-17,65,
-158,94,-198,263,-15,64,
-158,94,-198,258,-21,77,
-158,94,-198,260,-14,61,
-163,93,-194,261,-16,68,
-163,93,-194,261,-15,57,
-156,93,-199,258,-24,64,
-156,93,-199,259,-11,59,
-156,93,-199,259,-19,69,
-156,99,-201,255,-14,66,
-156,99,-201,256,-13,68,
-161,95,-195,257,-14,58,
-161,95,-195,254,-20,73,
-161,95,-195,257,-12,62,
-157,88,-195,253,-12,63,
-157,88,-195,263,-13,69,
-165,92,-198,262,-20,68,
-165,92,-198,257,-18,61,
-165,92,-198,261,-9,64,
-161,92,-202,261,-14,59,
-161,92,-202,254,-8,72,
-163,94,-199,261,-6,72,
-163,94,-199,266,-20,64,
-163,94,-199,260,-16,69,
-159,93,-200,260,-14,71,
-159,93,-200,258,-15,64,
-159,93,-200,262,-17,68,
-160,96,-194,257,-13,66,
-160,96,-194,260,-15,56,
-164,92,-201,252,-9,73,
-164,92,-201,262,-13,64,
-164,92,-201,269,-11,74,
-157,94,-193,262,-17,63,
-157,94,-193,263,-17,76,
-160,93,-199,261,-10,63,
-160,93,-199,257,-10,75,
-160,93,-199,254,-15,59,
-168,92,-199,257,-11,72,
-168,92,-199,253,-11,72,
-156,91,-201,259,-16,69,
-156,91,-201,263,-13,60,
-156,91,-201,255,-12,69,
-158,96,-198,262,-22,66,
-158,96,-198,266,-10,63,
-161,97,-200,268,-15,64,
-161,97,-200,259,-12,66,
-161,97,-200,252,-10,61,
-164,92,-198,254,-9,68,
-164,92,-198,268,-16,68,
-158,91,-196,260,-9,64,
-158,91,-196,258,-19,66,
-158,91,-196,264,-15,67,
-165,88,-191,257,-5,62,
-165,88,-191,260,-14,57,
-165,88,-191,259,-23,75,
-162,91,-196,265,-26,72,
-162,91,-196,258,-12,65,
-161,92,-196,263,-13,73,
-161,92,-196,257,-16,68,
-161,92,-196,268,-22,62,
-162,96,-193,268,-13,62,
-162,96,-193,264,-9,71,
-168,96,-202,261,-19,66,
-168,96,-202,262,-19,68,
-168,96,-202,263,-14,66,
-162,93,-201,253,-19,64,
-162,93,-201,258,-12,55,
-152,93,-201,251,-4,63,
-152,93,-201,261,-15,66,
-152,93,-201,261,-13,66,
-158,93,-198,253,-11,66,
-158,93,-198,264,-12,67,
-157,94,-195,261,-9,60,
-157,94,-195,255,-11,60,
-157,94,-195,261,-12,64,
-158,92,-202,264,-11,74,
-158,92,-202,262,-12,62,
-158,92,-202,264,-22,74,
-161,98,-197,261,-15,69,
-161,98,-197,264,-21,67,
-158,93,-201,262,-18,66,
-158,93,-201,259,-13,56,
-158,93,-201,263,-12,65,
-161,90,-198,264,-13,59,
-161,90,-198,261,-23,68,
-158,94,-200,264,-23,70,
-158,94,-200,260,-9,62,
-158,94,-200,265,-11,68,
-155,91,-203,262,-14,60,
-155,91,-203,257,-11,60,
-162,93,-198,266,-14,66,
-162,93,-198,259,-8,63,
-162,93,-198,264,-8,66,
-161,93,-199,259,-14,62,
-161,93,-199,265,-7,56,
-161,94,-197,260,-10,66,
-161,94,-197,253,-20,59,
-161,94,-197,257,-12,63,
-165,93,-197,263,-11,68,
-165,93,-197,266,-18,60,
-165,93,-197,258,-14,65,
-166,94,-194,265,-13,75,
-166,94,-194,258,-12,64,
-158,95,-196,265,-10,66,
-158,95,-196,258,-16,65,
-158,95,-196,261,-3,63,
-154,95,-197,263,-16,72,
-154,95,-197,256,-11,71,
-159,97,-197,256,-8,62,
-159,97,-197,258,-11,65,
-159,97,-197,262,-13,63,
-162,97,-196,263,-16,72,
-162,97,-196,260,-13,70,
-162,93,-198,258,-9,65,
-162,93,-198,262,-16,71,
-162,93,-198,262,-11,71,
-158,97,-194,263,-16,63,
-158,97,-194,260,-16,66,
-162,92,-200,260,-13,66,
-162,92,-200,257,-18,60,
-162,92,-200,267,-18,63,
-162,93,-197,268,-7,58,
-162,93,-197,261,-11,56,
-162,93,-197,258,-21,69,
-160,95,-193,261,-15,68,
-160,95,-193,256,-16,66,
-162,97,-201,264,-16,68,
-162,97,-201,262,-17,63,
-162,97,-201,258,-16,60,
-159,94,-198,254,-9,55,
-159,94,-198,257,-8,64,
-163,96,-198,257,-18,69,
-163,96,-198,266,-15,66,
-163,96,-198,262,-28,72,
-165,98,-194,258,-12,66,
-165,98,-194,268,-10,66,
-160,98,-200,262,-23,68,
-160,98,-200,262,-9,62,
-160,98,-200,258,-12,64,
-156,92,-197,260,-9,66,
-156,92,-197,256,-9,66,
-160,95,-195,263,-16,69,
-160,95,-195,256,-11,66,
-160,95,-195,256,-17,62,
-160,95,-197,244,-7,68,
-160,95,-197,261,-13,68,
-160,95,-197,255,-8,71,
-158,92,-204,261,-10,76,
-158,92,-204,259,-18,66,
-165,96,-199,260,-12,66,
-165,96,-199,263,-18,66,
-165,96,-199,264,-19,61,
-163,94,-193,265,-14,59,
-163,94,-193,261,-15,63,
-158,91,-195,250,-14,66,
-158,91,-195,258,-12,69,
-158,91,-195,258,-17,71,
-171,92,-201,265,-15,65,
-171,92,-201,257,-14,64,
-167,96,-195,262,-17,64,
-167,96,-195,255,-17,68,
-167,96,-195,265,-14,75,
-162,99,-198,265,-9,56,
-162,99,-198,247,-8,67,
-157,92,-198,256,-10,58,
-157,92,-198,264,-10,60,
-157,92,-198,263,-6,60,
-164,96,-198,262,-13,67,
-164,96,-198,262,-7,68,
-164,96,-198,253,-9,66,
-159,94,-198,259,-13,73,
-159,94,-198,252,-12,70,
-160,89,-199,262,-13,64,
-160,89,-199,258,-23,73,
-160,89,-199,264,-17,71,
-161,90,-195,263,-15,57,
-161,90,-195,257,-9,68,
-160,93,-202,253,-12,63,
-160,93,-202,262,-21,64,
-160,93,-202,259,-7,73,
-163,88,-202,259,-20,70,
-163,88,-202,263,-19,65,
-167,92,-196,258,-13,60,
-167,92,-196,255,-9,77,
-167,92,-196,258,-16,68,
-161,92,-199,252,-14,59,
-161,92,-199,258,-13,66,
-161,92,-199,264,-14,59,
-156,92,-196,262,-20,64,
-156,92,-196,268,-9,64,
-162,94,-198,258,-22,61,
-162,94,-198,251,-12,61,
-162,94,-198,258,-17,68,
-164,94,-195,258,-15,65,
-164,94,-195,261,-12,65,
-163,93,-197,260,-8,70,
-163,93,-197,263,-12,68,
-163,93,-197,259,-14,65,
-159,93,-201,259,-24,65,
-159,93,-201,257,-14,62,
-162,93,-198,264,-19,70,
-162,93,-198,260,-14,68,
-162,93,-198,264,-12,57,
-165,97,-195,263,-14,66,
-165,97,-195,258,-11,64,
-157,91,-196,263,-14,65,
-157,91,-196,258,-12,62,
-157,91,-196,260,-13,66,
-167,91,-200,257,-17,67,
-167,91,-200,262,-19,61,
-163,93,-202,261,-22,70,
-163,93,-202,263,-15,60,
-163,93,-202,263,-19,60,
-168,99,-197,257,-16,63,
-168,99,-197,259,-19,56,
-157,94,-198,263,-10,66,
-157,94,-198,262,-14,65,
-157,94,-198,257,-10,61,
-161,93,-199,256,-14,63,
-161,93,-199,259,-13,67,
-161,93,-199,261,-17,61,
-161,96,-196,256,-18,68,
-161,96,-196,252,-18,71,
-157,94,-196,255,-7,69,
-157,94,-196,260,-29,73,
-157,94,-196,259,-16,68,
-157,90,-200,262,-15,65,
-157,90,-200,267,-17,62,
-163,95,-195,253,-10,65,
-163,95,-195,246,-12,68,
-163,95,-195,260,-10,64,
-157,89,-204,259,-15,72,
-157,89,-204,263,-13,69,
-163,93,-205,256,-16,70,
-163,93,-205,262,-14,66,
-163,93,-205,255,-15,65,
-163,95,-202,260,-14,69,
-163,95,-202,257,-7,66,
-155,93,-196,255,-18,62,
-155,93,-196,256,-10,73,
-155,93,-196,257,-12,61,
-164,94,-198,255,-23,68,
-164,94,-198,260,-14,67,
-158,91,-191,265,-10,57,
-158,91,-191,270,-15,67,
-158,91,-191,259,-15,60,
-164,95,-199,258,-13,60,
-164,95,-199,258,-15,59,
-164,95,-199,255,-8,62,
-163,95,-188,256,-10,69,
-163,95,-188,263,-14,65,
-160,94,-200,255,-12,69,
-160,94,-200,259,-14,59,
-160,94,-200,257,-24,75,
-162,91,-202,259,-18,73,
-162,91,-202,258,-22,65,
-163,94,-199,258,-23,68,
-163,94,-199,257,-17,72,
-163,94,-199,262,-13,61,
-162,97,-197,266,-18,65,
-162,97,-197,255,-8,62,
-157,97,-201,255,-12,67,
-157,97,-201,257,-13,65,
-157,97,-201,264,-17,59,
-159,96,-199,264,-17,63,
-159,96,-199,266,-12,71,
-156,94,-196,257,-16,58,
-156,94,-196,255,-17,63,
-156,94,-196,266,-13,64,
-164,90,-195,272,-9,60,
-164,90,-195,271,-20,60,
-161,91,-195,262,-8,51,
-161,91,-195,252,-16,51,
-161,91,-195,262,-13,58,
-161,94,-196,251,-19,58,
-161,94,-196,255,-16,54,
-161,94,-196,259,-6,52,
-161,94,-196,262,-17,53,
-161,94,-196,271,-12,48,
-163,93,-196,262,-12,58,
-163,93,-196,265,-14,48,
-163,93,-196,277,-13,35,
-158,91,-194,269,4,40,
-158,91,-194,270,-13,26,
-157,102,-187,262,-11,29,
-157,102,-187,268,-13,19,
-157,102,-187,256,-5,4,
-159,98,-181,249,-14,0,
-159,98,-181,258,-15,6,
-147,95,-169,257,-9,-11,
-147,95,-169,240,-7,-40,
-147,95,-169,214,-7,-56,
-135,103,-160,219,0,-63,
-135,103,-160,232,0,-72,
-135,103,-160,219,-11,-73,
-129,104,-157,215,-6,-88,
-129,104,-157,198,-8,-89,
-116,107,-152,208,-17,-100,
-116,107,-152,190,-11,-119,
-107,104,-151,177,-9,-124,
-107,104,-151,180,-9,-115,
-107,104,-151,181,-9,-118,
-105,110,-145,156,-3,-140,
-105,110,-145,161,-16,-139,
-94,113,-145,158,-11,-144,
-94,113,-145,130,-16,-141,
-85,113,-147,136,-6,-155,
-85,113,-147,153,-14,-147,
-85,113,-147,123,-17,-152,
-81,118,-146,129,-9,-157,
-81,118,-146,127,-10,-158,
-72,120,-143,124,-11,-166,
-72,120,-143,113,-10,-173,
-65,125,-147,102,-7,-172,
-65,125,-147,106,-17,-167,
-65,125,-147,77,-13,-176,
-68,128,-146,68,-6,-189,
-68,128,-146,56,-8,-189,
-59,129,-152,64,-6,-182,
-59,129,-152,60,-8,-185,
-59,129,-152,48,-11,-191,
-57,132,-153,44,-8,-199,
-57,132,-153,66,-16,-178,
-57,131,-151,50,-21,-183,
-57,131,-151,40,-12,-197,
-57,131,-151,46,-18,-178,
-47,132,-152,57,-12,-190,
-47,132,-152,40,-11,-197,
-44,139,-152,41,-6,-190,
-44,139,-152,44,-15,-183,
-44,139,-152,47,-9,-185,
-53,138,-152,47,-9,-193,
-53,138,-152,43,-17,-188,
-50,136,-156,35,-11,-192,
-50,136,-156,52,-18,-183,
-50,136,-156,38,-7,-185,
-58,134,-152,29,-13,-186,
-58,134,-152,27,-11,-184,
-48,138,-159,35,-17,-186,
-48,138,-159,22,-9,-189,
-48,138,-159,28,-8,-191,
-43,139,-153,34,-8,-199,
-43,139,-153,25,-12,-189,
-42,137,-153,27,-8,-190,
-42,137,-153,27,-8,-184,
-42,137,-153,29,-9,-187,
-49,138,-156,28,-10,-180,
-49,138,-156,33,-7,-183,
-42,138,-153,26,-14,-204,
-42,138,-153,33,-15,-198,
-42,138,-153,34,-11,-186,
-46,137,-154,35,-9,-188,
-46,137,-154,31,-18,-193,
-54,138,-157,19,-14,-191,
-54,138,-157,29,-12,-186,
-54,132,-153,31,-9,-198,
-50,132,-153,18,-6,-190,
-50,132,-153,32,-5,-185,
-46,138,-150,30,-17,-189,
-46,138,-150,26,-14,-189,
-42,139,-154,33,-20,-195,
-42,139,-154,28,-11,-193,
-42,139,-154,34,-12,-199,
-52,142,-152,22,-7,-188,
-52,142,-152,18,-10,-192,
-35,141,-154,30,-6,-190,
-35,141,-154,27,-13,-185,
-35,141,-154,19,-16,-196,
-41,144,-152,20,-12,-187,
-41,144,-152,19,-18,-191,
-42,141,-156,25,-18,-188,
-42,141,-156,11,-8,-193,
-42,141,-156,11,-8,-192,
-43,148,-156,16,-6,-189,
-43,148,-156,19,-14,-188,
-42,141,-152,26,-10,-190,
-42,141,-152,24,-18,-191,
-42,141,-152,18,-14,-191,
-50,144,-156,17,-8,-185,
-50,144,-156,10,-13,-191,
-43,141,-156,12,-18,-202,
-43,141,-156,20,-9,-193,
-43,141,-156,15,-10,-190,
-46,142,-153,10,-10,-188,
-46,142,-153,10,-19,-191,
-45,142,-155,10,-9,-186,
-45,142,-155,6,-15,-189,
-45,142,-155,9,-4,-190,
-40,146,-154,11,-5,-193,
-40,146,-154,18,-20,-196,
-39,144,-154,14,-13,-192,
-39,144,-154,10,-9,-197,
-39,144,-154,10,-15,-188,
-39,144,-158,3,-14,-180,
-39,144,-158,13,-11,-190,
-41,136,-158,18,-10,-197,
-41,136,-158,25,-10,-197,
-41,136,-158,6,-4,-190,
-41,138,-160,17,-22,-194,
-41,138,-160,18,-20,-198,
-45,140,-156,25,-14,-205,
-45,140,-156,29,-11,-201,
-45,140,-156,31,-17,-192,
-41,133,-153,20,-15,-195,
-41,133,-153,36,-9,-196,
-58,132,-152,66,-17,-173,
-58,132,-152,76,-8,-174,
-58,132,-152,71,-17,-176,
-64,131,-148,78,-14,-178,
-64,131,-148,81,-18,-173,
-65,121,-148,90,-5,-176,
-65,121,-148,91,-16,-170,
-68,122,-150,96,-17,-167,
-68,122,-150,107,-12,-170,
-68,122,-150,118,-9,-166,
-88,119,-140,124,-7,-162,
-88,119,-140,136,-26,-141,
-91,116,-149,180,1,-135,
-91,116,-149,185,-7,-127,
-91,116,-149,185,-7,-121,
-106,107,-148,188,-5,-125,
-106,107,-148,174,-6,-129,
-112,109,-151,177,-9,-120,
-112,109,-151,181,-5,-112,
-112,109,-151,196,-9,-115,
-111,111,-151,195,-11,-103,
-111,111,-151,183,-5,-103,
-127,105,-152,186,-2,-101,
-127,105,-152,210,-14,-69,
-132,103,-164,252,-2,-33,
-132,103,-164,265,-9,-28,
-132,103,-164,255,-8,-14,
-145,103,-176,250,-2,-28,
-145,103,-176,238,-14,-20,
-155,96,-178,237,-19,-22,
-155,96,-178,246,-1,-12,
-155,96,-178,247,-5,-10,
-155,96,-178,248,-6,-10,
-155,96,-178,265,-13,20,
-155,93,-189,267,-4,18,
-155,93,-189,238,-4,5,
-155,93,-189,242,-5,15,
-164,96,-199,249,-6,34,
-164,96,-199,274,14,35,
-166,92,-202,359,2,117,
-166,92,-202,183,-17,44,
-166,92,-202,300,15,46,
-165,94,-206,223,-10,61,
-165,94,-206,271,-5,47,
-165,94,-206,262,-8,55,
-161,87,-197,252,-10,59,
-161,87,-197,261,-8,58,
-165,93,-204,262,-5,55,
-165,93,-204,264,-9,63,
-165,93,-204,261,2,61,
-160,88,-204,260,-4,58,
-160,88,-204,252,-8,57,
-166,93,-203,266,2,52,
-166,93,-203,262,5,59,
-166,93,-203,265,-4,58,
-160,92,-208,265,-4,57,
-160,92,-208,266,-15,59,
-160,92,-208,259,0,56,
-164,92,-209,261,-10,54,
-164,92,-209,265,-2,62,
-163,91,-205,260,-3,57,
-163,91,-205,264,-9,60,
-163,91,-205,258,-3,58,
-166,87,-209,264,-4,59,
-166,87,-209,260,-4,53,
-166,87,-209,264,-4,67,
-169,92,-207,264,-4,47,
-169,92,-207,265,-8,62,
-164,89,-206,259,-7,57,
-164,89,-206,261,-6,62,
-164,89,-206,258,-8,58,
-161,95,-204,261,-3,65,
-161,95,-204,263,-11,64,
-161,95,-204,253,-14,66,
-167,86,-200,262,-6,65,
-167,86,-200,260,-8,72,
-167,91,-207,250,-7,67,
-167,91,-207,260,-8,63,
-167,91,-207,261,-10,71,
-157,90,-210,253,-3,80,
-157,90,-210,258,-11,82,
-164,88,-212,262,-7,73,
-164,88,-212,250,-6,78,
-164,88,-212,267,-2,80,
-166,89,-214,257,-11,91,
-166,89,-214,263,-16,81,
-166,89,-214,257,-9,97,
-156,88,-214,263,-5,80,
-156,88,-214,254,-19,105,
-156,84,-219,256,-5,103,
-156,84,-219,272,-16,104,
-156,84,-219,289,2,107,
-168,80,-214,229,-13,125,
-168,80,-214,252,-13,147,
-165,75,-230,245,-4,137,
-165,75,-230,246,-5,154,
-165,75,-230,246,-10,153,
-159,75,-239,239,-15,166,
-159,75,-239,236,-15,176,
-159,65,-245,230,-13,193,
-159,65,-245,199,-11,194,
-159,65,-245,191,-18,172,
-141,63,-246,239,0,227,
-141,63,-246,197,-10,211,
-148,63,-259,194,-8,215,
-148,63,-259,183,-17,227,
-148,63,-259,194,-7,228,
-142,58,-264,202,-8,216,
-142,58,-264,206,-18,239,
-135,55,-270,157,-10,244,
-135,55,-270,153,-11,239,
-130,53,-275,160,-10,255,
-130,53,-275,141,-3,259,
-130,53,-275,139,-7,266,
-133,49,-287,146,-7,265,
-133,49,-287,130,-1,271,
-133,49,-287,124,3,271,
-133,49,-287,106,4,287,
-133,49,-287,90,-5,286,
-104,41,-293,90,-5,282,
-104,41,-293,92,-5,291,
-104,41,-293,77,6,290,
-89,36,-303,69,1,302,
-89,36,-303,62,-1,292,
-89,36,-303,57,-9,290,
-73,33,-303,61,-4,312,
-73,33,-303,41,-7,302,
-61,30,-308,28,-13,297,
-61,30,-308,20,-5,300,
-61,30,-308,20,-6,299,
-48,29,-311,12,-1,305,
-48,29,-311,-12,-9,306,
-48,29,-311,-9,-3,315,
-36,29,-309,0,-4,308,
-36,29,-309,6,0,304,
-36,29,-309,10,-10,307,
-24,24,-315,-4,-2,336,
-24,24,-315,-44,-10,281,
-15,19,-308,-36,-11,289,
-15,19,-308,-24,5,308,
-15,19,-308,-39,-8,300,
-6,20,-312,-35,-4,298,
-6,20,-312,-41,-7,305,
-6,20,-312,-46,-8,294,
-7,21,-308,-40,-8,299,
-7,21,-308,-49,-10,293,
2,19,-309,-42,-6,301,
2,19,-309,-54,-5,305,
2,19,-309,-55,-2,296,
1,19,-312,-51,-12,296,
1,19,-312,-50,-10,306,
1,19,-312,-49,-4,307,
0,18,-309,-40,-9,292,
0,18,-309,-48,-8,294,
0,18,-309,-55,-7,295,
4,21,-306,-42,-4,298,
4,21,-306,-48,-3,302,
4,21,-306,-54,-9,302,
4,20,-309,-43,-10,296,
4,20,-309,-46,-7,302,
4,20,-309,-56,-5,304,
4,20,-309,-47,-4,302,
4,20,-309,-55,-4,301,
2,20,-309,-55,-3,303,
2,20,-309,-44,-5,303,
2,20,-309,-50,-8,295,
3,17,-307,-42,-14,306,
3,17,-307,-49,-3,295,
3,17,-307,-51,-6,301,
2,21,-308,-52,-4,296,
2,21,-308,-43,-7,303,
2,21,-308,-53,-5,299,
3,16,-308,-43,-3,298,
3,16,-308,-51,-10,295,
3,16,-308,-55,-4,302,
5,16,-312,-51,-4,307,
5,16,-312,-49,-4,301,
5,16,-312,-34,-6,297,
-4,20,-306,-28,-1,300,
-4,20,-306,-37,-2,302,
-15,23,-313,-41,-9,311,
-15,23,-313,-48,-12,294,
-15,23,-313,-27,0,291,
-42,24,-312,-5,2,300,
-42,24,-312,5,-12,304,
-42,24,-312,34,-4,293,
-85,32,-302,88,5,293,
-85,32,-302,121,5,268,
-85,32,-302,126,12,270,
-105,45,-288,107,-4,290,
-105,45,-288,102,7,290,
-125,49,-287,116,-1,276,
-125,49,-287,152,0,258,
-125,49,-287,158,3,253,
-140,53,-278,124,2,238,
-140,53,-278,150,-9,236,
-148,63,-253,202,1,179,
-148,63,-253,291,0,176,
-148,63,-253,287,6,132,
-164,79,-233,303,-26,148,
-164,79,-233,209,-16,151,
-164,74,-233,231,-9,152,
-157,74,-231,241,-14,165,
-157,74,-231,217,-2,177,
-160,75,-229,226,-4,164,
-160,75,-229,246,-10,159,
-160,76,-223,243,-14,155,
-155,76,-223,220,-9,157,
-155,76,-223,234,-15,151,
-164,79,-216,203,-13,149,
-164,79,-216,185,-21,102,
-163,99,-197,398,-7,26,
-163,99,-197,301,10,-7,
-163,99,-197,258,-20,75,
-158,92,-202,247,-16,75,
-158,92,-202,265,-16,65,
-158,92,-202,263,-8,63,
-152,102,-198,253,-17,64,
-152,102,-198,262,-17,60,
-159,96,-198,250,-15,71,
-159,96,-198,255,-14,71,
-159,96,-198,263,-10,73,
-158,98,-200,261,-14,75,
-158,98,-200,260,-16,71,
-158,95,-200,257,-15,66,
-158,95,-200,257,-17,66,
-158,95,-200,260,-19,67,
-160,92,-195,259,-19,66,
-160,92,-195,260,-18,69,
-160,100,-200,265,-14,62,
-160,100,-200,257,-9,75,
-160,100,-200,252,-16,61,
-155,98,-198,260,-11,63,
-155,98,-198,260,-13,65,
-161,98,-200,266,-15,63,
-161,98,-200,259,-14,65,
-161,98,-200,257,-13,74,
-160,99,-197,251,-24,54,
-160,99,-197,258,-19,64,
-158,100,-205,255,-14,74,
-158,100,-205,258,-11,67,
-158,100,-205,257,-16,60,
-155,94,-200,262,-11,65,
-155,94,-200,262,-18,59,
-163,100,-201,261,-12,68,
-163,100,-201,254,-14,65,
-163,100,-201,260,-15,67,
-155,94,-196,266,-15,65,
-155,94,-196,259,-12,72,
-163,96,-194,260,-23,67,
-163,96,-194,261,-13,72,
-163,96,-194,255,-9,69,
-161,99,-198,262,-9,76,
-161,99,-198,264,-19,72,
-163,98,-199,254,-9,67,
-163,98,-199,264,-12,64,
-163,98,-199,263,-12,62,
-160,92,-199,266,-19,69,
-160,92,-199,256,-12,68,
-159,102,-199,268,-17,67,
-159,102,-199,263,-10,69,
-159,102,-199,256,-22,70,
-157,94,-198,270,-5,58,
-157,94,-198,276,-20,58,
-159,103,-200,272,-12,54,
-159,103,-200,273,-16,85,
-159,103,-200,277,-28,57,
-160,93,-193,280,-24,76,
-160,93,-193,285,-32,91,
-155,94,-196,269,-28,79,
-155,94,-196,304,-35,107,
-155,94,-196,244,-37,97,
-160,89,-202,218,-51,98,
-160,89,-202,227,-44,110,
-156,84,-198,260,-62,139,
-156,84,-198,212,-60,105,
-156,84,-198,239,-72,126,
-158,81,-194,311,-73,135,
-158,81,-194,267,-63,144,
-148,76,-192,196,-75,126,
-148,76,-192,216,-79,134,
-148,76,-192,234,-82,130,
-152,71,-190,256,-75,136,
-152,71,-190,243,-99,152,
-161,64,-182,208,-116,141,
-161,64,-182,187,-101,134,
-161,64,-182,214,-103,136,
-165,60,-173,190,-119,143,
-165,60,-173,191,-148,143,
-165,53,-178,203,-145,143,
-165,53,-178,224,-158,137,
-170,52,-169,213,-155,131,
-170,52,-169,186,-152,121,
-170,52,-169,181,-152,108,
-181,49,-168,194,-153,121,
-181,49,-168,208,-160,103,
-181,45,-161,183,-170,89,
-181,45,-161,171,-191,110,
-190,45,-157,165,-200,104,
-190,45,-157,139,-244,105,
-190,45,-157,183,-188,110,
-191,36,-161,125,-174,77,
-191,36,-161,155,-192,82,
-193,41,-154,194,-227,104,
-193,41,-154,134,-194,93,
-193,41,-154,117,-189,85,
-197,39,-153,130,-208,82,
-197,39,-153,154,-248,109,
-203,40,-159,121,-219,88,
-203,40,-159,120,-222,83,
-198,43,-154,120,-227,74,
-198,43,-154,108,-228,74,
-198,43,-154,109,-234,88,
-210,35,-160,117,-227,78,
-210,35,-160,107,-231,85,
-209,38,-156,94,-230,74,
-209,38,-156,106,-234,77,
-209,38,-156,122,-247,93,
-206,42,-158,102,-229,79,
-206,42,-158,84,-241,64,
-214,40,-161,109,-243,75,
-214,40,-161,118,-246,70,
-214,40,-161,85,-243,81,
-219,37,-167,85,-243,74,
-219,37,-167,91,-248,74,
-220,39,-161,91,-241,65,
-220,39,-161,80,-239,75,
-220,39,-161,80,-239,74,
-217,39,-167,78,-250,74,
-217,39,-167,74,-257,69,
-221,44,-164,64,-243,66,
-221,44,-164,65,-246,63,
-221,44,-164,51,-259,67,
-216,44,-163,53,-252,53,
-216,44,-163,41,-261,63,
-217,49,-161,39,-250,62,
-217,49,-161,48,-253,63,
-217,49,-161,38,-257,65,
-221,50,-160,33,-256,57,
-221,50,-160,43,-258,63,
-221,51,-155,29,-263,60,
-221,51,-155,35,-257,55,
-221,51,-155,29,-254,64,
-218,58,-160,34,-265,41,
-218,58,-160,24,-266,57,
-215,59,-166,18,-270,52,
-215,59,-166,26,-268,55,
-215,59,-166,12,-259,56,
-218,58,-161,13,-260,50,
-218,58,-161,11,-262,60,
-218,58,-161,8,-263,60,
-218,59,-160,13,-259,53,
-218,59,-160,14,-260,60,
-214,58,-160,-3,-268,54,
-214,58,-160,-5,-272,53,
-214,58,-160,-5,-263,60,
-214,62,-161,1,-265,54,
-214,62,-161,1,-260,55,
-217,59,-154,-9,-269,57,
-217,59,-154,-6,-261,45,
-217,59,-154,0,-248,54,
-215,57,-160,6,-268,62,
-215,57,-160,-2,-269,63,
-207,58,-161,-10,-260,52,
-207,58,-161,-8,-262,64,
-207,58,-161,-9,-264,61,
-215,61,-163,6,-263,61,
-215,61,-163,-2,-263,51,
-215,61,-163,-12,-258,55,
-212,53,-162,-10,-269,58,
-212,53,-162,-8,-260,50,
-207,55,-158,-20,-253,45,
-207,55,-158,-7,-259,49,
-206,56,-155,-13,-252,49,
-206,56,-155,-9,-257,46,
-206,56,-155,-15,-259,45,
-202,53,-152,-15,-257,50,
-202,53,-152,-11,-270,50,
-208,56,-157,-7,-262,57,
-208,56,-157,-9,-260,45,
-208,56,-157,-6,-256,55,
-208,53,-156,-3,-252,49,
-208,53,-156,-5,-264,49,
-205,55,-151,-12,-258,54,
-205,55,-151,-11,-253,42,
-205,55,-151,-2,-256,43,
-203,59,-155,-11,-257,50,
-203,59,-155,-5,-259,43,
-201,60,-153,-5,-262,49,
-201,60,-153,-17,-256,53,
-201,60,-153,-14,-269,49,
-202,54,-150,-17,-274,54,
-202,54,-150,-25,-270,42,
-204,55,-152,-29,-261,56,
-204,55,-152,-26,-273,50,
-204,55,-152,-27,-267,52,
-200,49,-151,-29,-261,51,
-200,49,-151,-36,-264,57,
-198,48,-147,-33,-254,48,
-198,48,-147,-30,-245,47,
-198,48,-147,-29,-254,47,
-191,54,-146,-31,-240,52,
-191,54,-146,-37,-247,50,
-197,49,-146,-29,-254,45,
-197,49,-146,-30,-257,49,
-197,49,-146,-42,-260,42,
-191,51,-148,-42,-269,38,
-191,51,-148,-39,-263,53,
-200,56,-150,-41,-261,46,
-200,56,-150,-44,-260,47,
-193,52,-145,-48,-241,36,
-193,52,-145,-47,-254,48,
-193,52,-145,-46,-253,52,
-195,48,-146,-56,-251,46,
-195,48,-146,-49,-258,42,
-196,54,-146,-63,-235,45,
-196,54,-146,-53,-253,41,
-196,54,-146,-51,-251,42,
-200,59,-149,-56,-262,56,
-200,59,-149,-75,-266,50,
-193,52,-151,-61,-254,45,
-193,52,-151,-68,-251,53,
-193,52,-151,-70,-244,55,
-188,52,-158,-79,-248,48,
-188,52,-158,-85,-254,55,
-191,51,-156,-85,-241,54,
-191,51,-156,-94,-242,60,
-191,51,-156,-86,-243,53,
-191,49,-147,-85,-244,53,
-191,49,-147,-87,-244,63,
-181,52,-158,-95,-235,68,
-181,52,-158,-97,-228,69,
-184,58,-158,-100,-240,56,
-184,58,-158,-103,-240,51,
-184,58,-158,-114,-232,70,
-185,59,-161,-116,-241,65,
-185,59,-161,-124,-240,65,
-185,56,-162,-126,-233,53,
-185,56,-162,-125,-226,65,
-185,57,-163,-141,-222,68,
-181,57,-163,-136,-219,68,
-181,57,-163,-132,-226,71,
-189,62,-172,-135,-216,65,
-189,62,-172,-144,-205,70,
-192,60,-170,-132,-224,67,
-192,60,-170,-131,-206,67,
-192,60,-170,-160,-208,60,
-195,57,-173,-148,-205,63,
-195,57,-173,-159,-197,56,
-185,66,-184,-171,-200,58,
-185,66,-184,-187,-194,64,
-193,63,-183,-183,-196,60,
-193,63,-183,-189,-190,65,
-193,63,-183,-190,-188,61,
-185,64,-188,-183,-180,58,
-185,64,-188,-197,-182,56,
-189,64,-189,-194,-179,54,
-189,64,-189,-200,-180,56,
-184,61,-191,-196,-172,53,
-184,61,-191,-206,-175,59,
-184,61,-191,-211,-167,59,
-186,65,-193,-200,-171,62,
-186,65,-193,-204,-171,58,
-187,63,-195,-205,-159,47,
-187,63,-195,-208,-167,53,
-184,65,-196,-206,-161,46,
-184,65,-196,-206,-167,60,
-184,65,-196,-202,-164,47,
-179,64,-195,-210,-166,59,
-179,64,-195,-198,-156,60,
-184,66,-192,-209,-163,61,
-184,66,-192,-204,-171,59,
-183,68,-194,-189,-170,58,
-183,68,-194,-189,-168,54,
-183,68,-194,-195,-170,64,
-193,70,-191,-199,-172,64,
-193,70,-191,-190,-179,62,
-189,65,-185,-194,-180,62,
-189,65,-185,-188,-174,57,
-189,65,-185,-199,-173,59,
-184,66,-183,-191,-175,55,
-184,66,-183,-186,-179,63,
-186,68,-187,-179,-181,59,
-186,68,-187,-189,-176,66,
-184,67,-187,-195,-179,60,
-184,67,-187,-202,-168,60,
-184,67,-187,-200,-175,72,
-189,61,-182,-214,-167,62,
-189,61,-182,-210,-178,58,
-180,65,-181,-193,-179,60,
-180,65,-181,-204,-186,71,
-186,69,-182,-185,-182,62,
-186,69,-182,-191,-183,71,
-186,69,-182,-182,-196,65,
-186,62,-175,-165,-198,69,
-186,62,-175,-172,-204,76,
-187,58,-166,-159,-216,67,
-187,58,-166,-159,-216,69,
-185,58,-164,-148,-216,78,
-185,58,-164,-139,-218,77,
-185,58,-164,-130,-223,68,
-184,64,-161,-112,-215,71,
-184,64,-161,-104,-231,72,
-177,60,-159,-87,-235,78,
-177,60,-159,-77,-242,78,
-177,60,-159,-78,-232,73,
-185,52,-147,-69,-239,71,
-185,52,-147,-64,-248,72,
-184,58,-154,-66,-273,74,
-184,58,-154,-61,-262,69,
-185,54,-148,-68,-262,67,
-185,54,-148,-57,-267,70,
-185,54,-148,-45,-257,68,
-191,55,-149,-32,-246,57,
-191,55,-149,-32,-236,64,
-200,57,-151,16,-240,78,
-200,57,-151,14,-213,74,
-200,57,-151,-57,-210,64,
-192,59,-153,-12,-258,52,
-192,59,-153,1,-269,72,
-204,61,-152,-17,-267,58,
-204,61,-152,-16,-283,74,
-204,61,-152,4,-287,80,
-194,59,-152,-14,-287,62,
-194,59,-152,-22,-280,65,
-208,59,-151,-3,-277,67,
-208,59,-151,-1,-278,76,
-208,59,-151,2,-271,83,
-206,53,-149,18,-266,76,
-206,53,-149,16,-254,62,
-203,55,-146,14,-253,64,
-203,55,-146,22,-247,61,
-203,55,-146,34,-242,72,
-207,49,-148,34,-234,64,
-207,49,-148,45,-252,68,
-213,53,-151,47,-249,57,
-213,53,-151,51,-258,69,
-213,53,-151,57,-263,73,
-204,48,-148,58,-269,73,
-204,48,-148,59,-256,69,
-204,48,-148,62,-255,80,
-203,47,-151,72,-253,77,
-203,47,-151,68,-250,65,
-208,43,-146,80,-242,79,
-208,43,-146,90,-224,69,
-208,43,-146,78,-227,67,
-207,41,-144,97,-242,81,
-207,41,-144,104,-231,75,
-205,47,-150,106,-223,83,
-205,47,-150,113,-225,94,
-205,47,-150,126,-215,100,
-211,37,-160,164,-254,117,
-211,37,-160,162,-232,83,
-202,39,-157,178,-212,72,
-202,39,-157,186,-205,98,
-198,39,-158,177,-198,99,
-198,39,-158,177,-190,79,
-198,39,-158,164,-178,90,
-201,36,-156,180,-169,104,
-201,36,-156,199,-164,90,
-194,34,-162,194,-156,92,
-194,34,-162,178,-157,92,
-194,34,-162,208,-160,79,
-201,34,-168,216,-134,82,
-201,34,-168,188,-128,82,
-192,38,-174,224,-110,86,
-192,38,-174,279,-104,90,
-192,38,-174,268,-102,86,
-189,31,-176,267,-91,88,
-189,31,-176,265,-79,104,
-190,38,-179,232,-81,85,
-190,38,-179,235,-74,109,
-198,35,-177,270,-82,97,
-198,35,-177,243,-72,94,
-198,35,-177,215,-79,83,
-191,31,-190,190,-78,47,
-191,31,-190,283,-38,119,
-191,31,-190,300,-27,92,
-189,29,-194,248,-33,56,
-189,29,-194,263,-30,87,
-195,29,-184,263,-21,77,
-195,29,-184,278,-14,79,
-195,29,-184,268,-8,86,
-191,27,-189,271,-12,78,
-191,27,-189,276,-13,81,
-188,27,-187,271,-20,92,
-188,27,-187,268,-6,76,
-188,27,-187,264,-11,76,
-195,27,-188,259,-7,74,
-195,27,-188,258,0,83,
-188,23,-187,250,3,73,
-188,23,-187,260,-2,80,
-188,23,-187,263,0,75,
-200,25,-198,257,5,76,
-200,25,-198,256,-3,80,
-200,25,-198,260,5,94,
-191,27,-190,249,12,89,
-191,27,-190,252,19,72,
-194,28,-187,258,9,79,
-194,28,-187,253,9,45,
-194,28,-187,271,24,92,
-197,20,-182,287,14,88,
-197,20,-182,287,30,49,
-197,20,-182,266,13,59,
-197,21,-183,254,22,77,
-197,21,-183,255,22,77,
-193,22,-179,256,24,80,
-193,22,-179,257,30,58,
-193,22,-179,260,33,60,
-196,18,-180,260,27,62,
-196,18,-180,252,27,69,
-196,18,-180,260,32,60,
-194,18,-181,259,24,59,
-194,18,-181,263,21,59,
-188,21,-182,256,18,60,
-188,21,-182,261,25,65,
-188,21,-182,260,29,63,
-187,18,-182,255,25,64,
-187,18,-182,258,29,65,
-187,18,-182,262,22,67,
-193,22,-181,259,24,68,
-193,22,-181,257,19,72,
-193,20,-183,261,28,63,
-193,20,-183,247,28,67,
-193,20,-183,260,22,69,
-189,22,-177,257,30,63,
-189,22,-177,267,21,68,
-189,22,-177,255,26,67,
-192,18,-180,261,27,71,
-192,18,-180,256,25,71,
-198,22,-178,262,29,68,
-198,22,-178,258,21,73,
-198,22,-178,251,24,72,
-193,20,-177,257,24,67,
-193,20,-177,253,24,65,
-193,21,-183,255,34,62,
-193,21,-183,263,26,65,
-193,21,-183,259,28,71,
-189,21,-183,259,27,67,
-189,21,-183,262,31,57,
-189,21,-183,261,20,68,
-198,23,-183,260,24,72,
-198,23,-183,260,21,68,
-187,20,-184,256,31,64,
-187,20,-184,263,22,65,
-187,20,-184,256,26,60,
-192,17,-181,267,28,61,
-192,17,-181,269,22,66,
-192,17,-181,248,25,62,
-190,22,-178,260,24,60,
-190,22,-178,257,23,61,
-187,17,-183,262,27,60,
-187,17,-183,258,32,63,
-187,17,-183,253,26,74,
-195,22,-180,253,30,67,
-195,22,-180,262,20,67,
-195,22,-180,258,35,72,
-190,20,-181,257,21,68,
-190,20,-181,260,22,60,
-191,20,-184,263,16,74,
-191,20,-184,246,21,71,
-191,20,-184,250,27,60,
-195,23,-190,256,25,67,
-195,23,-190,265,22,64,
-193,21,-180,273,24,68,
-193,21,-180,256,25,66,
-193,21,-180,245,35,95,
-193,18,-186,253,33,98,
-193,18,-186,257,26,83,
-193,18,-186,257,22,66,
-195,22,-188,258,19,69,
-195,22,-188,251,19,89,
-193,21,-192,262,30,104,
-193,21,-192,249,42,120,
-193,21,-192,271,40,97,
-195,11,-196,269,46,123,
-195,11,-196,211,52,132,
-195,11,-196,241,39,122,
-196,2,-199,276,38,123,
-196,2,-199,234,50,111,
-202,-2,-205,238,51,133,
-202,-2,-205,252,55,134,
-202,-2,-205,237,64,137,
-189,-25,-200,217,62,120,
-189,-25,-200,257,67,112,
-193,-40,-188,258,73,117,
-193,-40,-188,244,91,111,
-193,-40,-188,239,103,93,
-197,-56,-184,237,112,105,
-197,-56,-184,225,112,97,
-182,-71,-185,213,119,101,
-182,-71,-185,245,132,98,
-175,-87,-175,241,139,91,
-175,-87,-175,218,137,87,
-175,-87,-175,191,131,75,
-162,-100,-175,215,143,88,
-162,-100,-175,205,157,95,
-152,-107,-175,202,148,76,
-152,-107,-175,190,150,94,
-152,-107,-175,198,151,91,
-130,-121,-166,213,155,87,
-130,-121,-166,196,163,84,
-121,-130,-173,183,167,73,
-121,-130,-173,163,178,63,
-120,-129,-177,192,176,52,
-120,-129,-177,216,174,59,
-120,-129,-177,205,183,58,
-99,-140,-183,186,175,62,
-99,-140,-183,183,172,71,
-93,-139,-176,192,172,74,
-93,-139,-176,189,178,76,
-98,-139,-176,182,173,57,
-98,-139,-176,192,177,64,
-98,-139,-176,191,172,57,
-89,-145,-171,189,172,61,
-89,-145,-171,193,171,68,
-79,-145,-174,171,170,59,
-79,-145,-174,180,170,52,
-79,-145,-174,178,182,68,
-76,-147,-178,185,172,52,
-76,-147,-178,183,180,58,
-73,-149,-180,186,171,71,
-73,-149,-180,191,177,57,
-73,-149,-180,186,184,61,
-66,-152,-180,182,176,64,
-66,-152,-180,184,189,55,
-60,-153,-176,201,180,44,
-60,-153,-176,192,173,57,
-60,-153,-176,176,188,54,
-60,-153,-181,183,180,55,
-60,-153,-181,189,180,57,
-61,-158,-183,182,181,53,
-61,-158,-183,179,192,60,
-60,-159,-179,189,185,55,
-60,-159,-179,175,190,51,
-60,-159,-179,175,182,57,
-60,-154,-178,175,184,55,
-60,-154,-178,177,183,56,
-51,-152,-182,179,178,53,
-51,-152,-182,184,176,61,
-51,-152,-182,185,184,54,
-57,-148,-184,188,181,55,
-57,-148,-184,181,185,56,
-50,-150,-181,179,179,56,
-50,-150,-181,184,178,56,
-50,-150,-181,177,180,60,
-52,-154,-186,182,190,55,
-52,-154,-186,179,178,55,
-51,-147,-186,188,182,55,
-51,-147,-186,185,176,51,
-51,-147,-186,188,187,60,
-53,-152,-176,167,183,53,
-53,-152,-176,169,190,45,
-46,-152,-187,177,189,48,
-46,-152,-187,171,192,46,
-50,-147,-184,180,191,49,
-50,-147,-184,178,189,49,
-50,-147,-184,178,199,46,
-48,-153,-180,171,198,44,
-48,-153,-180,167,197,48,
-40,-152,-187,171,202,40,
-40,-152,-187,174,193,49,
-40,-152,-187,173,192,44,
-42,-145,-187,181,192,47,
-42,-145,-187,162,191,43,
-41,-148,-188,178,181,51,
-41,-148,-188,172,189,48,
-41,-148,-188,168,190,51,
-47,-143,-187,167,189,51,
-47,-143,-187,170,185,47,
-39,-145,-189,171,195,49,
-39,-145,-189,167,194,41,
-39,-145,-189,176,190,52,
-32,-141,-189,177,193,50,
-32,-141,-189,178,188,49,
-42,-148,-184,176,202,56,
-42,-148,-184,177,181,45,
-34,-143,-188,175,192,44,
-34,-143,-188,173,189,46,
-34,-143,-188,177,191,50,
-33,-144,-180,166,186,51,
-33,-144,-180,169,190,47,
-39,-146,-189,162,191,45,
-39,-146,-189,167,196,55,
-39,-146,-189,170,199,49,
-42,-145,-187,180,188,48,
-42,-145,-187,172,186,52,
-35,-149,-187,169,204,56,
-35,-149,-187,166,198,46,
-35,-149,-187,168,191,54,
-41,-152,-189,177,197,51,
-41,-152,-189,177,196,46,
-42,-154,-186,190,186,45,
-42,-154,-186,196,187,52,
-42,-154,-186,187,169,44,
-44,-155,-187,198,167,37,
-44,-155,-187,227,171,45,
-73,-150,-180,192,156,52,
-73,-150,-180,211,148,67,
-98,-155,-181,243,148,60,
-98,-155,-181,243,124,42,
-98,-155,-181,237,120,41,
-117,-145,-171,240,91,44,
-117,-145,-171,203,77,31,
-140,-141,-166,243,54,57,
-140,-141,-166,249,59,53,
-140,-141,-166,251,35,41,
-159,-125,-166,251,19,34,
-159,-125,-166,265,14,58,
-178,-119,-157,262,15,79,
-178,-119,-157,256,20,80,
-178,-119,-157,243,33,87,
-187,-97,-161,267,49,65,
-187,-97,-161,273,55,64,
-191,-81,-159,255,44,50,
-191,-81,-159,252,42,57,
-191,-81,-159,246,41,52,
-200,-66,-159,230,35,61,
-200,-66,-159,232,37,61,
-195,-47,-159,247,31,67,
-195,-47,-159,242,44,63,
-195,-47,-159,239,48,58,
-195,-35,-170,289,84,13,
-195,-35,-170,249,96,86,
-204,-34,-179,366,66,99,
-204,-34,-179,330,55,68,
-204,-34,-179,184,28,46,
-198,-29,-180,185,30,79,
-198,-29,-180,254,10,106,
-208,-35,-188,297,18,139,
-208,-35,-188,263,40,123,
-208,-35,-188,244,38,117,
-211,-32,-195,293,39,128,
-211,-32,-195,275,42,116,
-208,-20,-191,249,32,125,
-208,-20,-191,218,32,113,
-208,-20,-191,232,37,131,
-209,-22,-196,267,43,116,
-209,-22,-196,257,55,122,
-203,-16,-192,229,42,124,
-203,-16,-192,236,23,127,
-203,-16,-192,264,36,126,
-207,-13,-192,235,49,128,
-207,-13,-192,237,40,111,
-201,-7,-190,226,25,112,
-201,-7,-190,315,3,86,
-201,-7,-190,227,32,77,
-197,-6,-176,259,51,86,
-197,-6,-176,230,45,104,
-198,2,-179,300,23,63,
-198,2,-179,238,25,31,
-198,2,-179,261,22,55,
-192,1,-171,275,24,63,
-192,1,-171,273,24,79,
-192,1,-171,240,26,82,
-201,-3,-168,261,31,70,
-201,-3,-168,257,29,73,
-201,1,-175,262,31,74,
-201,1,-175,251,29,70,
-201,1,-175,252,26,73,
-199,4,-169,250,37,70,
-199,4,-169,259,33,69,
-199,4,-169,264,27,74,
-194,0,-168,263,25,72,
-194,0,-168,261,28,64,
-194,0,-168,257,28,75,
-202,-5,-169,258,30,68,
-202,-5,-169,264,31,69,
-197,1,-172,249,27,71,
-197,1,-172,258,28,72,
-197,1,-172,261,30,80,
-200,-2,-170,259,33,70,
-200,-2,-170,262,24,72,
-200,-2,-170,260,32,71,
-197,-7,-176,259,27,69,
-197,-7,-176,250,27,65,
-197,-4,-171,257,25,61,
-197,-4,-171,264,33,75,
-197,-4,-171,256,35,58,
-201,3,-173,263,25,75,
-201,3,-173,259,32,61,
-201,3,-173,264,19,66,
-189,2,-170,255,28,57,
-189,2,-170,259,34,67,
-196,3,-173,258,30,70,
-196,3,-173,261,31,68,
-196,3,-173,256,34,68,
-198,6,-173,252,30,71,
-198,6,-173,258,26,71,
-198,6,-173,256,28,64,
-203,0,-170,264,23,70,
-203,0,-170,262,22,76,
-203,0,-170,252,24,67,
-193,-1,-167,255,29,62,
-193,-1,-167,263,32,71,
-196,0,-171,262,24,71,
-196,0,-171,269,34,61,
-196,0,-171,261,28,71,
-201,-2,-173,259,28,59,
-201,-2,-173,260,29,76,
-201,-2,-173,262,27,64,
-199,-2,-172,259,33,64,
-199,-2,-172,249,34,57,
-199,-4,-170,260,37,72,
-199,-4,-170,269,25,75,
-199,-4,-170,262,32,66,
-193,0,-176,254,31,67,
-193,0,-176,255,29,62,
-193,0,-176,260,31,67,
-198,1,-172,257,32,71,
-198,1,-172,262,20,69,
-196,-3,-166,263,22,68,
-196,-3,-166,259,29,64,
-196,-3,-166,258,30,67,
-191,5,-169,256,31,67,
-191,5,-169,260,23,66,
-191,5,-169,259,29,77,
-202,-4,-173,261,26,67,
-202,-4,-173,252,34,53,
-201,-8,-175,256,27,68,
-201,-8,-175,254,23,74,
-201,-8,-175,253,29,64,
-197,-3,-174,253,29,68,
-197,-3,-174,255,25,69,
-197,-3,-174,264,28,74,
-197,-3,-173,263,29,66,
-197,-3,-173,258,31,73,
-196,-4,-169,256,29,69,
-196,-4,-169,262,32,69,
-196,-4,-169,257,33,63,
-201,0,-170,263,29,66,
-201,0,-170,256,31,71,
-201,0,-17,,,,
