263,5,29,-3585,17664,-18690,0,-2561,0,1627
260,5,32,-4353,17920,-19458,0,-3585,0,1628
262,6,28,-5121,16896,-20738,0,-2049,0,1627
252,9,37,-5121,16896,-20738,0,-3329,0,1629
256,-2,40,-2049,19200,-13826,0,-3329,0,1631
268,6,38,-1,19456,-7682,0,-2049,0,1629
263,5,28,-1,19456,-7682,0,-3329,0,1628
263,5,32,768,19968,-3842,0,-2561,0,1628
263,11,33,768,19968,-3842,0,-2049,0,1628
265,3,37,1280,20224,-5634,0,-2049,0,1627
267,4,44,-513,18688,-6146,0,-2561,0,1628
265,8,34,-513,18688,-6146,0,-2817,0,1628
259,8,33,256,20992,-7682,0,-2305,0,1629
261,11,31,2048,19968,-3074,0,-2817,0,1628
262,5,23,2048,19968,-3074,0,-3329,0,1629
267,-1,23,-257,20480,-3330,0,-1793,0,1628
262,12,18,-513,19968,-7682,0,-2817,0,1627
255,2,14,-513,19968,-7682,0,-3329,0,1628
260,8,25,0,19200,-3074,0,-2817,0,1629
260,10,11,0,19200,-3074,0,-1537,0,1629
255,2,5,256,19456,-6658,0,-3585,0,1629
272,5,15,768,19456,-2,0,-3329,0,1627
264,6,5,768,19456,-2,0,-2049,0,1628
267,-1,12,768,20224,-4610,0,-769,0,1629
260,9,11,768,20224,-4610,0,-1025,0,1627
255,6,16,-769,19456,-7170,0,-769,0,1628
255,5,4,-769,18944,-6658,0,-2305,0,1628
256,8,-6,-769,18944,-6658,0,-2561,0,1628
267,7,6,256,17920,-6914,0,-1281,0,1629
263,3,-11,256,18432,-7682,0,512,0,1629
260,1,3,256,18432,-7682,0,-2049,0,1629
249,1,-3,-513,18176,-5634,0,-513,0,1628
258,11,2,-513,18176,-5634,0,-1537,0,1628
246,9,-3,-1,18432,-7426,0,-1281,0,1628
268,11,-11,-1,18688,-8706,0,-769,0,1628
251,-2,-10,-1,18688,-8706,0,-1,0,1628
254,8,-12,256,18176,-2818,0,-1537,0,1629
259,8,-12,256,18176,-2818,0,-1537,0,1629
267,1,0,-2049,16640,-9986,0,-1,0,1629
268,9,-4,-2049,16128,-8962,0,512,0,1628
264,3,-2,-2049,16128,-8962,0,3584,0,1628
254,8,6,-2305,16640,-12034,0,256,0,1628
257,2,2,-1793,16640,-12290,0,-769,0,1628
248,6,-11,-1793,16640,-12290,0,-7425,0,1631
247,-14,-8,-3073,16128,-12802,0,-7681,0,1628
237,-14,-6,-1537,15616,-12290,0,-11265,0,1629
238,-14,-21,-1537,15616,-12290,0,-18433,0,1628
253,-3,-27,-1281,16640,-12290,0,-20737,0,1628
257,5,-35,-1025,15616,-8706,0,-7937,0,1629
285,10,-36,-1025,15616,-8706,0,4352,0,1627
288,23,-32,-2305,16384,-8962,0,1792,0,1629
259,39,-18,-1025,15616,-9474,0,-4609,0,1629
225,41,13,-1025,15616,-9474,0,-10241,0,1627
197,6,45,-257,18176,-5378,0,-13057,0,1629
277,-36,75,-769,17152,-6402,0,29695,0,1628
308,-38,70,-769,17152,-6402,0,2048,0,1628
309,-27,9,-2305,15616,-8962,0,20736,0,1628
285,4,-52,-1281,15872,-8194,0,1024,0,1627
265,41,-40,-1281,15872,-8194,0,-24321,0,1628
267,58,3,-1,15616,-5890,0,29439,0,1629
273,41,40,-513,14080,-10498,0,-19201,0,1628
229,14,41,-513,14080,-10498,0,17408,0,1629
217,18,3,-1025,13824,-5890,0,-30976,0,1629
224,16,-21,-257,13056,-8194,0,22528,0,1627
238,19,-43,-257,13056,-8194,0,-7425,0,1628
253,3,-53,-257,13568,-6402,0,-24577,0,1627
272,-22,-44,-1281,13824,-8962,0,-4097,0,1628
236,-54,1,-1281,13824,-8962,0,8192,0,1629
270,-54,6,-1281,14336,-10498,0,512,0,1629
281,-13,37,-1025,15104,-6914,0,-1537,0,1629
255,32,34,-1025,15104,-6914,0,12288,0,1627
223,47,19,-1025,15616,-8194,0,-257,0,1628
252,62,-26,0,13568,-6146,0,-19457,0,1629
294,39,-53,0,13568,-6146,0,23551,0,1628
306,13,-27,-1,14080,-4866,0,-15361,0,1628
261,10,-4,768,14592,-1794,0,30976,0,1629
270,-8,10,768,14592,-1794,0,27904,0,1627
265,-24,4,256,16128,-4098,0,28160,0,1629
262,-25,7,-1,15616,-5890,0,7680,0,1627
253,-9,-5,-1,15616,-5890,0,15104,0,1630
241,20,13,-1281,13824,-7682,0,5632,0,1628
228,28,-1,-1281,13824,-7682,0,5376,0,1628
264,13,-7,256,14592,-3842,0,2304,0,1628
254,-22,-8,-1025,13056,-9474,0,15360,0,1628
274,-20,17,-1025,13056,-9474,0,-513,0,1630
306,-7,30,-1281,14592,-8194,0,14592,0,1628
252,-13,3,-1025,13568,-8450,0,19968,0,1629
217,1,0,-1025,13568,-8450,0,-1537,0,1628
286,13,-25,-1537,14336,-3586,0,-19969,0,1629
298,44,-22,-1281,13312,-8450,0,9728,0,1628
218,30,3,-1281,13312,-8450,0,25344,0,1630
186,17,1,-1281,14080,-7682,0,23552,0,1629
212,-8,-6,-1281,10240,-8450,0,16128,0,1628
262,-23,-22,-1281,10240,-8450,0,-9217,0,1628
248,-31,16,-1537,12032,-9986,0,-8193,0,1628
271,-43,29,-3329,13568,-12034,0,-16641,0,1628
304,-14,19,-3329,13568,-12034,0,9216,0,1629
291,-23,-11,-1025,12288,-8706,0,8192,0,1628
239,-1,-12,-769,13568,-7682,0,11008,0,1629
227,9,9,-769,13568,-7682,0,-20481,0,1629
275,21,4,-769,13568,-7682,0,15871,0,1629
297,19,32,-1281,12800,-8962,0,-25601,0,1629
248,2,24,-1281,12800,-8962,0,-4865,0,1629
210,-3,-1,-1281,12800,-8962,0,-2561,0,1628
217,-22,6,-1,14592,-2050,0,-27649,0,1629
298,-33,22,-1,14592,-2050,0,-5890,0,1628
331,-32,27,-2305,14336,-5634,0,-8449,0,1627
285,-13,-11,-2817,15104,-7170,0,-14592,0,1629
201,32,-6,-2817,15104,-7170,0,21504,0,1629
195,36,-14,-1537,15616,-7426,0,-30465,0,1629
259,29,-23,-1025,14336,-5378,0,-12802,0,1628
295,20,-15,-1793,13056,-7170,0,-13313,0,1628
228,24,-4,-1793,13056,-7170,0,-18688,0,1629
225,17,16,256,14080,-9730,0,-21504,0,1628
259,7,27,-1,14592,-5378,0,11520,0,1629
284,-3,13,-1,14592,-5378,0,-513,0,1629
326,-4,27,-1025,15872,-7170,0,-13057,0,1631
311,-12,26,-1025,15872,-7170,0,22016,0,1629
251,-19,47,-1281,14848,-8450,0,-2305,0,1628
277,-22,52,-513,15360,-7938,0,30463,0,1629
302,-27,81,-513,15360,-7938,0,-26369,0,1629
241,-33,71,-1281,15360,-9986,0,31744,0,1628
205,17,31,-1025,15616,-9218,0,27648,0,1628
207,50,14,-1025,15616,-9218,0,-6145,0,1630
221,33,6,-1025,15616,-9218,0,32767,0,1627
211,30,48,-1025,14848,-6658,0,-2305,0,1627
243,2,41,-1025,14848,-6658,0,16896,0,1627
249,15,29,-1025,14848,-6658,0,-30464,0,1628
225,-6,-2,-1025,13568,-10754,0,17664,0,1629
301,-44,-14,-1025,14336,-8706,0,-25090,0,1629
401,-103,24,-769,14336,-8706,0,-21762,0,1629
355,-78,43,-2817,17664,-7170,0,-25856,0,1628
282,-58,125,-1537,19456,-1538,0,18688,0,1629
247,36,76,-1537,19456,-1538,0,-29185,0,1628
309,59,64,-2049,19968,-6658,0,26879,0,1627
233,70,24,-769,16640,-8194,0,7168,0,1628
173,72,9,-769,16640,-8194,0,-7169,0,1627
226,87,-39,1024,14848,-8194,0,-22273,0,1628
279,69,-53,1024,12288,-7682,0,-24065,0,1628
256,41,-18,1024,12288,-7682,0,15872,0,1629
203,3,42,-769,12800,-5378,0,-3840,0,1628
282,-61,7,-3841,13824,-6914,0,-27392,0,1627
259,-83,-36,-3841,13824,-6914,0,21248,0,1629
226,-65,-21,-2561,14592,511,0,-24065,0,1628
207,-19,-4,-3329,15872,-2562,0,29695,0,1629
279,0,13,-3329,15872,-2562,0,18431,0,1628
310,34,14,-1793,16128,-4610,0,27135,0,1628
315,32,19,-257,17152,-3586,0,2816,0,1628
290,27,10,-257,17152,-3586,0,9728,0,1629
299,30,30,-1793,16896,-1538,0,-28929,0,1627
313,13,46,-769,15872,-2306,0,-28417,0,1628
291,9,12,-769,15872,-2306,0,-30464,0,1627
244,11,3,0,16896,767,0,-2304,0,1628
202,10,4,0,15872,-3586,0,-14080,0,1628
149,23,19,-1025,15872,-3586,0,27648,0,1630
167,12,14,-2561,15104,-4610,0,25343,0,1628
212,-10,-8,-2561,15104,-4610,0,5631,0,1628
273,-36,-27,-2561,14080,-6146,0,5631,0,1628
263,-21,-28,-3329,13056,-2562,0,9728,0,1629
289,-28,-13,-3329,13056,-2562,0,-29184,0,1627
257,21,24,-257,16896,2047,0,-19456,0,1627
303,24,30,-2305,18176,-770,0,-29953,0,1631
295,71,27,-769,17152,-6146,0,-29441,0,1628
305,73,36,-769,17152,-6146,0,-1025,0,1628
314,42,1,-257,15616,-4610,0,11776,0,1628
308,15,2,-257,15616,-4610,0,10240,0,1629
254,10,35,-1025,13824,-770,0,-17920,0,1628
229,-12,39,-769,15104,-6658,0,-28928,0,1628
194,-22,37,-769,15104,-6658,0,-15616,0,1629
176,-47,22,-769,15104,-6658,0,27904,0,1629
183,-46,-5,-2049,15616,-7938,0,3584,0,1629
209,-42,-15,-2049,15616,-7938,0,-25601,0,1628
285,-23,-25,-2049,15104,-5634,0,29439,0,1626
273,-5,-1,-3329,13824,-5378,0,6912,0,1628
288,19,45,-1793,16128,-4866,0,16384,0,1628
325,35,51,-1793,16128,-4866,0,-29185,0,1628
307,28,51,-1537,13824,-4866,0,27135,0,1627
326,3,-1,-1281,14336,-4610,0,-1,0,1628
265,-8,5,-1281,14336,-4610,0,-7424,0,1628
199,8,19,-1025,15872,-3586,0,-29696,0,1627
201,14,29,-1025,15872,-3586,0,1792,0,1628
246,3,21,-2049,14592,-6914,0,-23297,0,1629
241,-2,16,-3073,15104,-6914,0,-3585,0,1629
238,-21,13,-3073,15104,-6914,0,-513,0,1628
204,-30,0,-3073,15104,-6914,0,5376,0,1629
234,-49,-14,-3329,14592,-770,0,27647,0,1628
274,-58,5,-3329,14592,-770,0,767,0,1630
318,-40,7,-2817,14848,-3842,0,5887,0,1628
272,1,31,-2305,15104,-7682,0,-5889,0,1628
293,33,36,-2305,15104,-7682,0,24576,0,1629
246,54,41,-513,18944,-1026,0,6656,0,1629
288,69,22,-513,16384,-5634,0,26879,0,1629
282,42,1,-513,16384,-5634,0,10240,0,1630
232,13,3,-1537,14080,-5122,0,-29696,0,1628
167,14,26,-257,15872,-3330,0,-16128,0,1627
238,-39,16,-257,15872,-3330,0,14591,0,1628
272,-48,20,-3329,16384,-5122,0,-20737,0,1628
276,-60,-18,-2561,16640,-5378,0,-2305,0,1628
263,-36,10,-2561,16640,-5378,0,-7425,0,1627
258,-11,44,-2817,15872,-4354,0,-9473,0,1628
277,23,11,-2305,16640,-514,0,-27393,0,1629
282,25,23,-2305,16640,-514,0,-30721,0,1628
329,49,45,-1793,16896,-2306,0,11776,0,1628
258,59,35,-2817,16896,-7426,0,-17152,0,1629
254,58,25,-2817,16896,-7426,0,23296,0,1629
259,23,42,-1281,17408,-5890,0,26112,0,1629
206,13,12,-1281,16384,-3842,0,-21760,0,1628
230,-15,29,-1281,16384,-3842,0,26879,0,1629
282,-51,2,-1281,16384,-3842,0,-3330,0,1628
294,-67,-4,-4097,17152,-3074,0,2304,0,1628
254,-56,20,-4097,17152,-3074,0,-27904,0,1628
287,-22,32,-4097,17152,-3074,0,-23296,0,1628
270,26,27,-1281,19200,255,0,-24064,0,1629
237,32,30,-1793,16128,-6146,0,-6912,0,1629
214,54,22,-1793,16128,-6146,0,32000,0,1627
228,26,4,-2049,13824,-6914,0,29183,0,1627
208,10,26,-2049,13824,-6914,0,27903,0,1628
277,-55,49,-2049,13824,-6914,0,-771,0,1629
351,-89,23,-2049,14336,-3074,0,18175,0,1629
307,-101,18,-2817,16128,-5122,0,3585,0,1629
283,-29,48,-2817,16128,-5122,0,-9983,0,1629
237,21,58,-2817,18944,-3842,0,-8448,0,1626
230,54,47,-2561,16128,-5122,0,30975,0,1628
211,62,22,-2561,16128,-5122,0,-27393,0,1628
171,27,2,-1281,13056,-1538,0,28671,0,1627
226,-4,17,-2561,13056,-2818,0,-8450,0,1631
285,-11,-5,-2561,13056,-2818,0,23807,0,1628
294,-46,-47,-3585,12544,-4354,0,-6401,0,1628
214,-78,-29,-2049,14848,-258,0,-26624,0,1629
280,-44,21,-2049,14848,-258,0,11008,0,1627
270,4,59,-3329,16640,-6402,0,15360,0,1628
274,6,39,-1793,17408,-2562,0,-26881,0,1628
266,14,31,-1793,17408,-2562,0,15359,0,1628
303,23,14,-2305,14592,-7938,0,-30209,0,1628
260,21,27,256,16128,-1538,0,-24065,0,1628
284,-8,26,256,16128,-1538,0,-25857,0,1628
234,-16,46,-1537,15616,-3330,0,22528,0,1627
262,-16,35,-1793,16128,-1794,0,-17665,0,1628
274,15,54,-1793,16128,-1794,0,-13825,0,1629
302,0,38,-2305,15104,-2050,0,2048,0,1628
246,24,9,-2305,15616,-1794,0,-3072,0,1628
207,32,39,-2305,15616,-1794,0,17408,0,1627
232,52,17,-1281,14848,-4866,0,5120,0,1629
284,33,17,-3073,13824,-5122,0,-25345,0,1629
225,24,8,-3073,13824,-5122,0,-16384,0,1629
253,-18,23,-2817,14336,-4866,0,-6401,0,1628
209,-21,60,-3329,15104,-5378,0,27392,0,1629
283,-50,45,-3329,15104,-5378,0,1791,0,1628
307,-67,48,-2561,15616,-4098,0,17919,0,1629
304,-38,5,-1,17152,511,0,19456,0,1627
288,-14,12,-1,17152,511,0,-19712,0,1629
278,35,37,-769,16640,-5378,0,4864,0,1628
219,74,98,512,16640,-2,0,-10753,0,1629
246,41,62,512,16640,-2,0,-25601,0,1629
272,8,31,-1793,15104,-7682,0,-9473,0,1627
208,11,22,-1793,15104,-7682,0,30208,0,1629
240,-6,26,-257,15104,-3842,0,768,0,1630
239,-9,33,-2049,16128,-7426,0,0,0,1628
294,-27,20,-2049,16128,-7426,0,-27649,0,1629
239,-27,33,-1281,15872,-5634,0,15616,0,1629
262,-23,21,-1793,15872,-3330,0,28416,0,1629
246,-7,44,-1793,15872,-3330,0,512,0,1628
254,15,48,-1793,16896,-3842,0,-16129,0,1628
281,10,41,-1025,14848,-4354,0,20735,0,1627
311,-6,7,-1025,14848,-4354,0,-7937,0,1627
264,-22,19,-1,15616,-6658,0,-21760,0,1629
278,7,50,256,17152,-1282,0,30976,0,1629
270,33,69,256,17152,-1282,0,-2305,0,1629
293,31,54,-513,16384,-4610,0,-31489,0,1629
275,15,51,-2817,15616,-9474,0,6912,0,1629
257,-17,28,-2817,15616,-9474,0,13824,0,1628
236,-21,31,-1281,16640,-1538,0,6656,0,1628
227,-34,36,-1537,15360,-5890,0,7424,0,1627
238,-23,14,-1537,15360,-5890,0,-9217,0,1628
199,-6,15,-1,16896,1023,0,256,0,1627
223,-24,25,-1,16896,1023,0,-15873,0,1627
254,-3,31,-1537,16384,-2050,0,-2049,0,1628
293,14,26,-1281,15616,-5634,0,30464,0,1628
251,26,40,-1281,15616,-5634,0,-9984,0,1627
266,53,57,-1281,15616,-5634,0,-16129,0,1628
293,34,50,-1793,14592,-8194,0,23551,0,1628
366,-28,29,-1793,14592,-8194,0,10239,0,1627
297,-75,60,-1793,14592,-8194,0,-11009,0,1629
306,-98,34,-4097,15616,-4866,0,21248,0,1628
274,-85,55,-2561,15872,-4098,0,-19712,0,1629
195,-20,56,-2561,15872,-4098,0,-12800,0,1629
196,6,57,-1793,18432,-5890,0,-12801,0,1628
191,31,32,-257,17152,-3586,0,31999,0,1627
246,49,15,-257,17152,-3586,0,-20994,0,1627
242,46,-14,-513,15872,-4098,0,-3073,0,1628
219,27,31,-257,14336,-6402,0,-32000,0,1627
246,26,49,-257,14336,-6402,0,6144,0,1629
297,25,53,-2305,13312,-7682,0,7168,0,1629
262,4,20,-2817,13568,-10498,0,26880,0,1627
270,-58,26,-2817,13568,-10498,0,-27393,0,1629
335,-87,17,-1281,14848,-4866,0,255,0,1629
314,-62,20,-2305,15104,-8450,0,-11265,0,1628
287,-64,8,-2305,15104,-8450,0,4608,0,1628
281,-54,56,-2049,16384,-7170,0,7680,0,1628
289,10,58,0,17152,-5890,0,-7169,0,1629
287,68,88,0,17152,-5890,0,-12033,0,1629
253,82,38,1536,14592,-3074,0,-15361,0,1629
203,97,24,1536,14592,-3074,0,-7425,0,1629
196,55,-10,1792,12800,-6402,0,5632,0,1629
222,29,52,-1,12800,-6914,0,-32512,0,1628
244,23,41,-1,12800,-6914,0,-28928,0,1628
249,8,26,1024,13056,-5890,0,-6400,0,1629
253,-1,26,-257,13312,-6914,0,-18944,0,1629
249,-38,-9,-257,13312,-6914,0,-24320,0,1629
245,-52,-2,-769,11776,-4866,0,15360,0,1628
281,-85,1,256,12800,-258,0,-8449,0,1627
275,-70,15,256,12800,-258,0,-3329,0,1628
250,-58,30,0,14336,-4866,0,14848,0,1628
277,-44,29,-513,14336,-4354,0,-5889,0,1629
308,-31,21,-513,14336,-4354,0,-26625,0,1627
302,-6,20,512,13568,-3586,0,-4353,0,1628
263,24,28,1792,15616,-2050,0,-1,0,1627
241,41,47,1792,15616,-2050,0,-9473,0,1628
210,31,51,1280,13568,-8962,0,-9729,0,1628
224,9,31,1280,13568,-8962,0,-19201,0,1627
253,-7,25,256,14336,-7682,0,-22273,0,1627
280,-14,13,768,14336,-7426,0,5632,0,1629
243,-21,32,768,14336,-7426,0,28672,0,1627
237,-46,33,1280,15616,-9218,0,-2305,0,1628
255,-24,16,768,14848,-5634,0,-21249,0,1628
286,-50,-4,768,14848,-5634,0,-19457,0,1628
293,-34,18,1280,14848,-3586,0,29440,0,1627
282,-6,60,2304,15616,-514,0,-31744,0,1627
254,12,48,2304,15616,-514,0,21504,0,1628
263,6,29,1024,15616,-4610,0,-7169,0,1628
226,-33,13,512,15104,-7938,0,5888,0,1629
277,-49,-4,512,15104,-7938,0,-10241,0,1629
269,-67,37,512,15616,-4354,0,-13569,0,1628
263,-65,40,-1793,15616,-9474,0,-28673,0,1628
277,-68,70,-1793,15616,-9474,0,5376,0,1627
263,-64,45,-769,16128,-7938,0,-8961,0,1631
214,-26,12,1280,17152,-1794,0,-257,0,1628
265,-23,2,1280,17152,-1794,0,-7426,0,1628
271,6,14,1792,16896,-5378,0,7423,0,1629
292,34,35,1792,15872,-5378,0,-10497,0,1627
273,22,19,1792,15872,-5378,0,-32768,0,1628
238,17,30,1536,14080,-6658,0,-28928,0,1629
221,14,28,1792,14080,-1794,0,-29952,0,1627
196,31,3,1792,14080,-1794,0,28160,0,1627
285,-34,-35,-257,13568,-8450,0,19199,0,1628
303,-32,-32,-1537,12800,-10242,0,25856,0,1629
258,-58,18,-1537,12800,-10242,0,17152,0,1629
255,-72,37,-2305,16128,-9986,0,-14593,0,1629
339,-94,22,-1025,16128,-2562,0,16383,0,1628
293,-92,19,-1025,16128,-2562,0,13568,0,1627
270,-54,-25,-513,15360,-2306,0,30976,0,1629
235,-6,3,1792,16896,-1282,0,-19969,0,1627
191,27,22,1792,16896,-1282,0,18431,0,1628
222,47,15,2560,16640,-3330,0,-22018,0,1628
217,41,25,2048,16640,-1794,0,25087,0,1628
236,37,22,2048,16640,-1794,0,16896,0,1628
250,33,5,0,15872,-6914,0,23552,0,1628
238,53,10,512,15360,-3842,0,29184,0,1629
202,34,10,512,15360,-3842,0,27136,0,1629
186,2,28,-1025,14336,-8706,0,4864,0,1629
287,-59,37,-257,16128,-5634,0,-24833,0,1628
350,-61,45,-257,16128,-5634,0,-32768,0,1628
289,-79,5,-1025,16128,-5378,0,22784,0,1627
304,-80,-34,1024,14592,-4610,0,-20481,0,1628
281,-95,-12,1024,14592,-4610,0,-23553,0,1627
242,-69,29,2560,14848,2047,0,-9985,0,1629
223,-14,74,1792,18944,-5122,0,-18689,0,1629
232,8,66,1792,18944,-5122,0,1791,0,1627
230,9,31,1536,20224,2047,0,18687,0,1629
241,24,4,512,16896,-6658,0,-18945,0,1627
236,35,8,512,16896,-6658,0,14080,0,1629
238,51,38,1280,16384,-8450,0,12544,0,1627
236,50,58,1280,16384,-8450,0,1280,0,1629
203,31,51,1280,16384,-7170,0,16128,0,1628
252,3,27,3072,15872,-7938,0,-5121,0,1629
304,-22,15,3072,15872,-7938,0,-12801,0,1627
266,-32,24,4096,16384,-5378,0,7680,0,1629
235,-78,2,5120,16640,-4098,0,12032,0,1629
264,-87,-6,5120,16640,-4098,0,22527,0,1627
339,-46,-13,4608,16896,-5634,0,21247,0,1627
261,1,14,2048,16896,-7938,0,-13568,0,1627
216,3,37,2048,16896,-7938,0,-4865,0,1628
207,28,55,3328,18432,-4610,0,17919,0,1627
275,51,45,768,19200,-6402,0,-4098,0,1627
286,22,30,768,19200,-6402,0,-4865,0,1628
245,28,10,1792,19200,-9218,0,22272,0,1628
227,34,16,5120,18688,-8706,0,2560,0,1626
270,31,29,5120,18688,-8706,0,-12545,0,1629
332,12,47,6144,17920,-7682,0,19456,0,1628
325,13,62,10240,18432,-4866,0,2049,0,1628
311,37,45,10240,18432,-4866,0,6913,0,1627
291,25,39,8960,18688,-7682,0,-10240,0,1628
225,-35,43,8960,18688,-7682,0,14080,0,1628
278,-53,47,8960,18688,-7682,0,24574,0,1627
363,-73,76,1792,17664,-7682,0,29950,0,1630
292,-109,41,1792,17664,-7682,0,-8448,0,1627
227,-98,33,1792,17664,-7682,0,-11519,0,1628
183,-32,13,-513,18944,-6402,0,-7424,0,1628
208,3,10,3328,20224,-2,0,18943,0,1629
191,52,8,3328,20224,-2,0,-6146,0,1628
200,61,8,6144,18688,-770,0,-11266,0,1630
180,62,-22,6144,18688,-770,0,5119,0,1627
212,25,-22,6400,16640,-4610,0,255,0,1628
285,-14,-9,5376,15872,-4098,0,32255,0,1629
360,-12,-4,5376,15872,-4098,0,24832,0,1628
331,13,14,5120,19968,255,0,-23295,0,1629
273,24,43,2560,20736,-4354,0,-1792,0,1630
283,28,14,2560,20736,-4354,0,20736,0,1627
275,1,-2,1792,16384,-1282,0,-25089,0,1628
311,-24,6,256,17152,-2306,0,5119,0,1629
296,-55,36,256,17152,-2306,0,20735,0,1627
309,-89,28,768,17920,-4354,0,-19968,0,1630
246,-115,57,768,17920,-4354,0,14849,0,1629
185,-60,64,4096,20992,-5122,0,-32000,0,1628
189,-26,43,5888,22016,-6914,0,-32001,0,1628
205,2,25,8704,21760,-4354,0,9983,0,1629
225,14,20,8704,21760,-4354,0,17663,0,1629
233,45,27,8448,22272,-7426,0,-20993,0,1628
254,42,30,8448,22272,-7426,0,-27649,0,1628
263,12,31,8448,22272,-7426,0,-9217,0,1628
269,-5,15,4096,20480,-1282,0,-769,0,1629
252,-30,17,4096,20480,-1282,0,3328,0,1629
254,-32,30,1792,20224,-514,0,-16897,0,1627
276,-34,23,2304,20992,-3586,0,-30209,0,1629
312,-42,19,2304,20992,-3586,0,22527,0,1628
281,-32,11,1024,20224,-7426,0,15104,0,1629
275,-38,11,5888,21760,-2562,0,-8193,0,1628
244,3,48,5888,21760,-2562,0,-17921,0,1627
291,8,54,4096,20736,-6146,0,-1026,0,1628
259,22,29,6656,22528,-10754,0,11520,0,1627
228,13,21,6656,22528,-10754,0,21248,0,1627
254,30,13,6912,23040,-2818,0,-4097,0,1628
273,54,43,5120,23040,-770,0,5120,0,1628
250,18,28,5120,23040,-770,0,10240,0,1628
212,-3,11,3840,22016,-770,0,-32768,0,1627
197,-16,24,1280,21504,-2306,0,9216,0,1628
246,-32,2,1280,21504,-2306,0,24063,0,1627
249,-42,7,2048,21248,3071,0,21503,0,1628
304,-86,6,1536,20736,-5890,0,-14850,0,1628
301,-82,29,1536,20736,-5890,0,-3073,0,1628
299,-37,39,2048,22016,-11522,0,31232,0,1629
253,15,38,5376,22784,-7170,0,16384,0,1627
259,39,13,5376,22784,-7170,0,8703,0,1628
267,53,-2,9216,24320,-1538,0,12799,0,1630
264,52,0,9216,24320,-1538,0,30975,0,1627
259,42,38,9216,24320,-1538,0,19456,0,1631
270,27,39,7680,25088,5119,0,19456,0,1631
239,19,34,7680,25088,5119,0,-17152,0,1627
242,-12,1,5632,23552,3327,0,20480,0,1631
279,-30,-16,2048,21760,-514,0,11008,0,1628
230,-39,30,2048,21760,-514,0,22016,0,1628
232,-39,19,1792,20224,-1794,0,-4353,0,1628
223,-31,35,2560,21504,-7426,0,24575,0,1629
316,-69,5,2560,21504,-7426,0,15871,0,1628
300,-53,3,4352,20992,-11778,0,-32256,0,1629
263,-36,5,5120,22272,-6914,0,-13824,0,1628
231,19,45,5120,22272,-6914,0,-5633,0,1629
238,34,33,5376,24832,-5634,0,26367,0,1629
273,19,29,6400,23552,-5890,0,-5634,0,1628
285,16,3,6400,23552,-5890,0,-11009,0,1628
255,-1,-9,6144,22272,-1538,0,30464,0,1628
236,5,-10,6912,21504,6655,0,24832,0,1628
245,-4,28,6912,21504,6655,0,-5889,0,1628
293,-11,39,3328,21760,255,0,-25345,0,1630
271,-29,31,1280,20736,-7170,0,-31232,0,1628
266,-21,-6,1280,20736,-7170,0,11776,0,1627
248,-3,7,2560,20224,-8962,0,-3073,0,1628
268,-20,10,5120,21760,-8962,0,25343,0,1629
287,-10,35,5120,21760,-8962,0,8960,0,1629
241,-1,38,2816,20480,-15106,0,-15872,0,1629
217,-1,14,5120,22272,-7938,0,8192,0,1629
227,1,0,5120,22272,-7938,0,-26113,0,1628
261,-23,-14,5888,21504,-1538,0,16895,0,1628
261,-27,8,5888,21504,-1538,0,-15361,0,1628
285,-26,15,5888,21504,-1538,0,18432,0,1628
265,2,13,4864,22016,-1026,0,-17920,0,1628
235,11,3,4864,22016,-1026,0,18688,0,1627
230,15,-2,4096,20992,511,0,-14337,0,1628
249,-8,5,1280,18432,-8450,0,28415,0,1627
259,-22,14,1280,18432,-8450,0,1536,0,1627
306,-29,14,-257,17920,-12546,0,-9473,0,1627
290,-32,10,256,18176,-13826,0,19968,0,1629
260,-21,3,256,18176,-13826,0,26368,0,1630
237,-7,30,1792,19456,-8706,0,31488,0,1631
291,4,27,5376,19200,-6146,0,29695,0,1628
238,15,34,5376,19200,-6146,0,23808,0,1631
244,-9,11,8192,20480,-514,0,12288,0,1631
230,-4,22,5888,19712,-1282,0,5632,0,1627
263,-22,7,5888,19712,-1282,0,-15617,0,1627
224,-26,29,3840,19200,-2562,0,15616,0,1631
258,-46,26,3072,19712,-3586,0,-8193,0,1627
234,-26,9,3072,19712,-3586,0,14848,0,1628
274,-26,12,-1537,17152,-9986,0,768,0,1629
240,-17,29,768,16640,-10242,0,22528,0,1629
259,-18,25,768,16640,-10242,0,-17665,0,1628
309,0,15,2048,17152,-9730,0,-3329,0,1628
258,-10,26,6144,18944,-6146,0,32512,0,1629
250,-18,6,6144,18944,-6146,0,-4865,0,1630
236,-14,23,7680,18944,-1794,0,-14849,0,1629
275,-27,7,5888,18688,-5378,0,27391,0,1628
289,-25,41,5888,18688,-5378,0,3072,0,1628
252,-29,30,5120,16896,-4354,0,-27136,0,1629
231,-15,29,3072,18176,-4866,0,17152,0,1629
237,-12,29,3072,18176,-4866,0,-7169,0,1628
252,-1,22,1280,16384,-6914,0,-9217,0,1628
272,5,17,0,16640,-12034,0,-13057,0,1627
269,-10,38,0,16640,-12034,0,13312,0,1628
246,-26,25,512,16896,-11522,0,-30464,0,1628
315,-49,39,512,16896,-11522,0,-5121,0,1627
255,-20,33,2048,17408,-4354,0,-20224,0,1628
234,-28,11,2816,16128,-8450,0,-10241,0,1628
244,-27,38,2816,16128,-8450,0,-18177,0,1628
286,-34,23,2816,16128,-8450,0,-19969,0,1628
262,-30,20,3840,17152,-5634,0,21248,0,1627
236,-29,20,3840,15872,-9986,0,8192,0,1626
259,-16,11,3840,15872,-9986,0,12288,0,1629
241,-7,21,1024,16640,-9986,0,7936,0,1629
250,-13,24,1024,16640,-9986,0,-25089,0,1628
292,-9,58,1024,16640,-9986,0,-8449,0,1627
312,-39,42,-1537,15616,-6402,0,17664,0,1629
217,-43,30,-1537,14848,-8962,0,-13056,0,1627
280,-47,-2,512,14848,-8962,0,-22017,0,1627
265,-39,25,1024,14848,-8194,0,-14593,0,1627
287,-29,25,5376,15872,-5634,0,11776,0,1628
204,-24,49,5376,15872,-5634,0,31744,0,1631
195,-25,33,4096,15872,-9730,0,-8193,0,1627
220,-25,23,2560,14080,-10498,0,30975,0,1627
277,-56,21,2560,14080,-10498,0,31999,0,1629
275,-42,21,1024,15104,-6402,0,-15360,0,1628
224,-14,32,-1,13056,-11522,0,25088,0,1629
233,-5,40,-1,13056,-11522,0,27135,0,1627
284,-15,14,-1793,14336,-8706,0,-24065,0,1628
295,-58,23,-1281,13312,-10754,0,-13569,0,1629
238,-45,38,-1281,13312,-10754,0,10496,0,1627
287,-25,28,256,14592,-5378,0,-6401,0,1627
312,-33,46,-1,13568,-9730,0,-11265,0,1628
250,-24,31,-1,13568,-9730,0,-17408,0,1630
220,3,23,1792,12288,-11266,0,32256,0,1631
200,-3,3,512,13312,-11266,0,-2305,0,1628
224,-18,22,512,13312,-11266,0,-20737,0,1631
275,-44,24,2048,12800,-5378,0,-21761,0,1629
229,-37,34,-1537,12544,-11778,0,-23296,0,1629
223,-57,0,-1537,12544,-11778,0,-18689,0,1629
259,-70,1,-2817,11776,-11010,0,-21761,0,1627
262,-82,38,-2049,13056,-12034,0,-25089,0,1627
284,-44,49,-2049,13056,-12034,0,-18689,0,1628
347,-34,27,-2305,14080,-11266,0,-13057,0,1628
269,16,23,-1025,11264,-12802,0,29184,0,1628
281,32,10,1280,11008,-13058,0,6656,0,1629
243,12,40,1280,11008,-13058,0,25344,0,1629
202,1,39,2304,12032,-13058,0,6144,0,1629
260,-21,31,2304,12032,-13058,0,-15873,0,1628
236,-41,21,2304,12032,-13058,0,25856,0,1630
235,-55,-4,-1025,12032,-14082,0,19456,0,1628
213,-78,14,-2305,11520,-12290,0,15616,0,1629
281,-86,8,-2305,11520,-12290,0,7424,0,1628
254,-51,41,-4353,12032,-13058,0,-23552,0,1628
267,-29,9,-2817,11008,-14594,0,9472,0,1629
251,4,31,-2817,11008,-14594,0,-8705,0,1628
257,-9,-11,-513,10496,-11266,0,-27649,0,1629
264,-43,19,0,9472,-13314,0,-22017,0,1628
306,-51,39,0,9472,-13314,0,11008,0,1628
270,-42,47,-1,10240,-14594,0,31232,0,1628
224,-47,30,-2049,9216,-16642,0,11520,0,1628
253,-44,25,-2049,9216,-16642,0,-11521,0,1628
278,-39,29,-2817,11264,-13058,0,-11265,0,1627
238,-44,34,-4097,10752,-12802,0,-4353,0,1631
227,-37,19,-4097,10752,-12802,0,16896,0,1629
255,-50,12,-3329,9728,-13570,0,-22273,0,1628
261,-37,24,-4353,10240,-13058,0,-11265,0,1629
270,-42,18,-4353,10240,-13058,0,19200,0,1629
230,-34,36,-1025,10752,-9730,0,19200,0,1627
274,-38,28,-3585,8704,-13826,0,-7425,0,1629
288,-26,22,-4609,8192,-13826,0,-22528,0,1629
215,-20,20,-4609,8192,-13826,0,-30720,0,1627
257,-53,18,-5121,6912,-12546,0,31743,0,1629
318,-63,28,-3585,8448,-10498,0,-28673,0,1629
245,-88,35,-3585,8448,-10498,0,-31232,0,1628
191,-83,22,-5377,9472,-14338,0,21760,0,1627
236,-83,24,-5121,10496,-9474,0,16639,0,1628
278,-61,23,-5121,10496,-9474,0,-26369,0,1631
269,-75,36,-7681,8704,-17410,0,19200,0,1628
269,-42,54,-7169,8448,-17410,0,3328,0,1629
321,11,45,-7169,8448,-17410,0,512,0,1629
236,11,26,-7425,8192,-15106,0,29440,0,1628
195,2,15,-5889,5888,-11266,0,29184,0,1628
239,-31,21,-5889,5888,-11266,0,-29697,0,1630
276,-60,29,-4865,7168,-10754,0,21247,0,1628
283,-91,19,-7681,6400,-16386,0,12800,0,1628
233,-113,28,-7681,6400,-16386,0,-19968,0,1627
220,-114,49,-7681,6400,-16386,0,29952,0,1627
278,-77,45,-9729,8448,-15106,0,0,0,1629
248,-51,58,-9729,8448,-15106,0,-9473,0,1627
270,-53,32,-8961,9216,-13314,0,-18945,0,1629
279,-48,11,-10241,7424,-13314,0,-15873,0,1628
299,-59,26,-11265,6656,-17154,0,8704,0,1627
226,-53,53,-11265,6656,-17154,0,24576,0,1629
228,-62,47,-11777,6656,-18178,0,-13057,0,1627
243,-63,23,-12289,6144,-20226,0,-23041,0,1628
241,-79,27,-12289,6144,-20226,0,7424,0,1629
219,-72,20,-13313,5888,-19458,0,3584,0,1628
212,-46,26,-12545,6912,-20482,0,2816,0,1628
231,-51,54,-12545,6912,-20482,0,14847,0,1628
261,-60,30,-14081,5632,-18690,0,17663,0,1629
298,-46,29,-14081,7168,-17922,0,-15617,0,1627
300,-46,46,-14337,6656,-17410,0,-4097,0,1630
315,-33,58,-14337,6656,-17410,0,2560,0,1628
324,-28,16,-14081,6656,-19970,0,28928,0,1627
286,-4,31,-13313,4864,-14850,0,24320,0,1629
211,17,42,-13313,4864,-14850,0,-14337,0,1629
264,-22,24,-15361,5888,-19970,0,2815,0,1628
258,-43,38,-15105,6656,-17154,0,1280,0,1628
161,-54,27,-15105,6656,-17154,0,-24832,0,1629
146,-74,9,-15873,5120,-19458,0,-3585,0,1629
213,-102,-1,-16897,7168,-16130,0,18174,0,1628
420,-79,11,-16897,7168,-16130,0,-22018,0,1628
314,-30,60,-17665,6144,-15106,0,-4607,0,1629
206,36,27,-16641,8448,-16642,0,7681,0,1627
275,93,70,-12801,7424,-11522,0,30975,0,1628
268,62,28,-12801,7424,-11522,0,11519,0,1628
301,10,16,-13825,3584,-16130,0,-27649,0,1628
250,-11,24,-14337,3840,-17922,0,7936,0,1629
200,-14,51,-14337,3840,-17922,0,20224,0,1628
214,-55,19,-15105,4864,-15362,0,7424,0,1628
216,-86,29,-16641,6912,-16898,0,-30465,0,1629
266,-89,24,-16641,6912,-16898,0,-1794,0,1628
306,-47,31,-17409,6912,-17666,0,-3073,0,1628
314,-25,41,-16641,9472,-15362,0,-14336,0,1629
270,48,35,-16641,9472,-15362,0,-26880,0,1628
242,103,50,-16641,9472,-15362,0,29439,0,1628
218,74,25,-13569,6400,-15618,0,14847,0,1629
236,40,27,-13569,3840,-16130,0,-15874,0,1627
218,23,41,-13569,3840,-16130,0,-14593,0,1628
286,-25,31,-13825,4352,-17922,0,-13057,0,1629
233,-48,50,-14081,7424,-12034,0,-25856,0,1629
295,-91,32,-14081,7424,-12034,0,3072,0,1628
285,-53,36,-14849,8448,-15618,0,21760,0,1628
293,-22,16,-13825,8192,-12034,0,-4353,0,1628
270,23,36,-13825,8192,-12034,0,-12033,0,1628
270,31,36,-13825,8192,-12034,0,-29697,0,1629
233,47,65,-12033,6656,-11778,0,-26625,0,1627
240,23,29,-12289,7168,-13058,0,26111,0,1628
258,8,40,-12289,7168,-13058,0,24575,0,1628
261,-6,41,-12801,8192,-14850,0,-6657,0,1629
259,-27,49,-12289,8192,-9730,0,-6657,0,1628
254,-39,46,-12289,8192,-9730,0,16896,0,1627
262,-8,38,-12289,8960,-15362,0,22016,0,1628
279,14,57,-12289,10240,-12034,0,-9217,0,1628
248,36,60,-12289,10240,-12034,0,2560,0,1628
229,43,43,-10241,9728,-8450,0,-25601,0,1629
255,26,34,-11777,8448,-11010,0,18943,0,1629
297,1,22,-11777,8448,-11010,0,-23809,0,1629
242,-24,46,-13313,8960,-12034,0,22528,0,1629
251,-38,35,-10241,9472,-8450,0,-257,0,1630
282,-36,32,-10241,9472,-8450,0,28159,0,1627
279,-27,47,-12033,9984,-7938,0,-18433,0,1628
336,-5,61,-11777,9728,-12290,0,26623,0,1629
264,32,60,-11777,9728,-12290,0,20480,0,1629
277,51,42,-11777,9728,-12290,0,-2561,0,1628
237,46,45,-9729,9472,-12802,0,21248,0,1630
264,41,43,-9217,6912,-15362,0,4096,0,1629
233,57,39,-9217,6912,-15362,0,26880,0,1629
228,36,26,-9217,8448,-13570,0,18176,0,1628
199,3,47,-9217,8448,-13570,0,-23809,0,1628
270,-56,36,-9217,8448,-13570,0,-6402,0,1628
323,-77,32,-11009,9984,-7170,0,-29953,0,1627
322,-87,21,-11521,10496,-11522,0,26624,0,1628
223,-36,24,-11521,10496,-11522,0,-23808,0,1628
249,-6,19,-11521,12288,-10498,0,-22017,0,1628
309,41,35,-9729,10240,-10242,0,-14082,0,1629
330,72,36,-9729,10240,-10242,0,-257,0,1629
240,75,35,-8961,8960,-13826,0,-25344,0,1627
241,72,34,-8961,7680,-13570,0,6912,0,1628
254,43,16,-8961,7680,-13570,0,-8449,0,1628
216,-49,61,-8193,7936,-9218,0,16384,0,1628
235,-9,44,-9473,8704,-13826,0,9472,0,1628
230,-21,43,-9473,8704,-13826,0,2304,0,1629
275,-61,6,-10753,8192,-12034,0,6656,0,1629
254,-71,-2,-9985,9216,-9986,0,-6657,0,1628
278,-70,11,-9985,9216,-9986,0,-19201,0,1628
267,-31,15,-10241,10752,-8194,0,15104,0,1628
253,6,27,-10497,9984,-9218,0,7424,0,1628
207,53,42,-10497,9984,-9218,0,-513,0,1628
255,57,15,-9217,7680,-14338,0,18687,0,1628
284,61,12,-6145,8192,-7938,0,-21249,0,1629
285,60,-9,-6145,8192,-7938,0,4096,0,1629
255,49,14,-6657,9472,-6146,0,12544,0,1628
262,6,46,-8449,8704,-12290,0,-18945,0,1628
288,-29,50,-8449,8704,-12290,0,-19713,0,1629
303,-45,53,-6401,11520,-8450,0,-15105,0,1627
265,-47,34,-9473,8960,-12546,0,20992,0,1628
249,-35,25,-9473,8960,-12546,0,7936,0,1628
287,-17,25,-8193,10496,-6146,0,-4865,0,1627
310,9,39,-10241,7936,-12546,0,29696,0,1629
210,24,72,-10241,7936,-12546,0,-15104,0,1629
209,40,34,-8193,9728,-13314,0,-3585,0,1629
227,50,23,-7681,7936,-13314,0,-6401,0,1629
253,-2,-8,-7681,7936,-13314,0,-20737,0,1629
241,-22,13,-7937,8192,-14338,0,20992,0,1629
227,-35,36,-8705,9728,-12546,0,-3841,0,1628
235,-34,18,-8961,7680,-11522,0,-3585,0,1628
275,-54,7,-8961,7680,-11522,0,-30209,0,1628
290,-44,14,-9729,9216,-12034,0,-11009,0,1628
285,-8,20,-7937,9472,-9218,0,6656,0,1627
240,14,25,-7937,9472,-9218,0,2304,0,1629
263,3,31,-9473,7936,-11266,0,18943,0,1629
304,10,23,-8705,8448,-13570,0,-6145,0,1629
291,40,33,-8705,8448,-13570,0,29184,0,1629
206,44,31,-6145,8960,-9986,0,-16128,0,1629
211,36,11,-5377,7680,-15106,0,-1281,0,1629
223,-4,18,-5377,7680,-15106,0,28927,0,1628
263,-23,21,-8961,6912,-15362,0,-29953,0,1628
256,-40,41,-8961,9472,-11522,0,3328,0,1628
261,-67,36,-8961,9472,-11522,0,1280,0,1627
236,-56,2,-10497,8192,-12802,0,9984,0,1627
273,-46,6,-9217,9216,-13058,0,-5889,0,1628
269,-1,38,-9217,9216,-13058,0,-12801,0,1628
250,38,40,-7681,9984,-12290,0,22783,0,1627
295,39,30,-5377,10496,-8194,0,767,0,1629
307,22,14,-5377,10496,-8194,0,-6145,0,1629
308,9,6,-8705,6912,-10754,0,-12032,0,1629
189,26,47,-6913,8192,-12034,0,11009,0,1629
209,8,25,-6913,8192,-12034,0,27647,0,1627
256,9,29,-10497,7936,-13570,0,15871,0,1629
297,-7,-7,-9217,7680,-13314,0,-31233,0,1628
259,-35,11,-9217,7680,-13314,0,7424,0,1628
231,-64,23,-9473,7680,-12802,0,3840,0,1628
281,-61,38,-9985,10752,-9218,0,-513,0,1629
281,-15,45,-9985,10752,-9218,0,18944,0,1628
236,3,19,-7937,10752,-7938,0,-2305,0,1630
217,33,18,-7169,8960,-10242,0,-25601,0,1626
280,17,21,-7169,8960,-10242,0,1023,0,1628
328,23,29,-8705,8704,-11010,0,-29440,0,1627
254,9,49,-6401,9728,-8706,0,-256,0,1628
174,22,47,-6401,9728,-8706,0,-23040,0,1628
249,-7,16,-8705,9472,-7682,0,13823,0,1627
282,-6,31,-8705,9472,-7682,0,19967,0,1627
293,-24,28,-8449,9728,-10498,0,-1793,0,1631
269,-49,50,-9473,8448,-15106,0,12544,0,1629
229,-33,16,-9473,8448,-15106,0,-3585,0,1628
275,-19,14,-9473,8448,-15106,0,26879,0,1629
296,-6,18,-10241,10496,-11522,0,-22529,0,1628
272,27,41,-7937,9472,-7682,0,9216,0,1627
249,51,35,-7937,9472,-7682,0,-32256,0,1628
245,52,20,-9217,9472,-9986,0,18944,0,1628
228,43,25,-5377,9984,-7426,0,32256,0,1628
211,23,9,-5377,9984,-7426,0,2304,0,1629
247,12,9,-8193,7936,-11522,0,29695,0,1627
265,-13,16,-8193,7936,-11522,0,26879,0,1629
310,-47,14,-8193,7936,-11522,0,-13569,0,1627
282,-78,11,-9985,9728,-7170,0,-14080,0,1627
244,-38,9,-9729,10496,-9474,0,13824,0,1631
254,-20,33,-9729,10496,-9474,0,25343,0,1627
313,2,24,-8449,10240,-9730,0,24831,0,1628
328,27,44,-7425,9984,-6402,0,8704,0,1627
230,46,43,-7425,9984,-6402,0,769,0,1628
200,64,15,-7169,8960,-12802,0,29440,0,1628
201,30,15,-7169,8960,-12802,0,-7681,0,1629
213,23,7,-7425,7168,-10242,0,-25345,0,1628
268,-3,16,-8961,7936,-10498,0,-20737,0,1628
239,-22,19,-8961,7936,-10498,0,24064,0,1628
238,-52,26,-8961,7936,-10498,0,20224,0,1628
290,-48,22,-11265,9216,-11266,0,13568,0,1628
254,-9,35,-8449,11264,-10498,0,23040,0,1628
279,10,26,-8449,11264,-10498,0,-3329,0,1627
269,10,37,-8193,9728,-12802,0,-28929,0,1627
291,28,19,-9473,9728,-13570,0,-27393,0,1629
303,18,14,-9473,9728,-13570,0,-13569,0,1628
267,5,27,-8705,9216,-11010,0,-769,0,1628
210,-18,46,-8193,8448,-13058,0,2048,0,1628
232,-32,30,-8193,8448,-13058,0,-30977,0,1628
268,-6,22,-9217,9472,-13058,0,-6657,0,1627
280,-20,7,-8961,9984,-11522,0,-10241,0,1629
244,22,9,-8961,9984,-11522,0,-27392,0,1629
285,22,26,-9473,9728,-13314,0,3840,0,1627
230,31,29,-8193,9984,-10754,0,-26880,0,1627
258,36,20,-8193,9984,-10754,0,-21505,0,1627
236,-9,23,-9473,8704,-12290,0,-19201,0,1627
278,-34,4,-9473,7936,-11522,0,14079,0,1627
286,-57,18,-9473,7936,-11522,0,-18945,0,1628
275,-56,1,-8961,9728,-9986,0,8448,0,1628
215,-36,52,-11265,10240,-10242,0,22528,0,1628
232,-6,25,-11265,10240,-10242,0,-27649,0,1629
273,12,39,-8449,9984,-9474,0,23295,0,1628
291,37,22,-8449,7936,-11522,0,-13057,0,1628
271,59,16,-8449,7936,-11522,0,13568,0,1627
259,47,16,-8193,8448,-10754,0,-2561,0,1627
261,41,48,-6401,8448,-9474,0,-6913,0,1628
270,1,31,-6401,8448,-9474,0,20736,0,1629
243,-17,28,-8449,8704,-12546,0,29696,0,1628
251,-31,39,-8193,8960,-7938,0,-13825,0,1630
283,-25,31,-8193,8960,-7938,0,2816,0,1629
262,-12,18,-7425,9216,-8706,0,4864,0,1629
213,-11,19,-8705,8192,-9730,0,-513,0,1629
269,-20,20,-8705,8192,-9730,0,20735,0,1629
273,-14,28,-6913,9216,-7170,0,-14337,0,1629
260,12,17,-8705,8704,-12546,0,8448,0,1629
259,18,11,-8705,8704,-12546,0,-5889,0,1629
298,25,25,-8193,10240,-8962,0,-2049,0,1629
288,29,33,-7681,9984,-10242,0,17664,0,1627
253,25,36,-7681,9984,-10242,0,16128,0,1629
272,12,33,-6401,10496,-6402,0,4864,0,1629
270,7,16,-7681,9216,-10498,0,26368,0,1628
280,-24,50,-7681,9216,-10498,0,19200,0,1629
267,-21,42,-8961,8704,-14082,0,-28928,0,1626
224,-46,51,-8961,9984,-11010,0,17152,0,1627
252,-41,21,-8961,9984,-11010,0,-3073,0,1630
199,-58,51,-8449,9472,-11266,0,13312,0,1628
237,-61,26,-10241,9984,-14850,0,-23553,0,1628
230,-64,30,-10241,9984,-14850,0,12543,0,1629
258,-34,13,-9217,10496,-11522,0,-22017,0,1629
295,-28,12,-8705,10752,-8706,0,-5889,0,1627
262,2,45,-7681,12032,-10754,0,12544,0,1628
236,24,51,-7681,12032,-10754,0,-12033,0,1628
312,30,11,-10241,9984,-12290,0,17663,0,1629
289,20,11,-6145,11520,-6146,0,4352,0,1628
284,35,34,-6145,11520,-6146,0,-3841,0,1629
250,23,69,-6657,10752,-12290,0,17920,0,1628
250,-15,35,-7681,9216,-11778,0,-27393,0,1626
299,-25,36,-7681,9216,-11778,0,-18945,0,1628
266,-19,22,-9985,8960,-14594,0,-32000,0,1626
217,-2,15,-7937,9472,-8450,0,4096,0,1627
220,3,27,-7937,9472,-8450,0,18687,0,1627
240,18,23,-10241,9984,-11778,0,24063,0,1628
285,14,11,-9729,8704,-13058,0,-5633,0,1628
291,30,35,-9729,8704,-13058,0,-14592,0,1631
272,54,37,-7425,10496,-12034,0,4097,0,1628
229,56,23,-7937,8960,-13826,0,-25088,0,1629
204,36,13,-7937,8960,-13826,0,1536,0,1628
272,-24,27,-7937,8448,-13826,0,-6146,0,1628
306,-49,38,-9473,7680,-14594,0,-17409,0,1628
321,-61,24,-9473,7680,-14594,0,-21248,0,1629
273,-94,69,-9473,10752,-12802,0,-11265,0,1629
260,-44,46,-7425,11264,-5634,0,-3841,0,1628
289,-8,22,-7425,11264,-5634,0,28927,0,1628
246,29,44,-7425,11264,-5634,0,5888,0,1629
239,59,16,-6657,11264,-8706,0,1280,0,1629
242,88,4,-6657,11264,-8706,0,9728,0,1628
185,69,-16,-6657,11264,-8706,0,10752,0,1628
215,56,0,-6657,8704,-8450,0,-1025,0,1628
233,5,-8,-6657,8704,-8450,0,-19201,0,1628
304,-25,-14,-6657,8192,-12546,0,25599,0,1629
318,-61,25,-7681,8960,-10498,0,-16640,0,1629
212,-55,28,-7681,8960,-10498,0,14593,0,1628
214,-38,25,-7681,8960,-10498,0,27391,0,1629
273,-19,26,-9473,10496,-11778,0,-32258,0,1629
446,-6,45,-8193,9984,-15618,0,23551,0,1628
259,-3,72,-8193,9984,-15618,0,-22271,0,1628
176,22,41,-5377,12288,-9986,0,3329,0,1628
205,22,16,-5633,10496,-6658,0,12287,0,1629
280,28,-2,-5633,10496,-6658,0,16639,0,1629
251,-7,-10,-6145,9216,-13826,0,-29184,0,1629
173,-13,37,-7169,9728,-12546,0,9217,0,1629
160,-3,50,-7169,9728,-12546,0,14336,0,1628
225,-23,33,-6145,10240,-8194,0,-1282,0,1628
315,-70,2,-7681,10752,-11010,0,10494,0,1628
394,-79,-12,-7681,10752,-11010,0,18432,0,1627
287,-38,16,-6145,9216,-7170,0,-4095,0,1629
207,16,65,-7681,12288,-12034,0,-9984,0,1631
274,27,62,-7681,12288,-12034,0,3327,0,1628
311,36,61,-6401,12032,-11522,0,-32513,0,1629
238,35,3,-6401,9728,-13826,0,-30208,0,1629
184,16,14,-6401,9728,-13826,0,-30464,0,1629
232,-33,17,-7169,9984,-13058,0,12543,0,1628
284,-36,21,-6913,8192,-12290,0,22271,0,1628
331,-74,29,-6913,8192,-12290,0,29696,0,1629
193,-38,25,-7937,8704,-8450,0,-4863,0,1628
179,-13,35,-6401,8704,-13314,0,29440,0,1628
211,8,19,-6401,8704,-13314,0,-7682,0,1631
275,-3,20,-6401,8704,-13314,0,-21250,0,1631
298,-26,17,-6913,7424,-16386,0,26367,0,1629
205,-50,66,-6913,7424,-16386,0,-14849,0,1629
318,-48,51,-6913,11520,-12802,0,10751,0,1629
432,-29,45,-6913,10752,-14338,0,1536,0,1629
333,0,29,-5633,9216,-11266,0,-12287,0,1628
173,55,62,-5633,9216,-11266,0,-3583,0,1629
125,67,50,-4609,10496,-13058,0,-5377,0,1628
232,52,20,-4353,9216,-9986,0,-5891,0,1627
466,-2,13,-4353,9216,-9986,0,-29186,0,1628
283,-47,11,-8193,6400,-15618,0,-12031,0,1627
123,-60,61,-8449,7936,-14594,0,-23551,0,1629
197,-84,23,-8449,7936,-14594,0,24831,0,1628
255,-94,-5,-10497,11008,-6914,0,-17154,0,1628
311,-74,-11,-8449,11776,-6914,0,17407,0,1629
219,17,47,-8449,11776,-6914,0,17153,0,1627
199,37,41,-9729,11776,-14594,0,-20993,0,1627
227,55,70,-7681,12288,-15618,0,-7170,0,1628
386,30,11,-7681,12288,-15618,0,-770,0,1628
318,5,33,-7681,10240,-12802,0,-28928,0,1629
258,-6,55,-5889,8704,-10498,0,-4608,0,1629
209,-21,88,-5889,8704,-10498,0,4864,0,1629
237,-26,69,-7425,9984,-14338,0,1023,0,1630
272,-39,72,-7681,9472,-14338,0,16383,0,1629
261,-30,38,-7681,9472,-14338,0,-16896,0,1629
195,-33,37,-7425,10240,-14850,0,-9472,0,1628
264,-32,18,-9473,9472,-12290,0,6399,0,1627
322,11,72,-7425,11008,-12546,0,10496,0,1628
241,20,57,-7425,11008,-12546,0,-2816,0,1628
180,24,86,-7425,10240,-11522,0,16640,0,1629
282,8,29,-6657,11264,-10498,0,14591,0,1628
269,-7,42,-6657,11264,-10498,0,-29697,0,1629
261,-43,43,-8961,11520,-13058,0,21759,0,1628
312,-70,67,-8449,12032,-10242,0,-27905,0,1628
242,-75,45,-8449,12032,-10242,0,28928,0,1628
217,-26,51,-8705,12288,-9474,0,-19201,0,1627
285,19,87,-8449,13056,-9986,0,-16898,0,1628
325,30,79,-8449,13056,-9986,0,31743,0,1628
300,72,44,-6657,13056,-7938,0,-30720,0,1629
233,95,40,-6145,10496,-13570,0,-8960,0,1628
210,73,69,-6145,10496,-13570,0,-11777,0,1629
229,16,63,-7169,11008,-13058,0,-15361,0,1628
279,-39,31,-8449,9472,-11266,0,14847,0,1627
281,-72,61,-7169,9984,-13570,0,-1025,0,1628
274,-80,35,-7169,9984,-13570,0,26368,0,1629
270,-64,51,-6657,12800,-11010,0,-9473,0,1628
332,-13,58,-7425,11520,-11266,0,-30721,0,1629
241,20,70,-7425,11520,-11266,0,-1,0,1628
197,57,79,-7937,11008,-12546,0,-14081,0,1628
264,98,58,-5889,11264,-14338,0,4863,0,1629
308,100,43,-5889,11264,-14338,0,-20737,0,1628
249,60,48,-6401,9984,-13058,0,-19968,0,1628
215,26,40,-6657,9728,-13058,0,18944,0,1628
227,-20,48,-6657,9728,-13058,0,2304,0,1629
274,-57,69,-7425,11520,-12802,0,-5633,0,1629
251,-98,83,-7937,12032,-12802,0,11520,0,1629
294,-86,49,-7937,12032,-12802,0,-8961,0,1629
286,-55,36,-8193,13056,-9474,0,4096,0,1628
311,-30,20,-7425,13056,-6146,0,24064,0,1628
262,6,63,-7425,13056,-6146,0,10496,0,1628
196,43,60,-7425,13056,-6146,0,24831,0,1628
250,53,47,-7169,12800,-11266,0,-3842,0,1628
327,36,33,-7169,12800,-11266,0,26111,0,1628
280,21,57,-7169,12800,-11266,0,18944,0,1629
240,18,73,-5889,11776,-9986,0,-30208,0,1628
258,-23,51,-7937,12800,-11522,0,512,0,1629
187,-21,41,-7937,12800,-11522,0,17152,0,1630
204,-38,33,-8193,10496,-12802,0,20991,0,1628
238,-16,38,-6145,11776,-6914,0,17919,0,1627
308,-2,22,-6145,11776,-6914,0,-31489,0,1628
254,-4,18,-7681,12032,-11010,0,24320,0,1627
305,22,38,-7425,11776,-10754,0,-12545,0,1631
260,48,69,-7425,11776,-10754,0,3840,0,1629
316,51,71,-6145,12032,-11010,0,28671,0,1629
363,28,103,-6145,12032,-12802,0,19456,0,1629
297,11,41,-6145,12032,-12802,0,-2816,0,1627
213,26,40,-5377,9728,-13314,0,-9728,0,1628
231,3,9,-7169,9728,-10498,0,-29441,0,1630
298,-32,2,-7169,9728,-10498,0,19199,0,1628
251,-46,28,-6657,9728,-10242,0,7169,0,1627
126,-36,29,-8193,8960,-11266,0,-32511,0,1628
132,-18,19,-8193,8960,-11266,0,1792,0,1628
257,-36,-20,-7937,10240,-11010,0,16381,0,1628
396,39,16,-6657,8960,-9730,0,-10497,0,1629
248,11,24,-6657,8960,-9730,0,-3327,0,1627
99,56,71,-5889,10496,-13314,0,6657,0,1629
289,56,-21,-5633,11008,-10754,0,-17923,0,1629
511,51,-6,-5633,11008,-10754,0,-12033,0,1629
328,-25,10,-5633,11008,-10754,0,-22782,0,1627
132,18,70,-4353,10496,-8962,0,-4863,0,1627
133,37,37,-3841,7936,-6914,0,8960,0,1628
175,1,15,-3841,7936,-6914,0,-1794,0,1629
309,-86,-24,-6401,5888,-9730,0,25341,0,1627
389,-76,53,-6401,5888,-9730,0,-24831,0,1631
193,-88,123,-6401,5888,-9730,0,5379,0,1629
135,-40,88,-6913,11008,-14850,0,-26112,0,1629
289,-48,126,-8193,12288,-10754,0,30717,0,1630
331,-21,31,-8193,12288,-10754,0,-19457,0,1628
200,5,19,-7937,9728,-12802,0,-30720,0,1627
214,-3,17,-7425,9728,-9986,0,-6658,0,1628
338,16,-4,-7425,9728,-9986,0,-22274,0,1628
300,20,-11,-6657,10240,-5634,0,24320,0,1629
238,23,17,-7681,10240,-11010,0,-13056,0,1627
212,28,60,-7681,10240,-11010,0,-27904,0,1629
195,24,55,-6145,9472,-10498,0,5632,0,1628
252,-18,46,-6145,9216,-15362,0,18175,0,1629
357,-39,21,-6145,9216,-15362,0,17408,0,1629
336,-33,57,-5633,10496,-10242,0,29441,0,1628
250,-16,3,-8193,9472,-13058,0,19969,0,1628
249,-52,42,-8193,9472,-13058,0,-24321,0,1628
254,-62,22,-7681,7424,-13314,0,-20993,0,1628
298,-33,73,-6401,9984,-12802,0,8448,0,1628
269,-13,62,-6401,9984,-12802,0,15616,0,1629
197,-6,46,-5121,8960,-15106,0,-7169,0,1627
215,-32,14,-4865,8704,-13826,0,20991,0,1628
262,-62,20,-7169,7936,-16386,0,-22274,0,1629
303,-54,70,-7169,7936,-16386,0,28671,0,1629
258,-44,58,-6657,9216,-14594,0,12800,0,1630
197,-19,64,-7937,10496,-13314,0,-14337,0,1628
263,-1,0,-7937,10496,-13314,0,-20994,0,1628
271,11,-27,-8705,8448,-13314,0,-7170,0,1628
278,3,-36,-9217,9216,-14594,0,-9217,0,1628
261,35,25,-9217,9216,-14594,0,-21760,0,1629
319,67,35,-6401,11520,-14082,0,8193,0,1629
205,89,31,-4353,9984,-13826,0,-28416,0,1628
242,43,41,-4353,9984,-13826,0,26112,0,1629
237,-23,33,-5633,7424,-16386,0,30719,0,1629
265,-52,36,-6401,5888,-16642,0,-9730,0,1628
303,-77,23,-6401,5888,-16642,0,-30721,0,1627
326,-106,-34,-9985,5632,-16386,0,-8448,0,1627
287,-122,-19,-7169,8704,-11522,0,-29183,0,1629
241,-37,19,-4353,9984,-11010,0,1025,0,1628
195,27,51,-4353,9984,-11010,0,-14081,0,1629
260,67,48,-5377,8960,-12546,0,9470,0,1629
302,64,26,-4353,8960,-16386,0,-23298,0,1629
253,-10,47,-4353,8960,-16386,0,-21249,0,1628
262,-36,40,-4865,9472,-16642,0,13312,0,1629
249,-40,31,-6913,9216,-15362,0,-28416,0,1627
262,-9,13,-6913,9216,-15362,0,16128,0,1627
226,24,-6,-5377,7936,-14850,0,11776,0,1629
202,16,12,-5377,6656,-15362,0,-769,0,1629
215,-13,18,-5377,6656,-15362,0,11775,0,1628
267,-37,23,-5889,6912,-14850,0,-1282,0,1628
305,-53,7,-6145,9216,-13314,0,21248,0,1628
303,-53,31,-6145,9216,-13314,0,-18176,0,1628
258,3,56,-4865,8704,-14082,0,-17664,0,1628
275,38,36,-5889,10496,-12546,0,-27905,0,1628
376,17,49,-5889,10496,-12546,0,23551,0,1631
276,3,19,-6401,7680,-16642,0,-21504,0,1629
204,-44,51,-4353,9984,-11522,0,8703,0,1629
287,-53,51,-4353,9984,-11522,0,-15874,0,1629
353,-62,71,-6913,9984,-14594,0,27392,0,1628
210,-57,18,-6401,10240,-15874,0,26881,0,1628
146,-17,18,-6401,10240,-15874,0,-24064,0,1630
207,12,-1,-6401,10240,-15874,0,-13826,0,1628
240,43,22,-5633,10240,-9986,0,11007,0,1631
225,5,43,-6401,8448,-15618,0,-25601,0,1627
187,-37,85,-6401,8448,-15618,0,-17409,0,1627
343,-19,45,-7169,11008,-15362,0,21503,0,1627
370,-20,55,-5889,8448,-13826,0,22784,0,1629
252,7,26,-5889,8448,-13826,0,22273,0,1629
193,19,57,-4865,11264,-11522,0,-17154,0,1628
344,12,66,-5121,9472,-13570,0,-5891,0,1628
511,-17,87,-5121,9472,-13570,0,-18433,0,1628
355,-63,52,-5633,8448,-15618,0,-510,0,1627
207,11,62,-4353,10496,-12546,0,15874,0,1630
123,49,66,-4353,10496,-12546,0,20224,0,1629
174,57,53,-3585,10752,-13826,0,-18434,0,1629
249,-11,46,-5633,8448,-11010,0,-27651,0,1628
353,-37,-4,-5633,8448,-11010,0,13055,0,1628
234,-43,32,-5889,6656,-13314,0,-29950,0,1629
156,-63,59,-5633,9216,-14082,0,28930,0,1628
212,-77,34,-5633,9216,-14082,0,2816,0,1628
175,-22,21,-6657,9984,-14082,0,-32001,0,1627
184,13,-19,-4865,9472,-11010,0,32766,0,1628
402,-22,-16,-6657,5888,-17154,0,22013,0,1629
430,0,57,-6657,5888,-17154,0,11521,0,1627
305,-6,43,-6913,8960,-16898,0,21762,0,1628
268,34,79,-4865,9472,-15362,0,-32256,0,1628
263,39,68,-4865,9472,-15362,0,5887,0,1628
284,22,41,-4865,9728,-12034,0,26366,0,1629
312,-30,18,-6145,7424,-17922,0,-30209,0,1630
264,-77,-7,-6145,7424,-17922,0,22528,0,1627
201,-90,6,-7937,8448,-18178,0,8193,0,1628
271,-96,25,-7681,10496,-15106,0,25344,0,1627
225,11,77,-7681,10496,-15106,0,-14336,0,1629
172,29,80,-6401,11264,-13570,0,-7937,0,1629
124,47,62,-6145,10496,-15106,0,20223,0,1630
223,21,2,-6145,10496,-15106,0,26622,0,1628
351,-16,-8,-6657,7168,-15618,0,20991,0,1628
314,-48,8,-6145,8192,-15106,0,31233,0,1630
265,-16,5,-6145,8192,-15106,0,4353,0,1628
305,14,35,-6401,9984,-13570,0,31999,0,1627
263,-7,17,-5121,7936,-17410,0,28671,0,1627
262,-21,22,-5121,7936,-17410,0,28159,0,1628
280,-43,49,-5121,8960,-13314,0,-20225,0,1627
298,-55,41,-7425,8704,-14082,0,7424,0,1629
328,-69,40,-7425,8704,-14082,0,17920,0,1629
271,-17,38,-6657,9728,-13058,0,-5376,0,1627
200,23,47,-7169,9216,-16898,0,21504,0,1628
177,38,37,-7169,9216,-16898,0,-9473,0,1629
226,46,14,-6145,10240,-16386,0,5887,0,1628
265,22,41,-4865,7936,-13826,0,-25601,0,1629
241,-27,24,-4865,7936,-13826,0,14848,0,1629
251,-62,43,-6401,8960,-16386,0,-3073,0,1628
298,-58,41,-7169,10240,-14850,0,-9985,0,1629
272,-79,64,-7169,10240,-14850,0,-14849,0,1628
263,-54,32,-7169,10240,-14850,0,-3073,0,1628
270,-13,48,-7937,9472,-17154,0,27647,0,1629
286,16,16,-6657,9472,-10754,0,-29185,0,1629
345,21,-6,-6657,9472,-10754,0,-15617,0,1628
251,17,9,-6145,9728,-15106,0,-13312,0,1627
216,31,19,-5121,8192,-16386,0,13312,0,1627
223,40,54,-5121,8192,-16386,0,-24321,0,1628
292,7,72,-6145,7424,-18178,0,5631,0,1631
264,-11,44,-7169,7936,-19714,0,19712,0,1628
223,-40,30,-7169,7936,-19714,0,-17664,0,1628
231,-62,14,-7425,7936,-14082,0,23040,0,1628
265,-42,-5,-7681,8192,-17666,0,-14849,0,1629
319,-40,32,-7681,8192,-17666,0,-17665,0,1628
261,-59,65,-7681,7168,-14338,0,27392,0,1630
263,-36,53,-7169,9472,-15618,0,-8193,0,1628
212,-5,54,-7169,9472,-15618,0,-30465,0,1627
298,10,24,-4865,8704,-13570,0,767,0,1628
319,22,34,-6401,7936,-18690,0,9216,0,1627
223,-1,32,-6401,7936,-18690,0,-28672,0,1627
183,17,25,-6401,7680,-15618,0,-10241,0,1627
274,12,2,-7425,7168,-17666,0,26111,0,1629
317,1,19,-7425,7168,-17666,0,-1537,0,1628
226,-25,20,-5633,7168,-16386,0,-15872,0,1629
279,-41,29,-6657,8448,-15874,0,-6401,0,1629
279,-16,55,-6657,8448,-15874,0,-769,0,1628
263,-24,16,-7169,7936,-16898,0,2560,0,1629
283,-32,10,-4609,8192,-13314,0,-12033,0,1629
294,-17,16,-4609,8192,-13314,0,-13313,0,1627
235,-22,36,-7425,7424,-17922,0,-6657,0,1628
255,-37,30,-7937,7168,-18946,0,-8449,0,1627
242,0,31,-5377,6400,-18178,0,9984,0,1627
226,6,29,-5377,6400,-18178,0,-17921,0,1628
261,18,6,-6145,8960,-12290,0,-1793,0,1628
248,-2,22,-6145,8960,-12290,0,22528,0,1628
227,-3,49,-6913,7936,-21506,0,2816,0,1629
271,-8,54,-8193,7680,-19202,0,-15361,0,1627
257,-4,28,-8193,7680,-19202,0,12544,0,1630
252,-39,20,-7681,9472,-17922,0,-257,0,1629
286,-30,-2,-7681,7168,-15874,0,16640,0,1628
246,-37,45,-7681,7168,-15874,0,-28161,0,1629
296,-25,39,-7681,7168,-15874,0,-2049,0,1628
237,-8,32,-7937,9216,-17666,0,19200,0,1628
230,-2,22,-6657,8960,-18178,0,-28161,0,1626
212,1,33,-6657,8960,-18178,0,-11265,0,1629
333,12,21,-6913,8960,-18690,0,-5633,0,1629
297,0,52,-6657,8960,-19714,0,-26624,0,1629
195,7,55,-6657,8960,-19714,0,23552,0,1629
283,1,29,-5633,9984,-14850,0,23039,0,1629
275,10,26,-7425,7424,-17922,0,19968,0,1628
310,-9,11,-7425,7424,-17922,0,18944,0,1629
196,-6,42,-5889,9216,-19458,0,-19456,0,1629
249,-49,8,-5121,7424,-16386,0,12543,0,1628
267,-47,31,-5121,7424,-16386,0,25855,0,1629
298,-50,13,-8193,9984,-16386,0,9984,0,1629
230,-57,39,-7169,9984,-19202,0,-27392,0,1627
267,-23,39,-7169,9984,-19202,0,-32512,0,1627
262,19,30,-7425,8448,-19202,0,-2049,0,1628
190,51,36,-6913,9728,-18178,0,30463,0,1629
281,18,9,-6913,9728,-18178,0,23806,0,1629
429,12,25,-5889,8704,-14338,0,2048,0,1629
150,7,34,-6657,7168,-18434,0,17409,0,1627
177,-44,48,-6657,7168,-18434,0,8448,0,1629
224,-49,37,-6657,8960,-15106,0,10751,0,1627
372,-7,21,-7169,9216,-14850,0,-6914,0,1628
251,-16,8,-7169,9216,-14850,0,-3584,0,1629
208,-16,18,-5889,10240,-16642,0,-9984,0,1628
199,19,40,-5633,10240,-13314,0,1792,0,1629
222,26,44,-5633,10240,-13314,0,3583,0,1627
230,-6,23,-7169,8960,-17922,0,30975,0,1628
328,-27,11,-6657,7936,-16130,0,23296,0,1628
251,-45,43,-6657,7936,-16130,0,-24064,0,1628
237,-24,22,-6401,8704,-17666,0,-2049,0,1629
244,-48,67,-6913,8960,-16898,0,-23298,0,1628
373,-24,55,-6913,8960,-16898,0,-4097,0,1629
260,-26,62,-6145,9472,-16386,0,-21504,0,1628
168,-1,35,-4865,10496,-14594,0,8192,0,1630
335,-14,16,-4865,10496,-14594,0,26110,0,1628
375,27,44,-8193,8704,-16642,0,-13824,0,1628
228,9,29,-6145,8704,-19458,0,-19967,0,1627
169,28,49,-6145,8704,-19458,0,-11520,0,1629
223,4,38,-6145,8704,-19458,0,-3074,0,1628
227,0,30,-5889,7680,-17154,0,30719,0,1629
224,-47,40,-5889,7680,-17154,0,27391,0,1628
278,-78,20,-7681,6912,-19458,0,15104,0,1627
338,-107,19,-7681,8960,-15362,0,8960,0,1628
278,-78,71,-6401,9984,-13570,0,-10496,0,1628
279,-3,70,-6401,9984,-13570,0,12544,0,1630
282,21,100,-6913,10752,-18690,0,7167,0,1627
312,53,62,-6913,9472,-16898,0,-24065,0,1628
309,15,32,-6913,9472,-16898,0,-1793,0,1627
205,-29,-3,-7169,6656,-19458,0,-14336,0,1631
244,-31,9,-5633,8704,-15874,0,-14849,0,1628
213,-7,39,-5633,8704,-15874,0,17920,0,1628
260,-34,38,-8193,8448,-16898,0,-4097,0,1629
219,-32,43,-7169,9728,-16130,0,14336,0,1629
277,-2,27,-7169,9728,-16130,0,14592,0,1628
203,12,34,-6913,8448,-16130,0,22784,0,1628
202,-12,5,-6913,6912,-16386,0,-7681,0,1627
315,-44,24,-6913,6912,-16386,0,-4866,0,1627
307,-60,65,-7681,7168,-17410,0,-10241,0,1628
290,-67,69,-6401,8448,-17154,0,-19968,0,1631
340,-40,59,-6401,8448,-17154,0,2560,0,1629
207,4,45,-7425,9728,-17922,0,29440,0,1629
237,12,26,-6401,8960,-18178,0,-27649,0,1629
242,33,35,-6401,8960,-18178,0,-25857,0,1629
288,-10,37,-7425,7936,-21250,0,-17921,0,1628
219,-19,47,-6657,7424,-19714,0,-512,0,1627
262,-42,41,-6657,7424,-19714,0,6400,0,1628
221,-37,40,-6657,7424,-19714,0,14080,0,1627
257,-66,35,-8705,8448,-15874,0,16639,0,1628
252,-64,16,-8705,8448,-15874,0,4864,0,1628
306,-41,57,-8705,8448,-15874,0,2048,0,1627
189,-15,81,-8449,9984,-17922,0,17408,0,1629
218,-33,56,-7169,9216,-17410,0,-9986,0,1628
277,-33,45,-7169,9216,-17410,0,-25858,0,1628
434,-59,36,-6401,8192,-11010,0,-14849,0,1629
380,-24,79,-6401,10496,-17666,0,-17919,0,1628
251,43,106,-6401,10496,-17666,0,-2048,0,1627
158,62,84,-6913,8960,-17922,0,-30465,0,1627
213,35,56,-8193,8448,-16130,0,-25090,0,1628
324,-10,21,-8193,8448,-16130,0,-31489,0,1627
219,-46,31,-9217,6656,-19458,0,-22784,0,1628
134,-41,17,-8449,6144,-18690,0,2561,0,1629
172,-75,9,-8449,6144,-18690,0,-31232,0,1628
205,-84,-2,-8449,8448,-12034,0,-19713,0,1627
379,-35,89,-8705,8960,-12546,0,26623,0,1628
351,-38,101,-8705,8960,-12546,0,-3328,0,1628
281,12,28,-8705,8704,-17154,0,-768,0,1628
235,38,-18,-7425,6912,-14082,0,-17409,0,1629
197,-14,-5,-8193,7168,-16898,0,18687,0,1628
349,-74,59,-8193,7168,-16898,0,-15363,0,1629
245,-56,127,-8449,7168,-19970,0,-2304,0,1629
207,-71,42,-10241,8704,-20226,0,25089,0,1629
187,-60,27,-10241,8704,-20226,0,-31488,0,1627
276,-4,2,-10753,7936,-20994,0,3584,0,1629
199,40,42,-7681,8448,-12802,0,-13057,0,1628
294,20,52,-7681,8448,-12802,0,-18434,0,1629
252,-9,45,-9473,8192,-17666,0,-13825,0,1628
257,-39,32,-8961,7680,-17666,0,16127,0,1628
246,-52,54,-8961,7680,-17666,0,-23041,0,1629
337,-73,32,-9729,7424,-16642,0,-25089,0,1630
233,-54,19,-8705,6912,-16898,0,-6144,0,1627
199,-13,14,-8705,6912,-16898,0,-17921,0,1626
220,23,59,-7937,8448,-18434,0,-514,0,1628
273,24,70,-8961,9728,-18178,0,-15106,0,1629
364,14,83,-7937,9984,-16898,0,-11777,0,1628
306,-5,14,-7937,9984,-16898,0,7937,0,1629
264,10,20,-7425,6144,-17922,0,2560,0,1629
264,29,4,-7425,6144,-17922,0,4096,0,1629
346,33,47,-7425,6144,-17922,0,-2305,0,1628
471,-109,74,-9473,8192,-20226,0,31745,0,1629
158,-22,46,-9473,8192,-20226,0,12800,0,1628
181,-44,37,-9473,8192,-20226,0,23039,0,1629
204,-71,17,-9729,9216,-16642,0,2303,0,1627
216,-86,-9,-8705,9984,-15618,0,5375,0,1628
364,-153,-9,-8705,9984,-15618,0,23295,0,1628
311,-45,66,-12033,9984,-15106,0,-3327,0,1629
274,22,47,-10497,11264,-13570,0,24577,0,1628
268,93,48,-10497,11264,-13570,0,767,0,1629
202,68,57,-8449,13312,-11522,0,-2050,0,1628
144,14,37,-8193,8704,-14338,0,-31233,0,1628
295,-66,13,-8193,8704,-14338,0,-24835,0,1628
511,-66,30,-9729,6656,-17666,0,25854,0,1628
341,-79,112,-11009,9216,-18434,0,4610,0,1628
303,-42,50,-11009,9216,-18434,0,5890,0,1629
207,55,60,-8193,11008,-10754,0,25856,0,1628
208,66,34,-7425,11520,-10242,0,-6145,0,1628
159,54,49,-7425,11520,-10242,0,13823,0,1628
248,14,14,-7425,11520,-10242,0,24318,0,1627
180,-3,38,-7169,7680,-17922,0,26623,0,1629
193,-3,30,-7169,7680,-17922,0,-16129,0,1628
362,-75,-10,-7169,6656,-17666,0,31487,0,1628
391,-42,19,-7681,8448,-15618,0,-24064,0,1629
306,-16,46,-5889,11264,-14082,0,-21759,0,1629
223,57,67,-5889,11264,-14082,0,24832,0,1627
210,63,64,-5121,11264,-13570,0,11263,0,1627
297,15,68,-6145,9216,-18178,0,1790,0,1628
371,1,56,-6145,9216,-18178,0,-19969,0,1628
197,-22,75,-6145,8192,-18434,0,-5888,0,1629
211,-60,20,-5889,11008,-13314,0,-10241,0,1629
269,-40,43,-5889,11008,-13314,0,-28672,0,1628
218,-26,38,-6401,10240,-12546,0,2049,0,1629
153,-15,48,-7937,12544,-14594,0,19456,0,1628
186,-4,31,-7937,12544,-14594,0,6911,0,1629
227,-27,16,-7681,10752,-14338,0,-1027,0,1628
287,-28,26,-7937,9728,-15106,0,-14850,0,1628
391,-44,22,-7937,9728,-15106,0,5888,0,1627
352,1,56,-7937,9728,-15106,0,26881,0,1627
344,53,80,-5633,9216,-14850,0,21248,0,1627
403,57,123,-5633,9216,-14850,0,32512,0,1628
264,48,65,-5633,9216,-14850,0,5633,0,1631
171,27,70,-5633,7680,-19458,0,-28416,0,1631
159,-13,42,-5633,6912,-17666,0,-30465,0,1629
191,-43,15,-6657,6912,-17666,0,30718,0,1627
227,-64,5,-8705,8192,-13570,0,-28161,0,1629
231,-113,8,-10497,11520,-14082,0,-22272,0,1628
264,-151,-8,-10497,11520,-14082,0,12801,0,1627
359,-19,35,-9217,9728,-13826,0,-17664,0,1631
283,95,95,-6657,13312,-13826,0,7936,0,1629
255,114,69,-6657,13312,-13826,0,25599,0,1628
215,37,22,-4097,9728,-15618,0,27903,0,1630
255,6,35,-5889,8704,-16642,0,23551,0,1628
336,-14,52,-5889,8704,-16642,0,18431,0,1629
325,-65,24,-5889,6400,-15618,0,-3073,0,1629
278,-64,56,-7425,9216,-17154,0,-16128,0,1629
248,-52,59,-7425,9216,-17154,0,4609,0,1628
239,-27,30,-7425,9216,-17154,0,-12288,0,1627
250,2,41,-7169,10496,-11010,0,5632,0,1629
233,19,53,-7169,10496,-11010,0,-10241,0,1628
216,24,49,-5633,9728,-15106,0,-17409,0,1629
199,-10,36,-5377,8704,-13570,0,-18177,0,1629
258,-53,20,-6401,9728,-9986,0,16127,0,1628
281,-77,31,-6401,9728,-9986,0,3072,0,1629
306,-65,47,-8449,9728,-13826,0,12544,0,1629
241,-13,46,-6657,10752,-13826,0,20480,0,1629
280,-3,49,-6657,10752,-13826,0,-22273,0,1628
289,11,40,-5377,9472,-16898,0,-9217,0,1627
281,21,44,-6913,9472,-17154,0,-9217,0,1628
276,-18,43,-6913,9472,-17154,0,768,0,1629
256,-28,32,-7169,8704,-17922,0,18176,0,1628
239,-48,46,-7425,9728,-16642,0,3840,0,1629
235,-43,29,-7425,9728,-16642,0,-15105,0,1628
233,-36,23,-5633,11008,-11010,0,-11009,0,1628
271,-36,24,-7425,10240,-17154,0,-17921,0,1629
223,-19,36,-7425,10240,-17154,0,-513,0,1627
258,-14,46,-7937,10240,-13058,0,-11521,0,1628
236,8,46,-7681,11008,-16386,0,-13825,0,1629
271,3,43,-7681,11008,-16386,0,-16385,0,1628
293,5,59,-7681,11008,-16386,0,-25089,0,1628
293,3,31,-6145,9728,-15874,0,256,0,1628
310,-7,47,-6145,9728,-15874,0,-2305,0,1629
221,-7,43,-5889,9984,-13314,0,9216,0,1628
235,-38,40,-7681,9984,-16386,0,-26369,0,1627
258,-26,51,-7681,9984,-16386,0,24831,0,1629
311,-36,27,-7681,9984,-16386,0,-3073,0,1628
229,-31,35,-7425,11008,-15874,0,-28416,0,1627
235,-23,31,-7425,8704,-15618,0,-3329,0,1628
228,19,35,-7425,8704,-15618,0,29183,0,1628
279,-3,31,-7169,9472,-17410,0,-3330,0,1629
310,16,25,-6657,10752,-13826,0,18176,0,1629
272,26,50,-6657,10752,-13826,0,-27648,0,1629
174,14,47,-6913,10240,-16130,0,25856,0,1627
236,-20,26,-5121,10752,-11266,0,-30721,0,1628
336,-29,47,-5121,10752,-11266,0,-4866,0,1628
311,-14,47,-6913,9472,-13570,0,-23808,0,1629
213,-19,65,-7681,9728,-15362,0,15104,0,1628
234,5,41,-7681,9728,-15362,0,-19969,0,1629
300,-17,26,-5889,9984,-13570,0,-4098,0,1631
258,17,36,-8193,10240,-13826,0,6144,0,1628
250,21,31,-8193,10240,-13826,0,12032,0,1629
225,17,40,-8193,10240,-13826,0,19200,0,1630
248,27,15,-3841,11776,-10498,0,24831,0,1628
323,13,35,-3841,10240,-16898,0,-22785,0,1627
288,1,41,-5377,10240,-16898,0,-32256,0,1628
250,-3,34,-6913,10496,-13826,0,4352,0,1628
269,-20,32,-5889,9728,-14850,0,-15105,0,1627
309,-32,39,-5889,9728,-14850,0,-21761,0,1629
275,-17,59,-6401,11008,-15106,0,24576,0,1628
238,-6,39,-5377,12544,-10242,0,4096,0,1629
223,6,26,-5377,12544,-10242,0,-769,0,1628
268,0,22,-6913,11008,-14850,0,19967,0,1627
280,11,28,-4353,13056,-8706,0,2304,0,1628
243,22,23,-4353,13056,-8706,0,22528,0,1628
219,21,24,-5121,11776,-14594,0,10752,0,1628
255,-5,22,-5377,11520,-15362,0,31487,0,1631
314,9,40,-5377,11520,-15362,0,-9985,0,1628
277,-18,38,-5121,9472,-14082,0,30208,0,1629
253,-11,27,-5633,10752,-14082,0,-31488,0,1627
258,-28,45,-5633,10752,-14082,0,-14337,0,1627
258,-37,48,-5377,9728,-14082,0,7936,0,1627
254,-13,42,-5377,12800,-14850,0,30976,0,1627
220,-3,38,-5377,12800,-14850,0,6144,0,1627
257,-6,26,-5377,12800,-14850,0,27135,0,1628
296,-17,19,-5121,9472,-15874,0,-17921,0,1628
237,-33,45,-5121,9472,-15874,0,20992,0,1629
236,-11,31,-5121,9472,-15874,0,-2817,0,1629
282,-2,29,-5377,10240,-14850,0,-30209,0,1628
284,6,30,-5633,9984,-13570,0,12800,0,1628
237,-4,28,-5633,9984,-13570,0,24576,0,1628
259,2,40,-5633,9472,-16898,0,-5889,0,1627
251,2,53,-5377,11008,-10498,0,-2561,0,1628
266,-16,36,-5377,11008,-10498,0,12800,0,1628
273,-19,46,-3073,12032,-11522,0,6400,0,1629
256,-36,32,-5889,9984,-17154,0,768,0,1628
248,-42,32,-5889,9984,-17154,0,-20993,0,1628
273,-39,33,-5889,10496,-12290,0,5888,0,1628
248,-31,31,-6145,10240,-13570,0,9728,0,1629
239,-1,27,-6145,10240,-13570,0,-19969,0,1628
296,7,33,-4609,11264,-15618,0,-17409,0,1628
245,17,35,-5377,9216,-16642,0,16384,0,1625
221,24,34,-5377,9216,-16642,0,15872,0,1626
225,4,35,-4097,10752,-11778,0,13568,0,1628
248,-5,39,-3585,9472,-13570,0,-21505,0,1628
280,2,50,-3585,9472,-13570,0,5120,0,1628
251,-25,62,-5633,11008,-16898,0,-8449,0,1628
255,-28,46,-5889,9728,-16386,0,-23809,0,1629
425,-20,36,-5889,9728,-16386,0,4864,0,1629
275,-6,68,-4353,10240,-13826,0,-14847,0,1628
192,16,26,-5633,11264,-18434,0,-8192,0,1627
189,25,50,-5633,11264,-18434,0,-16129,0,1629
262,-3,35,-3329,9216,-13314,0,-27394,0,1627
314,-20,42,-5121,8704,-17410,0,3583,0,1627
278,-56,18,-5121,8704,-17410,0,-23040,0,1629
240,-86,-2,-6401,9984,-13058,0,-15616,0,1628
253,-90,25,-7169,9984,-13058,0,23296,0,1628
286,-26,64,-4097,12544,-13058,0,-23553,0,1629
261,36,97,-4097,12544,-13058,0,6656,0,1629
214,42,52,-3841,12288,-15362,0,-8705,0,1629
223,43,37,-3585,9472,-13826,0,-27649,0,1630
333,-49,34,-3585,9472,-13826,0,-14082,0,1628
280,-32,89,-5121,8960,-17410,0,16129,0,1628
300,-72,62,-5121,11264,-17154,0,-29440,0,1629
159,-26,106,-5121,11264,-17154,0,26880,0,1628
332,-11,21,-5377,11264,-17922,0,29183,0,1627
276,11,80,-4353,12288,-14082,0,-9217,0,1630
223,-9,59,-4353,12288,-14082,0,29952,0,1628
221,-16,70,-2817,9984,-16130,0,768,0,1628
249,-46,36,-6401,9728,-16642,0,-11265,0,1628
262,-67,54,-4609,9984,-13570,0,-32257,0,1629
287,-41,37,-4609,9984,-13570,0,5120,0,1628
267,-34,98,-7169,11008,-16898,0,29183,0,1629
254,-4,74,-6401,9984,-17154,0,-4353,0,1628
228,5,38,-6401,9984,-17154,0,-5889,0,1628
297,-9,47,-5377,9216,-13570,0,-12289,0,1628
247,-12,46,-3329,10496,-10498,0,-27392,0,1629
247,-4,44,-3329,10496,-10498,0,3072,0,1628
199,3,80,-4609,9984,-16386,0,21503,0,1628
292,-43,61,-4097,11264,-10498,0,-9730,0,1628
289,-35,65,-4097,11264,-10498,0,2304,0,1629
316,-70,63,-6913,10752,-15362,0,-1537,0,1628
289,-17,86,-5121,9216,-15362,0,-10240,0,1628
257,11,62,-5121,9216,-15362,0,17152,0,1629
275,34,94,-4353,10752,-15618,0,-769,0,1628
232,46,58,-4353,9728,-17666,0,768,0,1628
243,10,44,-4353,9728,-17666,0,1024,0,1629
230,-26,21,-5889,8448,-15618,0,3072,0,1628
208,-50,16,-5121,10496,-15106,0,32767,0,1629
247,-81,54,-5121,10496,-15106,0,26367,0,1628
311,-72,63,-6401,9984,-12290,0,-29696,0,1628
256,-39,65,-3841,12288,-11266,0,-22016,0,1628
246,8,39,-3841,12288,-11266,0,-10497,0,1629
404,45,62,-3841,9472,-15362,0,11519,0,1629
317,31,95,-5121,10752,-16898,0,-18176,0,1627
219,22,55,-3073,9728,-15362,0,-25600,0,1629
241,-4,59,-3073,9728,-15362,0,4352,0,1627
223,-8,41,-5121,8960,-20738,0,-28928,0,1628
288,-28,51,-5633,8192,-18946,0,1024,0,1627
268,-46,85,-5633,8192,-18946,0,14848,0,1628
186,-52,56,-7937,9728,-20994,0,-22528,0,1629
193,-57,30,-5377,9216,-17410,0,-9472,0,1628
220,-81,19,-5377,9216,-17410,0,17919,0,1629
341,-53,30,-6657,8960,-16130,0,5887,0,1629
337,-21,75,-7169,10240,-18178,0,-24064,0,1627
214,-17,50,-7169,10240,-18178,0,-17920,0,1628
249,-6,34,-5377,9472,-19458,0,0,0,1627
274,10,67,-3329,10240,-14850,0,-15361,0,1628
308,9,78,-3329,10240,-14850,0,-11009,0,1629
222,-22,54,-5121,8704,-18434,0,-9217,0,1628
259,-54,22,-6145,7936,-19714,0,4096,0,1628
255,-66,39,-6145,7936,-19714,0,-11264,0,1628
183,-37,51,-4353,9728,-19714,0,8193,0,1629
182,-56,46,-5633,9216,-21250,0,20223,0,1629
222,-37,43,-5633,9216,-21250,0,-13826,0,1629
300,-60,25,-5889,8704,-20994,0,1791,0,1628
301,-55,28,-6401,8448,-17666,0,-13568,0,1627
256,-62,46,-6401,8448,-17666,0,-20480,0,1627
258,-29,84,-6401,8448,-17666,0,27903,0,1629
272,12,45,-4609,9984,-19458,0,-8193,0,1628
296,-3,11,-4865,8704,-19202,0,-770,0,1628
316,-28,43,-4865,8704,-19202,0,25087,0,1628
342,-40,87,-5889,7424,-22530,0,11008,0,1628
301,-44,119,-7425,10496,-20738,0,-5120,0,1628
202,-27,40,-7425,10496,-20738,0,-10752,0,1628
174,-12,-1,-5633,8448,-19202,0,-12545,0,1628
195,-27,-12,-6145,8704,-18178,0,30975,0,1628
302,-17,31,-6145,8704,-18178,0,-5633,0,1629
269,-37,3,-7425,8192,-22018,0,-18688,0,1628
134,-46,65,-6401,8192,-22018,0,-25344,0,1628
280,-51,31,-6401,8192,-22018,0,11007,0,1629
295,-58,74,-6401,6144,-19970,0,-8962,0,1628
288,-88,20,-6913,7680,-18434,0,1536,0,1628
287,-42,19,-6913,7680,-18434,0,-26880,0,1628
275,-20,64,-5633,8704,-19202,0,-3841,0,1630
265,30,82,-4353,9472,-20226,0,9984,0,1628
290,25,79,-4097,7168,-22018,0,9216,0,1629
233,21,58,-4097,7168,-22018,0,-22784,0,1627
257,16,84,-5377,5376,-23554,0,-9473,0,1627
255,-42,64,-5377,6144,-21506,0,21759,0,1629
283,-102,66,-5377,6144,-21506,0,-17921,0,1628
284,-140,46,-8193,6912,-22018,0,31744,0,1627
185,-104,52,-8705,6912,-19970,0,30208,0,1628
264,-67,25,-8705,6912,-19970,0,27903,0,1629
243,-1,55,-7681,9216,-18946,0,-4097,0,1629
265,22,53,-6401,9984,-19714,0,18176,0,1628
216,46,65,-6401,9984,-19714,0,-24064,0,1629
262,47,34,-5889,8192,-21250,0,-9473,0,1628
252,3,65,-4865,6912,-20226,0,3328,0,1629
283,-62,57,-4865,6912,-20226,0,30207,0,1629
296,-83,44,-5889,6656,-16898,0,-25089,0,1628
330,-116,60,-7169,7680,-22018,0,-6145,0,1628
255,-118,46,-7169,7680,-22018,0,-25344,0,1628
241,-86,38,-7425,9728,-19458,0,24576,0,1629
256,-48,67,-6145,10496,-15874,0,28159,0,1628
232,-10,62,-6145,10496,-15874,0,-3841,0,1628
266,18,54,-5889,8960,-18690,0,-8449,0,1629
238,34,58,-5377,7680,-21762,0,30464,0,1629
211,33,22,-3329,7424,-19458,0,13824,0,1628
233,3,33,-3329,7424,-19458,0,-24577,0,1628
300,-41,38,-6145,6144,-22786,0,23551,0,1629
295,-62,49,-7425,7936,-20226,0,-7681,0,1630
271,-106,79,-7425,7936,-20226,0,29184,0,1628
241,-116,61,-6913,8448,-16642,0,25600,0,1628
288,-87,61,-7169,9216,-20482,0,-3585,0,1626
287,-29,68,-7169,9216,-20482,0,4096,0,1628
254,-13,58,-4609,9216,-15618,0,1792,0,1628
264,-6,44,-5377,8192,-16642,0,27391,0,1630
264,4,45,-5377,8192,-16642,0,2816,0,1629
248,-21,52,-6913,6912,-20226,0,31232,0,1627
210,-23,49,-5121,7424,-20482,0,6912,0,1629
249,-18,39,-5121,7424,-20482,0,-19969,0,1627
261,-35,35,-7425,7680,-22018,0,-14849,0,1628
247,-63,58,-8449,6912,-20482,0,7680,0,1628
247,-88,49,-8449,6912,-20482,0,19712,0,1628
266,-89,47,-7425,7168,-19970,0,3584,0,1629
267,-82,86,-6145,9472,-19714,0,-7681,0,1628
277,-35,51,-6145,9472,-19714,0,-6401,0,1629
266,-13,40,-5121,9472,-16642,0,-24065,0,1629
290,-22,42,-6657,7936,-19458,0,13311,0,1627
308,-31,87,-6657,7936,-19458,0,-25857,0,1629
297,-58,81,-7681,7168,-20226,0,4352,0,1628
255,-29,63,-6145,9216,-18178,0,-30976,0,1628
197,-15,56,-6145,9216,-18178,0,26112,0,1628
208,6,13,-6145,9216,-18178,0,-4865,0,1629
210,-11,19,-5889,7424,-20738,0,-26369,0,1628
237,-34,20,-7681,6400,-21762,0,-19969,0,1629
260,-71,58,-7681,6400,-21762,0,-1793,0,1628
275,-78,92,-7169,7680,-19970,0,21504,0,1629
253,-99,86,-5889,8960,-15362,0,8704,0,1629
262,-59,20,-5889,8960,-15362,0,-10241,0,1629
302,-18,35,-6401,8448,-18690,0,20479,0,1627
325,-22,55,-6401,5888,-18690,0,-29441,0,1627
317,-41,37,-6401,5888,-18690,0,32000,0,1629
254,-21,33,-6657,7680,-18946,0,-22784,0,1629
274,8,44,-5377,8192,-15106,0,-12289,0,1628
218,16,55,-5377,8192,-15106,0,12288,0,1628
221,-24,60,-7681,6656,-22018,0,-769,0,1629
221,-35,38,-8193,7680,-22786,0,-7681,0,1628
231,-51,35,-8193,7680,-22786,0,13312,0,1628
237,-89,19,-7169,5120,-20226,0,16640,0,1628
230,-99,22,-8449,6400,-18690,0,16640,0,1627
230,-74,28,-8449,6400,-18690,0,14336,0,1630
286,-65,42,-7425,7680,-19970,0,20479,0,1628
283,-43,37,-7425,7424,-19970,0,30207,0,1628
297,-44,30,-7425,7424,-19970,0,31999,0,1629
235,-44,45,-7681,7424,-20226,0,1280,0,1629
330,-49,39,-7681,8192,-14338,0,13567,0,1629
277,-18,43,-7425,7936,-19714,0,5120,0,1628
254,-7,28,-7425,7936,-19714,0,8704,0,1625
195,-9,7,-7425,7168,-14594,0,18944,0,1628
272,-36,4,-7425,7168,-14594,0,-31489,0,1629
248,-32,27,-8193,6144,-19714,0,27392,0,1627
238,-41,37,-8961,6656,-16642,0,-32000,0,1629
217,-67,65,-7937,7424,-18434,0,-8449,0,1628
237,-66,36,-7937,7424,-18434,0,-12545,0,1627
263,-70,23,-9985,8192,-20482,0,-16641,0,1628
277,-84,12,-10241,6656,-18434,0,1792,0,1629
216,-52,-5,-10241,6656,-18434,0,5632,0,1627
234,-52,15,-11009,7680,-16130,0,-17922,0,1627
309,-23,48,-11009,7424,-20226,0,22527,0,1629
288,-41,32,-11009,7424,-20226,0,24832,0,1628
248,-35,31,-8961,8704,-17666,0,2816,0,1629
272,0,19,-8449,9728,-18178,0,-7937,0,1629
282,42,58,-8449,9728,-18178,0,-8961,0,1629
253,17,62,-9729,6144,-20226,0,-5889,0,1628
257,-25,2,-9729,7168,-17666,0,-9985,0,1629
247,-65,31,-9729,7168,-17666,0,2048,0,1628
245,-67,15,-11009,6912,-19714,0,25344,0,1628
222,-85,50,-9985,7680,-17922,0,-6913,0,1628
218,-82,57,-9985,7680,-17922,0,-7937,0,1628
294,-55,33,-9985,7680,-17922,0,7936,0,1628
249,-42,33,-9729,8448,-18434,0,29184,0,1631
258,-21,68,-9729,8448,-18434,0,-15617,0,1629
236,11,93,-9729,8448,-18434,0,-27649,0,1627
294,-19,73,-10753,9216,-18946,0,18943,0,1629
263,-45,57,-11009,6144,-17922,0,-31489,0,1629
313,-58,11,-11009,6144,-17922,0,-6145,0,1627
319,-33,53,-11009,7168,-18434,0,8192,0,1628
206,-24,52,-9985,8192,-17154,0,-30208,0,1631
227,-14,58,-9985,8192,-17154,0,-17409,0,1629
234,-22,62,-8705,9984,-15362,0,20735,0,1628
281,-34,50,-11777,9216,-17666,0,4096,0,1628
252,-24,42,-11777,9216,-17666,0,-24832,0,1628
195,-29,28,-9985,6656,-17922,0,-10753,0,1626
227,-19,23,-11265,7424,-17922,0,-26369,0,1628
306,-62,40,-11009,6144,-18434,0,25343,0,1629
254,-63,50,-11009,6144,-18434,0,32512,0,1629
285,-74,60,-10497,8960,-12802,0,-17409,0,1629
234,-47,27,-11777,8704,-18178,0,26367,0,1628
326,-38,21,-11777,8704,-18178,0,-3586,0,1628
270,-26,33,-12545,6912,-14338,0,-257,0,1628
268,-8,33,-11521,6144,-17922,0,-3585,0,1627
198,7,48,-11521,6144,-17922,0,30719,0,1629
345,27,34,-11521,6912,-15618,0,-10498,0,1627
308,29,70,-9729,7680,-11522,0,23296,0,1630
271,3,30,-9729,7680,-11522,0,-12544,0,1629
212,8,33,-10497,8960,-18434,0,-16128,0,1628
268,-10,32,-10497,7936,-12546,0,-22529,0,1629
254,5,54,-10497,5888,-18434,0,8960,0,1627
236,-16,56,-12289,5888,-18434,0,2816,0,1628
201,-51,78,-10753,7424,-15874,0,-12289,0,1628
281,-71,12,-13825,5888,-16386,0,512,0,1627
244,-59,40,-13825,5888,-16386,0,-29696,0,1628
218,-44,40,-12033,7424,-15618,0,-11777,0,1627
245,4,57,-12033,10240,-13570,0,5119,0,1629
327,-2,53,-12033,10240,-13570,0,-13570,0,1629
306,-18,41,-13057,9216,-17154,0,20480,0,1628
283,-2,39,-11009,9984,-17154,0,-25600,0,1628
284,20,59,-11009,9984,-17154,0,2560,0,1628
283,37,49,-11265,7936,-17410,0,-10753,0,1629
261,16,50,-10497,7680,-14082,0,-22273,0,1628
247,-7,30,-10497,7680,-14082,0,11264,0,1628
277,-38,32,-9985,8192,-13570,0,14592,0,1629
220,-41,26,-11009,7936,-14338,0,-24576,0,1627
205,-61,51,-12801,8960,-17666,0,-1025,0,1628
217,-52,41,-12801,8960,-17666,0,-12289,0,1628
277,-41,34,-12801,9472,-17666,0,17151,0,1629
259,-24,31,-13313,8448,-18434,0,-4097,0,1628
300,-35,25,-13313,8448,-18434,0,-257,0,1630
274,4,61,-12033,7936,-15362,0,11776,0,1627
270,26,61,-12545,9984,-16130,0,-11265,0,1628
252,18,46,-12545,9984,-16130,0,-28417,0,1628
313,5,6,-11777,8192,-16642,0,30463,0,1627
242,-10,21,-13057,8448,-14594,0,8960,0,1629
275,-33,27,-13057,8448,-14594,0,-3073,0,1628
256,-22,64,-12033,8960,-11778,0,11264,0,1629
266,-47,37,-11521,7936,-13570,0,8704,0,1628
193,-9,27,-11009,9216,-14594,0,17152,0,1628
242,-19,27,-11009,9216,-14594,0,10751,0,1627
271,5,34,-12289,9472,-15362,0,-14337,0,1628
274,-1,37,-14337,7680,-28418,0,-32256,0,1628
227,10,42,-14337,7680,-28418,0,25344,0,1629
220,2,22,-13313,7424,-22274,0,-26113,0,1629
274,-7,27,-11777,8704,-15362,0,7935,0,1628
283,-23,34,-11777,8704,-15362,0,-2305,0,1628
269,-56,50,-10241,9984,-9218,0,17920,0,1629
260,-25,16,-7937,10496,-6658,0,6656,0,1628
297,-3,41,-7937,10496,-6658,0,-8705,0,1628
227,0,31,-9729,10752,-12546,0,11008,0,1627
239,9,39,-9217,9472,-15874,0,-30977,0,1628
264,3,36,-9217,9472,-15874,0,-11521,0,1631
279,-30,17,-9985,8960,-12290,0,-2305,0,1628
257,-16,25,-11009,9984,-16642,0,13824,0,1629
255,-20,51,-11009,9984,-16642,0,-9217,0,1628
230,-12,31,-10753,9728,-14850,0,-8961,0,1627
272,-33,45,-11265,8960,-16130,0,-23041,0,1630
236,-3,32,-11009,9984,-16898,0,18432,0,1627
258,-7,42,-11009,9984,-16898,0,24831,0,1627
287,5,20,-8705,10240,-12034,0,-5889,0,1628
274,9,26,-11009,9984,-17154,0,13568,0,1628
241,9,42,-11009,9984,-17154,0,21760,0,1628
242,-10,31,-10753,8448,-15618,0,-2305,0,1628
244,-1,57,-8705,12032,-11266,0,-14337,0,1628
305,-26,56,-8705,12032,-11266,0,29183,0,1628
251,-24,33,-10241,8960,-15362,0,22784,0,1628
292,-45,33,-10497,11264,-14594,0,31231,0,1628
273,-2,43,-10497,11264,-14594,0,5376,0,1629
341,9,56,-11009,8704,-14082,0,-15361,0,1628
272,22,61,-10241,8704,-16386,0,-4608,0,1628
187,22,40,-10241,8704,-16386,0,-22016,0,1629
185,37,31,-9473,9216,-15362,0,-21505,0,1628
236,-2,23,-7937,6912,-13570,0,-3586,0,1628
307,-12,48,-7937,6912,-13570,0,-22529,0,1626
279,-39,56,-9473,9472,-11010,0,-29696,0,1628
210,-46,45,-8705,10240,-16130,0,-30208,0,1628
249,-35,34,-8449,9728,-13058,0,-13569,0,1629
305,-14,61,-8449,9728,-13058,0,-26625,0,1629
299,13,49,-9473,9728,-14594,0,14848,0,1627
279,27,73,-6913,9984,-14082,0,3072,0,1629
281,33,53,-6913,9984,-14082,0,768,0,1629
226,7,41,-7681,9216,-16898,0,17408,0,1628
204,-25,63,-6401,8960,-17410,0,-5377,0,1629
238,-50,51,-6401,8960,-17410,0,25087,0,1627
303,-61,62,-8193,9728,-15362,0,-8705,0,1627
284,-48,54,-10497,9984,-15618,0,-21504,0,1628
220,-27,41,-10497,9984,-15618,0,13568,0,1628
227,-5,33,-8449,11008,-13314,0,16127,0,1629
292,0,35,-8705,9984,-14850,0,13311,0,1629
294,5,65,-8705,9984,-14850,0,2048,0,1629
242,9,51,-7937,12800,-14594,0,26624,0,1628
306,12,25,-6401,10240,-11778,0,-1025,0,1627
254,15,59,-6401,10240,-11778,0,23040,0,1629
257,-20,63,-8193,10240,-14082,0,6656,0,1629
290,-29,63,-7681,9216,-15618,0,3072,0,1628
386,-30,62,-7681,9216,-15618,0,-5632,0,1627
337,-30,62,-6657,10240,-13826,0,-17151,0,1628
155,2,52,-7425,9984,-14082,0,-21759,0,1629
127,-20,40,-7425,9984,-14082,0,-12289,0,1629
143,-29,18,-7425,9984,-14082,0,-7426,0,1628
190,-63,13,-9985,7168,-15362,0,18430,0,1629
204,-69,10,-10497,8704,-16386,0,-9218,0,1628
303,-116,20,-10497,8704,-16386,0,-14082,0,1627
507,-25,107,-11009,10240,-15618,0,7681,0,1628
309,38,81,-6913,12544,-16130,0,-29182,0,1628
262,105,37,-6913,12544,-16130,0,16896,0,1627
323,140,40,-5889,11264,-11522,0,-13314,0,1628
410,50,64,-5121,6656,-12034,0,-17920,0,1627
248,-46,51,-5121,6656,-12034,0,7169,0,1627
150,-68,47,-8193,4096,-19970,0,19712,0,1628
155,-104,1,-8961,3840,-17666,0,-8192,0,1627
130,-118,-6,-8961,3840,-17666,0,-31743,0,1629
78,-130,1,-8449,7936,-8450,0,-4351,0,1628
101,-144,13,-10497,9984,-12290,0,25600,0,1629
265,-78,56,-9473,11008,-15618,0,-18180,0,1628
402,1,97,-9473,11008,-15618,0,2303,0,1627
294,41,87,-8193,11264,-17922,0,10752,0,1628
348,91,22,-5121,10496,-12546,0,-1,0,1627
301,64,28,-5121,10496,-12546,0,12798,0,1628
400,-5,46,-6657,8192,-18434,0,-18178,0,1628
495,-78,93,-7681,7424,-16898,0,-513,0,1627
295,-144,185,-7681,7424,-16898,0,-4096,0,1627
167,-64,82,-6913,10752,-13314,0,27393,0,1629
141,0,85,-6401,11776,-9986,0,1,0,1628
114,18,44,-6401,11776,-9986,0,1793,0,1629
97,36,16,-7425,10752,-11522,0,-5888,0,1629
87,44,27,-6145,5888,-13314,0,-13824,0,1628
102,40,2,-6145,5888,-13314,0,-4353,0,1629
156,-33,-38,-6145,2304,-11522,0,19454,0,1627
451,-77,-38,-6401,1280,-12546,0,13821,0,1629
385,-122,18,-6401,1280,-12546,0,1022,0,1628
511,-127,223,-7169,4352,-13058,0,29695,0,1627
511,-53,73,-5633,7168,-16898,0,-256,0,1628
505,30,13,-5633,7168,-16898,0,0,0,1629
394,79,57,-3585,6656,-14082,0,768,0,1629
88,103,32,-3329,6656,-13058,0,13823,0,1631
124,17,103,-3329,6656,-13058,0,-26369,0,1628
84,7,81,-2817,7680,-14082,0,-8705,0,1629
100,-2,55,-4865,6656,-16130,0,16127,0,1627
208,8,16,-4865,6656,-16130,0,-19457,0,1628
200,-33,31,-4865,4352,-20226,0,25601,0,1628
124,-48,33,-3073,4864,-15618,0,-17919,0,1628
118,7,42,-3073,4864,-15618,0,-12032,0,1629
254,41,34,-3585,5888,-14082,0,24063,0,1629
349,-21,22,-4353,5120,-15618,0,-16642,0,1629
316,-75,61,-4353,5120,-15618,0,-24833,0,1627
348,-160,50,-5121,6656,-12034,0,13823,0,1628
438,-99,36,-5633,7680,-7938,0,-28930,0,1628
393,-35,59,-5633,7680,-7938,0,5120,0,1628
273,-3,60,-6145,8704,-13058,0,-8704,0,1628
197,42,75,-2817,9728,-15362,0,-23040,0,1630
181,84,80,-2817,9728,-15362,0,24319,0,1627
162,67,67,0,9984,-14338,0,7423,0,1628
195,26,84,-513,8448,-17666,0,12799,0,1629
247,12,92,-513,8448,-17666,0,-8449,0,1629
284,-15,90,-3841,6400,-20994,0,-17152,0,1628
261,-78,88,-4609,7168,-14850,0,-23808,0,1629
238,-117,61,-4609,7168,-14850,0,4352,0,1630
267,-134,47,-4097,7680,-11266,0,12288,0,1628
298,-83,27,-5121,9216,-11522,0,11520,0,1628
280,-24,47,-5121,9216,-11522,0,20736,0,1628
277,-23,32,-5633,8448,-14338,0,-23297,0,1628
250,14,43,-5889,8192,-14594,0,-24321,0,1628
270,44,52,-3585,9216,-16386,0,-31745,0,1629
187,27,53,-3585,9216,-16386,0,1536,0,1628
170,1,41,-5121,6400,-18178,0,-22017,0,1628
198,-19,20,-6913,5376,-14850,0,-6914,0,1629
335,-73,-22,-6913,5376,-14850,0,-28418,0,1628
387,-112,-48,-8193,6400,-14594,0,16640,0,1628
364,-95,-18,-6913,8192,-14338,0,-25599,0,1629
363,31,42,-6913,8192,-14338,0,22017,0,1630
284,84,69,-6401,8704,-15106,0,-26880,0,1629
175,79,54,-2817,7424,-12290,0,-13825,0,1628
212,33,42,-2817,7424,-12290,0,-9729,0,1629
148,30,8,-4097,256,-19202,0,-4609,0,1629
209,-21,29,-6145,1792,-21762,0,32511,0,1627
218,-63,30,-6145,1792,-21762,0,26367,0,1628
166,-103,27,-7425,3584,-19714,0,-23040,0,1627
243,-155,9,-7681,6656,-15106,0,-23296,0,1628
260,-133,79,-7681,6656,-15106,0,14848,0,1629
331,-35,127,-7681,10496,-15362,0,-6401,0,1629
342,30,142,-6913,13056,-16642,0,-6401,0,1628
357,132,45,-4609,11008,-18946,0,-11777,0,1627
236,135,25,-4609,11008,-18946,0,-5378,0,1628
253,46,55,-2817,7936,-14850,0,-14850,0,1629
269,20,43,-5121,4096,-20994,0,30463,0,1628
285,-35,50,-5121,4096,-20994,0,30720,0,1629
249,-87,57,-5633,4096,-16642,0,20481,0,1628
217,-136,29,-7681,6912,-17410,0,-5120,0,1629
196,-112,44,-7681,6912,-17410,0,-3328,0,1628
228,-108,30,-8961,10752,-15106,0,-31488,0,1628
232,-21,49,-8705,12288,-18178,0,8704,0,1629
211,11,53,-8705,12288,-18178,0,-30465,0,1628
195,5,47,-7937,13056,-14338,0,-14850,0,1629
268,-8,45,-6913,13568,-17154,0,-3,0,1629
335,-15,39,-6913,13568,-17154,0,15358,0,1629
455,13,77,-6913,13568,-17154,0,32000,0,1629
309,26,56,-7425,10496,-17154,0,-4607,0,1628
253,36,64,-6145,10496,-17154,0,15104,0,1628
231,34,64,-6145,10496,-17154,0,22271,0,1629
247,2,60,-5633,9472,-14850,0,7935,0,1628
248,-32,53,-7937,7936,-19202,0,29439,0,1631
231,-83,31,-7937,7936,-19202,0,-4865,0,1628
185,-83,33,-6401,8192,-15362,0,8960,0,1626
189,-82,37,-8193,11008,-17666,0,3840,0,1627
238,-87,68,-8193,11008,-17666,0,-7681,0,1629
284,-45,97,-6913,13312,-13826,0,-28417,0,1626
348,21,66,-7425,13056,-15874,0,-2561,0,1626
352,97,65,-7425,13056,-15874,0,11520,0,1628
230,95,55,-3585,12288,-13058,0,27135,0,1627
244,66,54,-3585,11008,-17922,0,-4866,0,1628
278,43,48,-3585,11008,-17922,0,16639,0,1629
240,-24,72,-5121,5888,-20994,0,15104,0,1627
273,-57,31,-6401,4352,-21762,0,9216,0,1627
276,-78,29,-6401,4352,-21762,0,26624,0,1629
247,-87,52,-9217,7680,-19458,0,2561,0,1628
274,-85,71,-6657,10240,-13314,0,20993,0,1626
239,8,60,-6657,10240,-13314,0,-22016,0,1628
213,34,42,-6657,10240,-13314,0,32255,0,1628
241,58,49,-6657,11520,-18946,0,31998,0,1631
232,16,33,-4865,11264,-12546,0,-7170,0,1629
276,-26,36,-4865,11264,-12546,0,-24833,0,1628
276,-48,9,-7425,7424,-17410,0,-3841,0,1629
306,-47,19,-6657,8448,-13314,0,-12801,0,1628
317,-24,41,-6657,8448,-13314,0,-24576,0,1628
247,0,67,-7681,10240,-17410,0,-17664,0,1628
233,12,51,-8193,10496,-14594,0,-21505,0,1629
275,24,52,-8193,10496,-14594,0,22783,0,1628
277,26,29,-6657,9472,-15618,0,-18433,0,1629
218,-16,23,-6145,7936,-17666,0,-1537,0,1627
216,-11,10,-6145,7936,-17666,0,-14849,0,1628
234,-22,29,-7425,9728,-19714,0,-8705,0,1629
284,-49,35,-7425,10240,-16898,0,2560,0,1628
238,-48,42,-7425,10240,-16898,0,19456,0,1627
307,-18,31,-6401,10496,-16642,0,-13313,0,1629
267,19,59,-7169,12288,-15618,0,256,0,1629
254,42,65,-3329,11008,-10754,0,-18177,0,1629
246,40,52,-3329,11008,-10754,0,-23041,0,1628
278,22,26,-5121,8960,-18178,0,-13313,0,1629
244,0,43,-5377,7680,-18178,0,23040,0,1628
272,-10,40,-5377,7680,-18178,0,14592,0,1629
265,-12,75,-6913,8704,-18178,0,7168,0,1629
266,-17,53,-7425,8704,-16898,0,-1537,0,1628
282,-33,63,-7425,8704,-16898,0,6400,0,1627
263,-28,37,-7425,9472,-14594,0,-32000,0,1629
234,-17,51,-6401,10496,-16386,0,9216,0,1628
243,4,69,-6401,10496,-16386,0,-23041,0,1628
296,3,80,-6401,9984,-16386,0,-6145,0,1629
226,-14,56,-6913,9728,-17666,0,32000,0,1628
228,-38,36,-6913,9728,-17666,0,-5889,0,1629
247,-25,39,-6657,9728,-17410,0,-28673,0,1629
324,-35,75,-5633,11008,-14594,0,21503,0,1629
296,-17,67,-5633,11008,-14594,0,28672,0,1628
314,-8,47,-6913,11520,-17922,0,23552,0,1631
227,18,67,-5377,10496,-14338,0,22784,0,1628
214,27,53,-5377,9728,-15618,0,15871,0,1629
267,19,89,-6401,9728,-15618,0,25343,0,1628
368,-15,75,-7425,8704,-18434,0,0,0,1628
270,-37,61,-7425,8704,-18434,0,16129,0,1627
223,-35,39,-7425,8704,-18434,0,-32512,0,1629
240,6,67,-6913,8704,-14594,0,-10497,0,1629
291,10,74,-5889,9216,-19202,0,-3841,0,1629
238,0,79,-5889,9216,-19202,0,26112,0,1629
260,-13,59,-6145,9472,-13570,0,23552,0,1627
284,-7,28,-6401,7936,-17154,0,23552,0,1627
174,-17,26,-6401,7936,-17154,0,-29696,0,1628
198,-43,33,-6913,11008,-14850,0,-514,0,1630
249,-49,45,-5377,9984,-13826,0,-7938,0,1629
361,-76,46,-5377,9984,-13826,0,12032,0,1629
214,-57,52,-6913,10496,-16386,0,6145,0,1628
283,-13,32,-6401,12032,-15362,0,-20481,0,1629
263,52,70,-6401,12032,-15362,0,28927,0,1629
242,54,53,-5377,10752,-16130,0,-22785,0,1627
290,18,63,-5377,7680,-19458,0,-14849,0,1629
295,-11,48,-5377,7680,-19458,0,22528,0,1628
278,-33,61,-4609,9472,-13314,0,21760,0,1629
257,-42,67,-6401,9472,-17666,0,256,0,1629
348,-51,103,-6401,9472,-17666,0,3072,0,1629
283,-24,69,-7425,10752,-17410,0,-30719,0,1629
121,-27,47,-5377,10496,-10498,0,-23295,0,1628
149,14,26,-5377,10496,-10498,0,-19457,0,1628
210,-25,21,-5377,10496,-10498,0,-32515,0,1628
378,-49,30,-6657,8448,-14338,0,17151,0,1629
175,-66,60,-6913,9216,-16130,0,17409,0,1628
182,-69,65,-6913,9216,-16130,0,3072,0,1629
277,-36,71,-6401,12544,-12546,0,10238,0,1629
434,-15,44,-7425,11264,-16898,0,28415,0,1628
381,11,69,-7425,11264,-16898,0,-17151,0,1628
384,41,91,-6401,10240,-16642,0,-8448,0,1628
169,73,93,-3841,8704,-14850,0,-14592,0,1631
132,43,40,-3841,8704,-14850,0,-6913,0,1628
102,-2,29,-3073,7680,-19202,0,24575,0,1628
288,-63,24,-6401,4352,-16898,0,26876,0,1629
462,-57,50,-6401,4352,-16898,0,-15617,0,1628
140,-106,54,-7681,6912,-17154,0,24066,0,1627
93,-80,38,-5121,10752,-14338,0,-19967,0,1629
289,-104,43,-6401,11264,-16898,0,-3330,0,1628
368,25,76,-6401,11264,-16898,0,-18434,0,1631
298,15,107,-8449,13056,-15618,0,-19456,0,1628
268,44,58,-3073,11776,-13570,0,-5377,0,1631
224,44,21,-3073,11776,-13570,0,13823,0,1628
220,41,50,-3841,6912,-18946,0,25343,0,1628
270,7,53,-5121,5632,-19714,0,28671,0,1630
329,-37,37,-5121,5632,-19714,0,31999,0,1629
244,-63,75,-5633,8192,-16130,0,3073,0,1628
214,-88,70,-6657,11776,-17922,0,-2816,0,1627
250,-84,91,-6657,11776,-17922,0,-19713,0,1630
272,-46,69,-6401,12288,-15618,0,32511,0,1627
270,-31,63,-5121,11776,-16130,0,-23297,0,1629
240,18,67,-5121,11776,-16130,0,21503,0,1629
292,24,64,-5121,12288,-17410,0,-25602,0,1630
332,31,84,-5121,12288,-16386,0,-9729,0,1627
237,21,67,-2817,11520,-17154,0,-23040,0,1628
249,26,56,-2817,11520,-17154,0,-1025,0,1628
239,5,51,-3841,10752,-13826,0,3072,0,1628
243,-25,55,-5633,11264,-18690,0,-513,0,1629
233,-44,72,-5633,11264,-18690,0,256,0,1629
285,-62,53,-5121,9984,-18946,0,-2049,0,1629
253,-59,39,-8193,10240,-18178,0,30464,0,1628
253,-32,32,-8193,10240,-18178,0,1536,0,1628
255,7,88,-6401,11520,-15618,0,25855,0,1628
245,36,77,-6913,11520,-17410,0,-19201,0,1628
258,13,69,-6913,11520,-17410,0,-14849,0,1627
279,-9,54,-5633,11520,-20482,0,-6145,0,1629
249,-4,39,-6913,10752,-19714,0,12544,0,1629
275,-21,58,-6913,10752,-19714,0,-4353,0,1628
254,-23,65,-5889,10752,-17922,0,-1025,0,1629
282,-4,62,-5121,11264,-12802,0,2048,0,1629
264,-11,61,-5121,11264,-12802,0,25856,0,1628
231,-11,67,-4865,10752,-13314,0,13824,0,1628
238,-5,52,-5633,10496,-16898,0,-3073,0,1629
265,-29,58,-5633,9728,-18690,0,29183,0,1629
255,-36,50,-5633,9728,-18690,0,-3329,0,1629
221,-43,31,-5121,10240,-16642,0,7424,0,1630
244,-50,51,-7425,10752,-18178,0,-26881,0,1628
245,-25,65,-7425,10752,-18178,0,-23553,0,1627
298,0,62,-6145,12288,-15362,0,-16641,0,1628
303,-2,65,-5633,11776,-17666,0,512,0,1631
291,23,59,-5633,11776,-17666,0,25856,0,1630
254,36,51,-5889,11008,-15874,0,-1537,0,1629
250,37,50,-4865,10752,-19202,0,-1025,0,1629
235,22,52,-4865,10752,-19202,0,-9985,0,1629
230,-17,53,-6145,11008,-18434,0,30975,0,1628
283,-35,44,-5377,11008,-12546,0,-4353,0,1628
289,-50,58,-5377,11008,-12546,0,27904,0,1628
243,-57,72,-4353,11520,-15618,0,12800,0,1629
252,-21,61,-6657,11776,-15874,0,-17409,0,1627
285,19,77,-4609,13056,-10754,0,-19713,0,1628
298,24,53,-4609,13056,-10754,0,29440,0,1629
254,32,51,-5377,11520,-14850,0,23552,0,1628
259,35,48,-6401,10752,-16642,0,-19713,0,1629
272,47,82,-6401,10752,-16642,0,7424,0,1628
316,-13,71,-5889,9472,-16898,0,25088,0,1628
227,-51,69,-5633,8448,-19970,0,-30720,0,1628
256,-46,43,-5633,8448,-19970,0,-1536,0,1629
174,-47,61,-7169,10240,-18178,0,-26880,0,1628
177,-45,43,-7937,10496,-18434,0,12799,0,1628
312,-56,78,-7937,10496,-18434,0,11774,0,1628
310,-24,54,-7937,10496,-18434,0,-32768,0,1628
218,-42,43,-5633,12032,-12034,0,-10240,0,1628
194,5,48,-5377,11008,-17922,0,-11265,0,1629
315,31,65,-5377,11008,-17922,0,-29698,0,1627
340,7,97,-7169,10496,-16642,0,-23297,0,1629
310,-44,53,-6913,9728,-14338,0,32000,0,1628
326,-25,58,-6913,9728,-14338,0,12288,0,1629
243,19,71,-5889,10496,-15618,0,30976,0,1628
204,21,64,-5889,11008,-15874,0,-14593,0,1628
220,2,67,-5889,11008,-15874,0,19967,0,1628
249,-31,42,-6145,10752,-18178,0,-14081,0,1629
274,-62,21,-6145,11520,-14082,0,-29440,0,1628
199,-62,31,-7425,11264,-16898,0,20736,0,1627
221,-37,43,-7425,11264,-16898,0,-30977,0,1628
256,-14,61,-7937,11776,-14594,0,12287,0,1628
320,-31,62,-5889,11520,-15618,0,-30465,0,1631
250,1,28,-5889,11520,-15618,0,22272,0,1629
326,20,33,-4865,10752,-11266,0,-12801,0,1628
225,45,42,-5889,11008,-14338,0,12544,0,1628
288,41,62,-5889,11008,-14338,0,24063,0,1629
304,17,46,-6657,11520,-16642,0,30208,0,1630
205,-10,86,-4097,10240,-14082,0,29184,0,1628
241,-16,29,-4097,10240,-14082,0,1792,0,1629
253,-35,56,-7425,9984,-17410,0,-9729,0,1628
291,-53,94,-5889,10752,-16898,0,-3841,0,1629
260,-62,64,-5889,10752,-16898,0,-28160,0,1628
233,-36,56,-5889,10752,-16898,0,14592,0,1628
229,10,58,-5121,12800,-11778,0,29183,0,1630
267,17,64,-5889,11264,-16130,0,27647,0,1628
257,5,68,-5889,11264,-16130,0,-15105,0,1627
237,-18,44,-4865,11520,-15618,0,8192,0,1628
284,-35,44,-5121,9984,-15874,0,4352,0,1629
264,-16,91,-5121,9984,-15874,0,-13057,0,1629
285,-15,94,-5377,13312,-12290,0,26367,0,1629
265,-21,64,-6657,11008,-17922,0,-10497,0,1628
285,-22,42,-6657,11008,-17922,0,-2049,0,1630
275,-6,71,-4865,11776,-12546,0,18944,0,1628
285,1,82,-6145,11520,-16898,0,4864,0,1628
235,14,64,-6145,11520,-16898,0,-11265,0,1627
257,-9,56,-6145,12800,-14594,0,22271,0,1628
270,-25,50,-6913,10752,-16642,0,-18177,0,1629
227,-45,67,-6401,13312,-16642,0,14080,0,1628
196,-40,80,-6401,13312,-16642,0,-12033,0,1628
