264,-1,50,31231,10240,-32258,0,5632,0,1627
254,-10,47,31231,10240,-32258,0,-1793,0,1631
264,-1,50,31231,10240,-32258,0,5632,0,1627
254,-10,47,31231,10240,-32258,0,-1793,0,1631
252,-13,55,30975,10240,-30722,0,-5633,0,1629
259,-12,73,30719,9728,-32002,0,-9217,0,1629
266,0,65,30719,9728,-32002,0,-4353,0,1629
278,-1,67,-29441,14080,-14338,0,4864,0,1629
245,5,40,-29185,13056,-16130,0,1536,0,1628
279,16,62,-29185,13056,-16130,0,1280,0,1628
264,15,59,-29441,13568,-18178,0,2304,0,1627
257,2,53,-29697,13568,-16642,0,3584,0,1628
261,0,52,-29697,13568,-16642,0,512,0,1628
254,-17,68,-29441,14336,-18690,0,-2817,0,1629
237,-27,72,-28673,14336,-16642,0,-6145,0,1629
264,-25,66,-28673,14336,-16642,0,-8193,0,1629
271,-11,59,-28673,14336,-16642,0,-769,0,1628
255,5,61,-27649,12800,-13314,0,-3841,0,1627
259,15,67,-28417,13824,-17666,0,-12801,0,1628
273,6,74,-28417,13824,-17666,0,-7425,0,1631
256,11,48,-28161,13824,-13314,0,1792,0,1629
267,0,54,-29185,12800,-16642,0,3072,0,1629
259,4,53,-29185,12800,-16642,0,256,0,1627
263,-1,59,-29185,13056,-17410,0,1280,0,1628
256,-13,58,-29441,13056,-15874,0,1792,0,1627
261,-3,41,-29441,13056,-15874,0,1536,0,1629
254,-10,48,-28161,14336,-15106,0,-1281,0,1628
256,-19,57,-29953,14336,-17922,0,-4097,0,1627
250,-16,46,-29953,14336,-17922,0,-6145,0,1627
253,-3,32,-28673,12544,-14338,0,-4097,0,1628
261,1,9,-29185,11776,-17922,0,-6913,0,1628
258,9,15,-27649,12544,-16898,0,-7425,0,1628
262,8,16,-27649,12544,-16898,0,-2049,0,1629
268,13,25,-28417,14336,-8962,0,4864,0,1629
254,13,29,-29441,12544,-13826,0,1536,0,1627
267,10,32,-29441,12544,-13826,0,3328,0,1628
251,-2,29,-27649,13056,-15618,0,8192,0,1631
263,-14,16,-26881,13312,-10498,0,1536,0,1628
259,-21,36,-26881,13312,-10498,0,512,0,1628
259,-19,39,-28929,12800,-18178,0,-3329,0,1630
261,-14,34,-30465,11264,-20482,0,-15105,0,1627
263,-20,40,-30465,11264,-20482,0,-11009,0,1627
264,-6,16,-29697,11776,-19970,0,-11265,0,1628
256,-9,29,-29697,11776,-19458,0,-15361,0,1627
266,7,21,-29953,12544,-19202,0,-7937,0,1628
254,5,28,-29953,12544,-19202,0,-1025,0,1629
260,25,22,-30209,13568,-19714,0,-1281,0,1629
261,22,35,-29697,12544,-18690,0,7680,0,1628
246,14,34,-29697,12544,-18690,0,6144,0,1627
259,8,36,-27905,11520,-17666,0,8192,0,1628
269,-11,33,-28929,10240,-18946,0,3584,0,1629
270,-29,44,-28929,10240,-18946,0,3840,0,1627
271,-25,47,-29953,11008,-18434,0,7168,0,1628
258,-15,30,-29441,12288,-17666,0,9216,0,1629
249,-5,19,-29441,12288,-17666,0,3072,0,1628
264,7,35,-28417,12544,-16898,0,-2049,0,1627
254,13,36,-28929,11776,-20226,0,-5377,0,1628
277,1,34,-28929,10496,-20738,0,-4865,0,1627
258,-21,28,-29185,10496,-20738,0,-5633,0,1629
262,-26,41,-28673,11008,-15618,0,-2817,0,1629
233,-18,40,-28929,12288,-19202,0,-10241,0,1630
254,-9,11,-28929,12288,-19202,0,-14849,0,1627
258,-6,5,-29953,11776,-18690,0,-14849,0,1629
247,10,16,-28161,12544,-16386,0,-13569,0,1628
263,11,29,-28161,12544,-16386,0,-10497,0,1629
254,7,32,-28161,12544,-16386,0,-1025,0,1630
259,2,20,-29441,11264,-18434,0,-3073,0,1628
265,-2,14,-27137,12800,-12546,0,-7425,0,1627
267,-9,15,-27137,12800,-12546,0,-8193,0,1629
260,-9,17,-27905,12288,-19714,0,-4609,0,1628
253,-4,29,-30209,10240,-19202,0,-3841,0,1628
259,-9,30,-30209,10240,-19202,0,1024,0,1628
253,3,26,-28929,11264,-19714,0,5632,0,1627
253,7,29,-27393,12288,-18434,0,4096,0,1627
264,5,19,-27393,12288,-18434,0,2560,0,1627
254,6,18,-27649,12800,-17410,0,-1025,0,1628
270,-7,22,-28929,10240,-18946,0,1024,0,1629
271,-24,26,-28929,10240,-18946,0,9216,0,1628
263,-21,39,-29441,11776,-20738,0,19968,0,1629
252,-22,37,-27393,11776,-15362,0,5376,0,1628
253,-5,32,-27393,11776,-15362,0,-5121,0,1629
253,-16,29,-28161,9984,-18434,0,-4353,0,1628
250,-27,24,-28417,11520,-18434,0,-7937,0,1628
267,-37,28,-29185,10240,-15874,0,-1793,0,1628
273,-50,40,-29185,10240,-15874,0,6144,0,1628
258,-26,43,-28929,12288,-14338,0,256,0,1628
265,-13,38,-31489,12032,-21506,0,-5633,0,1629
271,-10,36,-31489,12032,-21506,0,1024,0,1628
258,-20,33,-31489,11520,-20226,0,6912,0,1628
244,-33,41,-32001,12288,-20226,0,4864,0,1629
237,-47,44,-32001,12288,-20226,0,3072,0,1628
241,-54,36,-32001,12288,-20226,0,5376,0,1629
247,-53,21,32767,12032,-20482,0,-9217,0,1628
258,-62,27,32255,12544,-22018,0,-16897,0,1628
274,-47,33,32255,12544,-22018,0,-5889,0,1627
275,-41,39,32511,13312,-18434,0,3584,0,1628
274,-36,37,32255,14592,-21506,0,6912,0,1627
283,-25,32,32255,14592,-21506,0,6656,0,1628
263,-22,28,31231,14592,-21250,0,256,0,1629
249,-44,28,32767,15104,-17410,0,-8961,0,1628
285,-59,33,32767,15104,-17410,0,13056,0,1627
259,-60,34,29183,12800,-20482,0,26368,0,1628
246,-50,26,28159,15616,-21762,0,17152,0,1628
270,-25,30,28159,15616,-21762,0,6912,0,1629
263,-7,37,28159,15616,-21762,0,11008,0,1628
245,-17,25,27391,15872,-22274,0,12032,0,1628
262,-37,20,25599,15616,-22530,0,13568,0,1629
239,-60,38,25599,15616,-22530,0,11776,0,1628
215,-78,57,25599,16896,-22786,0,-1793,0,1628
247,-71,54,25343,17408,-24578,0,-15105,0,1627
261,-80,48,25343,17408,-24578,0,-5377,0,1628
256,-69,23,24831,19712,-24578,0,-5889,0,1629
271,-48,21,22783,19456,-24578,0,-17665,0,1628
283,-5,36,22783,19456,-24578,0,-8705,0,1629
275,4,37,22783,19456,-24578,0,-3841,0,1630
263,3,31,22271,22272,-24322,0,-1,0,1628
275,-2,33,22271,22272,-24322,0,7936,0,1629
259,-14,28,20735,21760,-26882,0,22016,0,1627
255,-31,37,19455,23808,-28162,0,22784,0,1628
236,-48,31,19455,23808,-28162,0,23552,0,1627
267,-52,19,19455,23808,-28162,0,21760,0,1629
253,-45,18,18431,26880,-24322,0,17408,0,1628
254,-39,6,17919,26112,-25090,0,23808,0,1629
249,-50,16,17919,26112,-25090,0,21760,0,1630
239,-53,27,15103,28416,-27394,0,12032,0,1627
249,-59,24,16639,29440,-21250,0,4608,0,1628
254,-53,16,16639,29440,-21250,0,5120,0,1627
245,-61,10,15615,30464,-26626,0,1024,0,1629
248,-50,13,13055,32000,-28674,0,-7681,0,1628
265,-38,25,13055,32000,-28674,0,-6913,0,1628
266,-45,32,14079,-30464,-26114,0,8192,0,1628
255,-31,23,13823,-29440,-23042,0,16384,0,1628
269,-20,5,13055,-29184,-25602,0,14592,0,1628
247,-15,8,13055,-29184,-25602,0,12544,0,1629
257,-22,12,11263,-27136,-28930,0,2048,0,1627
262,-39,6,14335,-26112,-20738,0,14080,0,1628
267,-42,-9,14335,-26112,-20738,0,-29952,0,1628
246,-65,16,11263,-26112,-27394,0,23296,0,1627
253,-60,37,11775,-24320,-23810,0,18176,0,1628
248,-58,42,11775,-24320,-23810,0,5376,0,1628
240,-63,8,11775,-24320,-23810,0,-9217,0,1627
253,-58,-9,11775,-20480,-24834,0,-24321,0,1629
259,-47,3,11263,-20224,-26882,0,-10753,0,1628
249,-23,2,11263,-20224,-26882,0,-6657,0,1630
268,-6,14,11263,-17664,-27394,0,3072,0,1629
245,3,10,13567,-17152,-24578,0,13312,0,1628
251,10,9,13567,-17152,-24578,0,11520,0,1628
232,-7,11,12031,-16384,-28418,0,13568,0,1628
233,-19,5,11263,-13568,-26882,0,9216,0,1630
266,-43,-3,11263,-13568,-26882,0,17408,0,1628
247,-55,-4,12287,-14592,-26114,0,28416,0,1628
243,-56,-10,12799,-12800,-20482,0,13056,0,1628
243,-44,15,11007,-12288,-26626,0,-769,0,1628
252,-50,23,11007,-12288,-26626,0,-2817,0,1627
235,-54,14,12287,-12544,-21250,0,-14337,0,1627
271,-36,10,11775,-12032,-26370,0,-7169,0,1627
264,-24,9,11775,-12032,-26370,0,-5377,0,1628
268,-4,9,13311,-12032,-25090,0,512,0,1629
248,14,13,13055,-9472,-23810,0,-1281,0,1628
254,2,28,13055,-9472,-23810,0,3328,0,1626
240,-13,8,13055,-9472,-23810,0,9216,0,1629
225,-35,16,14079,-9472,-20226,0,-1793,0,1629
251,-39,17,14079,-9472,-20226,0,4608,0,1626
238,-39,-2,14079,-9472,-20226,0,1536,0,1628
241,-46,-18,11775,-7680,-23298,0,-2305,0,1628
241,-28,-1,15359,-7168,-18178,0,-12545,0,1629
254,-10,8,15359,-7168,-18178,0,-6657,0,1629
255,-15,18,11263,-8704,-24834,0,-9729,0,1628
246,-14,-3,13055,-7680,-21762,0,-8449,0,1629
257,2,-2,13055,-7680,-21762,0,-5889,0,1627
254,2,7,13823,-6912,-20482,0,-7681,0,1628
258,-17,7,13055,-7424,-24578,0,-6913,0,1628
249,-12,6,13055,-7424,-24578,0,-5377,0,1628
266,-17,17,13823,-5888,-23298,0,-4865,0,1629
262,-23,13,12543,-7680,-23554,0,2048,0,1628
257,-28,8,12543,-7680,-23554,0,-6145,0,1629
243,-2,0,13311,-6656,-22530,0,-8193,0,1628
256,-15,4,13567,-6912,-23298,0,-7169,0,1629
230,-2,-3,13567,-6912,-23298,0,-6145,0,1629
238,-6,9,12287,-5376,-24578,0,-4865,0,1627
240,-4,1,14335,-5376,-23298,0,-513,0,1628
262,-17,8,14335,-5376,-23298,0,-2817,0,1628
239,-18,1,15871,-4352,-19458,0,-1537,0,1629
238,-21,5,15615,-5376,-18434,0,-8449,0,1629
255,-12,17,15615,-5376,-18434,0,-4609,0,1629
251,-16,24,13311,-3840,-21762,0,2304,0,1629
243,-6,3,13567,-4096,-22786,0,-1537,0,1629
258,0,17,14079,-3328,-22018,0,-4097,0,1628
243,-5,14,14079,-3328,-22018,0,4096,0,1628
243,-12,11,10239,-7680,30974,0,-6145,0,1629
253,-22,15,14591,-5120,-24834,0,-3585,0,1629
247,-9,13,14591,-5120,-24834,0,2048,0,1627
251,-9,8,13567,-4096,-23298,0,3072,0,1629
247,-8,18,14591,-5120,-23810,0,256,0,1629
248,5,22,14591,-5120,-23810,0,-3329,0,1628
258,1,13,14847,-5632,-22274,0,-4609,0,1628
245,-10,17,15359,-5888,-23810,0,-2049,0,1629
256,-11,17,15359,-5888,-23810,0,-4353,0,1628
276,-21,18,14335,-6400,-24834,0,-4097,0,1628
264,-13,3,15103,-3584,-19202,0,3840,0,1628
247,5,13,15103,-3584,-19202,0,512,0,1628
252,8,12,14335,-4864,-22530,0,-7169,0,1629
255,-3,6,15359,-2560,-24066,0,-1537,0,1629
255,-10,2,15359,-2560,-24066,0,2816,0,1630
247,-23,6,13823,-3072,-19202,0,1536,0,1628
256,-21,3,14079,-3584,-23042,0,256,0,1628
259,-10,9,14079,-3584,-23042,0,-2305,0,1627
255,-10,14,13823,-3072,-21506,0,-10241,0,1628
270,3,9,15359,-4352,-22786,0,1792,0,1629
256,-9,4,15359,-4352,-22786,0,4864,0,1629
235,0,7,14079,-4096,-24578,0,512,0,1628
252,3,16,15359,-4864,-23298,0,-8193,0,1628
248,0,17,15359,-4864,-23298,0,-2049,0,1628
250,-13,15,13055,-4096,-21506,0,-3329,0,1628
249,-22,8,15615,-4096,-18946,0,6144,0,1629
264,-12,9,15615,-4096,-18946,0,256,0,1629
249,0,18,14591,-3840,-21506,0,-1025,0,1628
254,3,16,13823,-4096,-22530,0,-4097,0,1628
263,-6,3,13823,-4096,-22530,0,4608,0,1628
268,-18,13,14335,-4864,-22786,0,7936,0,1628
260,-1,28,14079,-6144,-21506,0,9216,0,1627
250,-10,42,14079,-6144,-21506,0,6400,0,1627
250,-8,24,14079,-3840,-21762,0,1280,0,1628
250,-28,35,14079,-4352,-19714,0,-9217,0,1629
274,-21,18,14079,-4352,-19714,0,-1537,0,1627
255,-17,17,14847,-6144,-17154,0,-6657,0,1628
262,-1,24,14847,-4352,-22530,0,-5889,0,1629
280,3,48,14847,-4352,-22530,0,1280,0,1627
224,3,56,14079,-5120,-21250,0,-769,0,1628
257,-1,48,15103,-4864,-19970,0,-14081,0,1629
279,-2,15,15103,-4864,-19970,0,-7937,0,1628
263,-13,10,14079,-4352,-20994,0,768,0,1628
240,-14,15,12543,-5120,-24322,0,-3329,0,1627
253,-17,67,12543,-5120,-24322,0,-5889,0,1631
251,-2,68,16127,-5120,-16898,0,-257,0,1629
268,-5,27,14591,-3328,-21250,0,-13313,0,1628
256,-4,9,14591,-3328,-21250,0,-10241,0,1629
250,-13,23,15615,-5632,-21506,0,-9473,0,1628
269,-3,56,15103,-5120,-22530,0,-7681,0,1629
276,-7,35,15359,-3584,-19714,0,2048,0,1628
273,-3,27,15359,-3584,-19714,0,10240,0,1627
244,3,30,14591,-4864,-21762,0,-5121,0,1629
235,0,49,14847,-2560,-20994,0,-15105,0,1630
246,-4,47,14847,-2560,-20994,0,-9729,0,1629
273,-20,38,14079,-5120,-23298,0,-4353,0,1628
283,-27,46,14591,-4864,-17410,0,-1793,0,1630
266,-16,45,14591,-4864,-17410,0,-4865,0,1629
255,1,65,14335,-4096,-20994,0,-11265,0,1627
259,-3,60,14079,-1792,-21762,0,-15617,0,1628
285,-5,47,14079,-1792,-21762,0,-16385,0,1628
260,-10,27,12543,-5120,-19714,0,-5121,0,1629
244,-2,32,14847,-3328,-19458,0,-12289,0,1629
260,3,53,14847,-3328,-19458,0,-5121,0,1629
233,0,46,13311,-4096,-21506,0,-9217,0,1628
277,-11,31,14079,-2560,-20738,0,-3585,0,1628
255,1,49,14335,-1280,-23298,0,-6657,0,1628
244,11,49,14335,-1280,-23298,0,14080,0,1628
248,-11,79,12543,-1536,-23042,0,-4609,0,1628
271,-7,40,15103,-2560,-22786,0,13056,0,1627
265,-5,40,15103,-2560,-22786,0,7424,0,1628
250,4,39,13311,-2048,-24578,0,2816,0,1628
252,-7,40,15103,-3584,-19202,0,2048,0,1629
250,-30,52,15103,-3584,-19202,0,-3073,0,1628
277,-26,44,13055,-1280,-20482,0,-12033,0,1629
258,-17,45,14591,-1280,-22786,0,-769,0,1629
223,-11,32,14591,-1280,-22786,0,-6401,0,1627
282,-13,52,14847,-2816,-21250,0,29695,0,1627
218,4,39,16383,-3072,-20994,0,8704,0,1628
244,-23,47,16383,-3072,-20994,0,-30977,0,1627
249,-34,28,14591,-3584,-18690,0,-2818,0,1628
249,2,7,15103,-3584,-19458,0,28928,0,1628
428,0,36,15103,-3584,-19458,0,25088,0,1629
204,9,11,15871,-4096,-19970,0,-22528,0,1629
246,28,17,16639,-2816,-16642,0,-21761,0,1627
175,38,67,16639,-2816,-16642,0,-15873,0,1628
291,-4,25,14591,-1792,-19714,0,14848,0,1628
263,-35,18,13567,-4096,-22530,0,22528,0,1628
285,-52,-51,14335,-4864,-24066,0,19968,0,1627
230,19,25,14335,-4864,-24066,0,-9985,0,1628
290,40,87,13567,-3328,-25346,0,768,0,1628
212,14,59,14079,-4608,-25602,0,1280,0,1628
215,3,5,14079,-4608,-25602,0,-11265,0,1628
257,-28,7,14847,-4864,-22274,0,1024,0,1629
285,-30,3,15103,-5632,-22018,0,14080,0,1629
248,-17,37,15103,-5632,-22018,0,-3329,0,1627
244,-17,50,15103,-5120,-21506,0,-15873,0,1628
261,-5,37,13311,-3840,-20738,0,-13313,0,1629
277,-20,24,13311,-3840,-20738,0,-6657,0,1628
269,2,9,13823,-4864,-18690,0,-2817,0,1628
254,7,17,15359,-3328,-18434,0,-15873,0,1628
267,-8,20,15359,-3328,-18434,0,-2817,0,1628
238,-10,32,13823,-4864,-23810,0,-11521,0,1628
273,-16,45,15103,-3072,-21250,0,-6145,0,1629
270,-16,52,15103,-2304,-14850,0,-6657,0,1629
274,-6,41,17407,-2304,-14850,0,-9729,0,1629
236,8,46,13823,-5376,-23810,0,768,0,1628
271,1,62,14335,-4864,-19970,0,-6913,0,1629
250,-10,52,14335,-4864,-19970,0,11008,0,1629
255,-21,32,13055,-4352,-22786,0,-14337,0,1629
277,-15,61,12799,-4864,-20994,0,-15873,0,1627
275,-14,58,12799,-4864,-20994,0,4608,0,1628
230,-14,45,12799,-4864,-22786,0,2816,0,1629
304,-5,-2,12799,-4608,-20226,0,-10753,0,1628
250,0,10,12799,-4608,-20226,0,-24577,0,1628
277,-6,49,14591,-4352,-19714,0,-2817,0,1628
249,1,87,12799,-4352,-26882,0,-769,0,1629
280,-19,28,12799,-4352,-26882,0,6912,0,1628
259,7,9,12287,-3584,-25346,0,-2561,0,1629
259,1,39,14591,-4096,-20482,0,-16385,0,1627
238,3,59,14591,-4096,-20482,0,-9217,0,1627
266,-4,55,13567,-4096,-24578,0,8192,0,1628
267,-2,29,13823,-4352,-24066,0,9472,0,1629
257,-19,28,13823,-4352,-24066,0,1536,0,1627
242,-1,42,13311,-4096,-23298,0,512,0,1629
255,-8,67,15359,-3584,-18178,0,-5377,0,1629
239,-4,34,15359,-3584,-18178,0,19712,0,1626
281,-6,31,12799,-4608,-25346,0,-2561,0,1629
270,-9,51,15103,-4352,-19970,0,-2817,0,1629
259,-9,36,15103,-4352,-19970,0,3072,0,1629
251,-17,33,14591,-5120,-24578,0,256,0,1628
278,-19,31,14335,-2560,-18178,0,-15105,0,1629
276,-12,33,13823,-3840,-24066,0,-7169,0,1628
268,-3,24,13823,-3840,-24066,0,8448,0,1628
261,1,42,13311,-3584,-20226,0,-9729,0,1629
253,11,39,13567,-2560,-21250,0,-12289,0,1628
275,6,46,13567,-2560,-21250,0,1280,0,1629
258,-22,43,14591,-3072,-26370,0,0,0,1628
251,-6,28,14591,-4096,-22274,0,2048,0,1627
248,5,48,14591,-4096,-22274,0,-9729,0,1629
254,-9,53,13311,-5632,-22274,0,-5633,0,1629
239,-2,47,15103,-4096,-21506,0,-5889,0,1628
276,-6,54,15103,-4096,-21506,0,-2817,0,1629
257,0,45,13055,-4096,-23298,0,5888,0,1627
270,5,39,13567,-3840,-23554,0,4096,0,1628
243,14,42,13567,-3840,-23554,0,6912,0,1628
276,-3,54,15359,-2560,-16642,0,-8449,0,1628
244,-10,50,13311,-4864,-25346,0,6656,0,1628
280,-18,36,13311,-4864,-25346,0,-513,0,1629
254,-13,36,12799,-4608,-23298,0,-1,0,1629
284,-2,45,12543,-4096,-19714,0,5120,0,1628
242,2,46,12543,-4096,-19714,0,256,0,1629
256,-3,46,14335,-5120,-24834,0,-14849,0,1629
272,-10,54,13567,-3072,-23298,0,-2561,0,1629
268,-16,38,13567,-3072,-23298,0,9216,0,1628
255,-4,34,12799,-4096,-22274,0,11264,0,1628
267,7,55,14335,-3328,-23554,0,-11009,0,1626
242,11,44,14335,-3328,-23554,0,5888,0,1628
294,-5,43,14847,-5632,-25858,0,5888,0,1629
241,-20,31,14847,-4352,-19202,0,7424,0,1628
277,-22,24,14847,-4352,-19202,0,1280,0,1629
237,-13,48,13823,-5120,-22274,0,-1537,0,1627
249,-17,40,14847,-5120,-20994,0,-16385,0,1629
259,-9,38,14847,-5120,-20994,0,-6913,0,1629
277,-15,28,12543,-3584,-22274,0,-8449,0,1630
268,-9,41,13311,-4608,-23298,0,-1537,0,1627
248,10,36,13311,-4608,-23298,0,-7937,0,1629
267,10,51,13311,-4608,-23298,0,-5633,0,1628
256,-1,45,12799,-3328,-19202,0,-3585,0,1629
263,-15,21,13567,-3584,-21250,0,-12289,0,1629
264,-9,38,13567,-3584,-21250,0,1280,0,1628
281,-6,43,14591,-3840,-20226,0,-1,0,1628
260,-1,37,12543,-4352,-23042,0,1792,0,1627
266,-7,37,12543,-4352,-23042,0,-1793,0,1629
240,-3,42,12287,-4096,-26370,0,-12289,0,1629
299,-14,34,13311,-4608,-26114,0,6400,0,1628
277,-17,47,13311,-4608,-26114,0,4096,0,1629
222,-2,27,13311,-3840,-22530,0,11264,0,1628
246,-11,52,13055,-4352,-23554,0,27391,0,1629
273,-18,57,13055,-4352,-23554,0,-13825,0,1629
258,-25,32,13055,-4096,-25602,0,-1025,0,1628
238,-20,26,13567,-4352,-26114,0,-2305,0,1630
253,-7,29,13567,-4352,-26114,0,-17153,0,1628
284,-3,55,13567,-4352,-26114,0,-2817,0,1627
265,6,50,14079,-3328,-24834,0,-3585,0,1629
266,4,24,14079,-3328,-24834,0,-13825,0,1629
270,3,28,14079,-3328,-24834,0,256,0,1629
276,-5,58,15871,-3072,-18690,0,2048,0,1629
263,7,33,15871,-3072,-18690,0,3072,0,1628
255,3,17,15871,-3072,-18690,0,-513,0,1628
277,2,30,13311,-2560,-21762,0,3072,0,1628
257,-3,50,13311,-2560,-21762,0,-257,0,1629
246,-12,45,11519,-3328,-24322,0,5120,0,1628
242,-9,43,14079,-1792,-20482,0,-3841,0,1629
258,-8,34,14079,-1792,-20482,0,2560,0,1628
256,-1,35,12799,-4096,-23554,0,-1281,0,1628
255,-3,38,13055,-3840,-23042,0,-1025,0,1628
270,-5,50,13055,-4096,-22786,0,0,0,1627
270,-5,37,13823,-4096,-22786,0,10752,0,1627
273,-12,40,14335,-3072,-16642,0,-257,0,1628
260,-1,32,14335,-3072,-16642,0,-4097,0,1629
280,-10,35,14335,-3072,-16642,0,5888,0,1629
268,-13,41,11775,-5120,-24834,0,-257,0,1628
280,-6,31,14079,-2304,-22786,0,-3073,0,1630
266,8,24,14079,-2304,-22786,0,5888,0,1627
268,0,37,13055,-4864,-24322,0,1792,0,1627
245,-9,44,13311,-3328,-25090,0,-11777,0,1628
281,-15,49,13311,-3328,-25090,0,-11009,0,1629
274,-23,50,12799,-3584,-21506,0,-1025,0,1627
260,-13,22,13055,-4864,-24322,0,7936,0,1627
273,2,43,13055,-4864,-24322,0,-10241,0,1628
266,4,59,13567,-4096,-22530,0,-6401,0,1629
282,-16,40,12287,-5120,-24834,0,-5889,0,1629
270,-15,27,12287,-5120,-24834,0,-1,0,1628
261,-8,35,15615,-3072,-19714,0,3072,0,1628
255,-3,41,12543,-3584,-26626,0,-4353,0,1629
261,0,30,12543,-3584,-26626,0,512,0,1630
284,-10,32,13055,-3584,-26370,0,768,0,1627
246,-2,29,13567,-5632,-26626,0,-15617,0,1627
316,-12,67,13567,-5632,-26626,0,-19457,0,1627
254,-14,34,14591,-2560,-25346,0,1536,0,1628
266,-18,29,13311,-2048,-23298,0,-3585,0,1628
268,-1,49,13311,-2048,-23298,0,-11009,0,1629
290,10,38,13311,-2048,-23298,0,3584,0,1628
265,-12,24,12543,-2816,-23810,0,512,0,1629
258,-19,30,12543,-2816,-23810,0,-3329,0,1629
264,-28,41,13311,-3584,-26114,0,-4353,0,1627
261,-29,43,13311,-2048,-26626,0,-17665,0,1627
238,-19,32,12287,-1536,-26882,0,-12801,0,1629
297,-11,36,12287,-1536,-26882,0,-14593,0,1629
254,4,46,12543,-512,-27906,0,-27905,0,1628
257,9,32,13311,-1280,-26370,0,-15361,0,1628
279,4,34,13311,-1280,-26370,0,-16129,0,1628
274,-4,41,13823,-1280,-28418,0,-12033,0,1627
263,7,27,12543,-1024,-28674,0,-5377,0,1628
288,3,30,12543,-1024,-28674,0,512,0,1631
262,-2,40,12799,-512,-27650,0,5632,0,1627
278,7,35,12543,-1024,-28162,0,5376,0,1630
240,21,30,12543,-1024,-28162,0,14080,0,1631
255,2,43,11775,-1536,-29954,0,4608,0,1628
270,-1,45,13055,-1280,-27650,0,9728,0,1627
241,-10,51,13055,-1280,-27650,0,4864,0,1628
279,-15,29,12287,-1024,-21762,0,17408,0,1628
274,3,31,12799,1,-24322,0,8960,0,1628
281,2,23,12799,1,-24322,0,13824,0,1628
244,-6,27,12799,-1280,-27138,0,17152,0,1628
250,0,22,11263,-3328,-28162,0,-12545,0,1628
264,-20,35,11263,-3328,-28162,0,-2817,0,1629
291,-24,31,12543,-1792,-26626,0,1792,0,1629
253,-17,10,11775,-3072,-28162,0,3840,0,1630
242,-7,23,11775,-3072,-28162,0,-16129,0,1628
249,1,47,12543,-1792,-26370,0,-20993,0,1628
250,-6,22,12287,-3072,-28162,0,-4865,0,1628
267,-4,17,12287,-3072,-28162,0,-1793,0,1629
249,5,16,13311,-1536,-28162,0,-1537,0,1629
248,15,21,12287,-2560,-27906,0,2048,0,1629
257,13,26,12287,-2560,-27906,0,-7425,0,1629
250,7,20,15359,-2816,-25602,0,8448,0,1628
256,2,27,12031,-3584,-28930,0,8960,0,1628
273,-1,22,12031,-3584,-28930,0,10240,0,1629
248,10,1,12287,-3072,-28162,0,6912,0,1628
262,-3,35,11519,-5632,-27906,0,-3329,0,1628
268,-18,16,11519,-5632,-27906,0,9984,0,1627
287,-21,14,13055,-4352,-25090,0,768,0,1627
243,-21,19,11007,-3072,-26114,0,-3841,0,1629
285,-24,19,11007,-3072,-26114,0,4864,0,1627
258,-23,31,11519,-5120,-26626,0,-1793,0,1629
283,-14,28,11519,-5120,-28674,0,-7425,0,1628
259,-11,24,13567,-5376,-25346,0,-12033,0,1628
267,-10,14,13567,-5376,-25346,0,7936,0,1629
258,-21,26,11519,-4096,-31746,0,-8705,0,1628
257,0,20,11263,-4608,-29442,0,-10753,0,1627
261,-10,20,11263,-4608,-29442,0,-24065,0,1627
251,-15,19,11263,-4864,-31234,0,-19713,0,1628
299,-16,23,12543,-5120,-28930,0,1536,0,1628
267,5,22,12543,-5120,-28930,0,10496,0,1629
258,6,8,10751,-5376,-30722,0,-15617,0,1629
310,17,46,10239,-4096,-31490,0,-10241,0,1630
309,1,30,10239,-4096,-31490,0,16640,0,1628
243,-1,24,11007,-3584,-30722,0,16896,0,1629
235,9,22,12799,-2816,-30210,0,1280,0,1628
314,7,34,12799,-2816,-30210,0,1536,0,1629
252,-18,22,12543,-5376,31230,0,20224,0,1628
267,-17,13,12287,-5632,31742,0,11264,0,1629
239,-5,41,12287,-5632,31742,0,9472,0,1628
241,-9,40,12543,-5888,32766,0,21248,0,1628
214,-10,46,9983,-5632,32254,0,6400,0,1629
243,-18,8,9983,-5632,32254,0,4352,0,1629
232,-26,30,9983,-5632,32254,0,256,0,1628
253,-40,36,9215,-8704,26622,0,256,0,1629
331,-33,66,9215,-8704,26622,0,22528,0,1628
331,-49,63,13311,-11776,18430,0,-769,0,1628
212,-15,11,29439,-14080,-32258,0,9472,0,1628
388,-15,51,29439,-14080,-32258,0,12799,0,1627
271,-36,37,18687,-12288,-2050,0,-20481,0,1628
259,-33,-40,4863,-9728,-15362,0,29440,0,1627
325,-15,14,7423,-6400,-23554,0,21503,0,1629
292,11,-25,7423,-6400,-23554,0,-13569,0,1628
201,-9,31,7423,-5120,-31490,0,-23553,0,1629
229,-39,5,9983,-5888,-29186,0,-22785,0,1629
236,-30,24,9983,-5888,-29186,0,-27393,0,1628
264,-25,16,10239,-3840,-21250,0,-16129,0,1628
231,-13,12,8191,-3584,-29186,0,256,0,1627
238,10,40,8191,-3584,-29186,0,-9985,0,1627
247,23,48,8191,-4864,-28674,0,-11521,0,1629
259,21,24,10751,-4864,-27650,0,-4609,0,1628
282,8,11,10751,-4864,-27650,0,256,0,1629
276,2,-6,11519,-3072,-26626,0,23552,0,1628
278,8,8,11263,-5376,-30466,0,22784,0,1629
230,-3,21,11263,-5376,-30466,0,14592,0,1630
206,-10,18,11263,-6144,-29442,0,0,0,1628
226,-32,38,8959,-7168,-32514,0,-28417,0,1629
291,-29,24,8959,-7168,-32514,0,768,0,1628
274,-51,31,9471,-6400,-29954,0,-15617,0,1628
228,-15,12,9215,-3584,-28930,0,-11521,0,1628
267,5,46,9215,-3584,-28930,0,-31745,0,1628
239,1,35,10751,-4352,-30466,0,-9473,0,1631
282,-2,4,10751,-4608,-28418,0,-17921,0,1628
267,5,-6,10751,-4608,-28418,0,-13057,0,1629
280,3,9,10239,-3840,31742,0,-2817,0,1628
231,13,44,13311,-3840,-32514,0,-8193,0,1628
259,2,47,13311,-3840,-32514,0,-3585,0,1629
259,-7,29,13055,-3584,-28418,0,5632,0,1628
287,-10,11,11263,-6144,-28418,0,13056,0,1627
223,7,9,11263,-6144,-28418,0,6400,0,1629
234,7,46,10239,-3840,-27650,0,-1,0,1629
246,3,37,10239,-4352,-31746,0,14848,0,1628
257,-12,30,10239,-4352,-31746,0,9216,0,1629
245,-14,18,12543,-4608,-28930,0,-4353,0,1629
267,-16,16,11263,-2560,-28418,0,-11009,0,1627
260,-26,45,11263,-2560,-28418,0,-13057,0,1628
250,-22,20,11263,-2560,-28418,0,-2561,0,1629
294,-5,9,11007,-4352,31998,0,-17665,0,1629
264,6,3,11775,-3840,30718,0,-15361,0,1628
294,10,-1,11775,-3840,30718,0,-6401,0,1627
249,12,30,12031,-4608,-28418,0,256,0,1629
254,8,7,12031,-3584,30206,0,2816,0,1627
267,19,33,11263,-3584,30206,0,6144,0,1628
270,4,11,10751,-3840,-32002,0,7424,0,1629
273,-9,36,10751,-3840,-32002,0,1024,0,1629
254,-1,27,10751,-5120,30718,0,0,0,1628
290,-11,19,11007,-3328,-29186,0,4608,0,1629
247,-9,15,11007,-3328,-29186,0,5888,0,1627
256,2,14,10751,-4096,-31234,0,-5889,0,1629
261,-4,25,11519,-4096,-28674,0,-2817,0,1629
279,-12,18,11519,-4096,-28674,0,-1281,0,1628
249,-19,21,11775,-4096,-27906,0,-4097,0,1628
241,-8,11,11007,-4608,-31234,0,-5377,0,1628
265,-1,42,11007,-4608,-31234,0,-7425,0,1628
263,-11,25,10495,-5632,30718,0,-1025,0,1629
257,-10,2,10751,-5120,31742,0,3840,0,1629
262,1,22,10751,-5120,31742,0,-769,0,1629
259,-1,24,10751,-5120,31742,0,24064,0,1628
245,-5,28,9471,-5376,31998,0,16128,0,1628
224,-14,20,9471,-5376,31998,0,-1793,0,1629
252,-26,20,9471,-5376,31998,0,-7169,0,1628
264,-31,18,11007,-5888,-28674,0,9984,0,1629
251,-39,15,11007,-5888,-28674,0,5632,0,1627
224,-18,31,11007,-5888,-28674,0,1792,0,1628
268,-11,30,11263,-4608,32510,0,-20993,0,1627
243,-10,24,14079,-4352,-28418,0,-8961,0,1629
251,-24,10,14079,-4352,-28418,0,-7169,0,1627
274,-18,26,11519,-4352,-29442,0,-17921,0,1628
244,-1,16,11775,-4608,-29698,0,-13569,0,1629
280,-2,29,11775,-4608,-29698,0,-19457,0,1627
259,8,16,9471,-6656,-30978,0,-20481,0,1628
286,15,5,11775,-3584,-29954,0,-14337,0,1630
262,28,20,11775,-3584,-29954,0,-7681,0,1629
262,34,19,11263,-5376,-32258,0,-7681,0,1629
260,37,42,11519,-3584,32254,0,512,0,1628
263,29,26,11519,-3584,32254,0,-3329,0,1629
261,27,27,11263,-3072,32254,0,-3841,0,1629
267,16,41,12031,-2816,31998,0,-3841,0,1629
279,14,56,12031,-2816,31998,0,2560,0,1627
226,13,29,13055,-1792,-30978,0,-2817,0,1629
276,8,42,12543,-1536,31230,0,-10497,0,1628
260,8,25,12543,-1536,31230,0,-7169,0,1628
259,21,38,14335,-3072,32766,0,-13313,0,1629
237,13,36,13055,-1536,31486,0,-16897,0,1627
270,20,39,13055,-1536,31486,0,-4865,0,1628
285,28,14,15103,-768,-30210,0,13312,0,1628
250,21,14,13823,-3584,31486,0,12800,0,1629
258,9,47,13823,-3584,31486,0,7168,0,1628
245,-10,48,13055,-6912,30974,0,14848,0,1627
266,-32,40,12543,-4608,-30466,0,20736,0,1628
221,-51,50,12543,-4608,-30466,0,22272,0,1628
220,-72,22,12543,-5120,-30978,0,-26625,0,1628
262,-60,55,9471,-5888,32254,0,8448,0,1629
377,-87,49,9471,-5888,32254,0,1024,0,1631
198,-81,23,11519,-6400,-30978,0,-8448,0,1627
325,-48,30,12799,-4608,-24066,0,8448,0,1627
181,11,46,12287,-4608,-28930,0,-12033,0,1631
306,1,30,12287,-4608,-28930,0,-7681,0,1628
241,-18,28,13567,-3072,-27906,0,-4097,0,1628
270,-34,-9,13567,-3328,-27906,0,6912,0,1630
250,-17,24,13567,-3328,-27906,0,-6913,0,1627
286,-7,42,11775,-4096,31998,0,-19201,0,1628
260,0,50,13055,-3328,-30210,0,8448,0,1626
261,-25,4,13055,-3328,-30210,0,3072,0,1627
259,-16,-7,13567,-3840,-30466,0,-1,0,1628
259,-4,0,15103,-1024,-27650,0,-25345,0,1628
261,-14,17,15103,-1024,-27650,0,8192,0,1628
233,-22,12,12543,-2816,-31490,0,6400,0,1628
231,-16,17,13823,-2304,-27906,0,-10753,0,1629
249,0,13,13823,-2304,-27906,0,-16385,0,1630
239,-8,8,12031,-1536,-30978,0,-16897,0,1628
277,-19,14,14335,-1536,-27138,0,5120,0,1628
239,1,10,14335,-1536,-27138,0,512,0,1629
245,-1,5,13055,-1536,-31490,0,-257,0,1629
231,1,13,11775,-2304,-30210,0,-1793,0,1628
273,-26,20,11775,-2304,-30210,0,-9217,0,1627
258,-23,17,11263,-3584,-31490,0,6400,0,1627
247,-19,-7,10751,-1536,-31234,0,2816,0,1631
218,-3,11,10751,-1536,-31234,0,-7681,0,1629
279,-6,24,11519,-2560,-31490,0,-5121,0,1628
258,-2,9,12287,513,-29698,0,3584,0,1628
252,-15,-1,12287,513,-29698,0,-4353,0,1629
239,-9,0,10751,-1536,30718,0,-1537,0,1629
243,-15,18,10751,-2048,-31490,0,-13057,0,1629
242,-12,11,10751,-2048,-31490,0,-6913,0,1629
267,-25,5,10495,-2048,30974,0,-3841,0,1629
280,-23,9,11775,-3840,-32258,0,-14081,0,1628
258,-7,14,12031,-2304,-28930,0,-6401,0,1628
242,11,31,12031,-2304,-28930,0,-10753,0,1628
248,-2,18,11007,-3328,-31490,0,-4353,0,1629
260,-13,6,12031,-3328,-32514,0,-7937,0,1628
293,-7,6,12031,-3328,-32514,0,-3329,0,1628
240,-1,8,12031,-2816,28926,0,-3073,0,1629
278,-9,29,11007,-3840,30206,0,-9985,0,1628
248,-9,18,11007,-3840,30206,0,5376,0,1628
268,-9,2,14079,-1792,-32258,0,-1793,0,1629
268,-2,14,11775,-3584,30462,0,-1793,0,1628
244,8,2,11775,-3584,30462,0,-1281,0,1627
257,-4,21,12031,-2048,31486,0,-2305,0,1629
237,-14,19,12031,-3072,29694,0,-3841,0,1629
258,-3,23,12031,-3072,29694,0,-5889,0,1627
254,-8,12,12799,-2304,31230,0,5632,0,1627
258,-5,15,13567,-1536,30974,0,-257,0,1627
217,5,10,13567,-1536,30974,0,5376,0,1628
269,4,35,13311,-1280,30718,0,-4609,0,1627
249,7,8,13311,-1280,30718,0,-1025,0,1628
248,-11,7,12543,-1536,30974,0,-11265,0,1628
265,-19,7,12543,-1792,32766,0,1792,0,1627
266,-15,10,12543,-1792,32766,0,0,0,1631
244,-7,10,11263,-256,31230,0,3072,0,1629
245,-1,14,11007,1,-32258,0,-5889,0,1628
252,4,29,11007,1,-32258,0,-11009,0,1628
328,-13,53,11007,-1024,31742,0,-1281,0,1628
227,-25,11,12543,-768,30462,0,9216,0,1627
268,-5,19,12543,-768,30462,0,-10241,0,1628
274,-2,44,10751,-1536,32510,0,-16641,0,1628
285,1,49,10495,-1280,-30722,0,-15617,0,1627
287,-7,-3,10495,-1280,-30722,0,12544,0,1629
304,-16,15,11007,-1280,-32002,0,-6913,0,1628
238,8,16,9215,-2048,29950,0,7168,0,1628
270,11,66,9215,-2048,29950,0,-17665,0,1629
277,2,19,12031,-1024,-29698,0,-5889,0,1629
249,3,19,8191,-2304,30206,0,-6401,0,1629
277,-10,-21,8191,-2304,30206,0,-3073,0,1629
264,-13,34,8959,-2048,30974,0,-3329,0,1629
233,-7,35,9727,-1280,26878,0,-3329,0,1628
239,-6,30,9727,-1280,26878,0,-12033,0,1628
272,-6,4,13567,-1792,-29698,0,-12033,0,1630
273,-1,17,10751,-3072,29694,0,-11521,0,1627
241,-1,15,10751,-3072,29694,0,-1025,0,1628
285,4,27,8959,-2560,30718,0,-8961,0,1627
232,12,14,9727,-1536,-30210,0,-1793,0,1628
274,1,11,9727,-1536,-30210,0,-3585,0,1628
245,6,10,9471,-1792,-31746,0,-4609,0,1631
262,5,0,10239,-2560,-31746,0,2304,0,1631
267,10,28,10239,-2560,-31746,0,3072,0,1627
269,9,26,10239,-1792,30462,0,-1537,0,1628
268,6,32,9983,-1792,-28930,0,13312,0,1629
272,0,7,9983,-1792,-28930,0,9984,0,1628
238,11,17,9471,-2048,32510,0,2560,0,1630
244,-6,25,9471,-2048,32510,0,512,0,1628
250,-15,24,8191,-2560,31230,0,1280,0,1628
270,-21,5,9215,-2816,-30978,0,4608,0,1627
246,-22,13,9215,-2816,-30978,0,512,0,1629
257,-14,23,9983,-2048,31998,0,-4097,0,1629
248,-2,41,8959,-2304,-31234,0,-11777,0,1631
277,-4,26,8959,-2304,-31234,0,4352,0,1629
244,-3,25,8959,-3584,31742,0,-3073,0,1629
251,-6,14,10751,-1792,-29698,0,1536,0,1628
244,0,39,10751,-1792,-29698,0,-8961,0,1628
267,-5,18,8703,-3584,31998,0,-6145,0,1628
239,-7,20,8959,-4096,-32514,0,-1281,0,1627
265,-13,16,8959,-4096,-32514,0,-1,0,1628
244,-7,28,8703,-3072,30462,0,-5633,0,1629
271,3,18,10239,-2048,-28162,0,0,0,1628
260,-13,45,10239,-2048,-28162,0,-7681,0,1628
248,-11,17,9215,-2304,29694,0,9728,0,1628
250,-5,23,9983,-4608,32766,0,4096,0,1629
243,-12,19,9983,-4608,32766,0,-8961,0,1628
260,-4,21,10751,-2816,-26626,0,-6657,0,1627
270,-18,20,13311,-2304,-29698,0,-769,0,1629
271,-19,27,13311,-2304,-29698,0,-1025,0,1628
285,-21,45,10239,-3072,-30722,0,768,0,1628
274,-11,48,9215,-3328,-31746,0,2560,0,1628
257,2,28,9215,-3328,-31746,0,4864,0,1628
263,2,12,7935,-3840,-32258,0,-257,0,1627
244,-4,20,10751,-2816,-28674,0,-5377,0,1627
271,-9,37,10751,-2816,-28674,0,2048,0,1627
248,-20,38,8447,-2304,-32002,0,-769,0,1631
247,-25,24,9727,-2048,-32258,0,-1281,0,1627
265,-22,29,9727,-2048,-32258,0,-16129,0,1629
245,-4,25,12031,-2048,-27906,0,-7937,0,1629
270,-5,35,9983,-2560,30718,0,-1793,0,1629
238,5,-1,9983,-2560,30718,0,512,0,1629
262,9,19,9983,-1792,-32514,0,-257,0,1629
252,7,32,10239,-3072,31230,0,-2305,0,1628
284,-1,37,10239,-3072,31230,0,5120,0,1629
231,-11,22,11775,-3584,-28162,0,-257,0,1629
272,-12,21,11775,-3584,-28162,0,3072,0,1628
249,-1,35,11775,-3584,-28162,0,7936,0,1628
242,-2,27,11007,-4096,31998,0,6912,0,1628
262,-1,25,11007,-4096,31998,0,-1,0,1629
220,-6,29,11007,-4096,31998,0,7168,0,1628
268,-14,31,12287,-2048,-32258,0,-8449,0,1627
261,-9,30,12287,-2048,-32258,0,9728,0,1628
281,-26,21,11007,-2816,-31234,0,12288,0,1627
211,-4,33,11775,-2560,32766,0,-3585,0,1627
296,1,56,11775,-2560,32766,0,-9473,0,1631
213,-3,23,11775,-2560,32766,0,-5633,0,1627
296,-22,2,10495,-4864,-29698,0,-10241,0,1629
250,-14,15,11519,-4352,-29698,0,-3073,0,1628
284,-9,22,11519,-4352,-29698,0,-769,0,1628
256,2,44,13055,-3328,-25602,0,-8193,0,1628
266,-5,30,11775,-4864,32766,0,-513,0,1628
254,-8,27,11775,-4864,32766,0,-7169,0,1628
290,-15,2,11519,-3328,-30210,0,-7937,0,1629
258,-8,30,12287,-3584,-32514,0,-6657,0,1629
253,1,26,12287,-3584,-32514,0,768,0,1628
274,-2,26,11519,-3584,-31234,0,-8961,0,1628
270,-14,2,13823,-3328,-24834,0,256,0,1628
277,-5,17,13823,-3328,-24834,0,-1793,0,1628
236,-7,41,10239,-4096,32766,0,10752,0,1627
259,-4,27,11519,-5632,-30466,0,-1,0,1629
260,-7,-1,11519,-5632,-30466,0,-12545,0,1629
278,-20,-6,12543,-4352,-29954,0,-9985,0,1628
231,-27,32,11775,-4864,-32514,0,-1281,0,1630
270,-15,25,11775,-4864,-32514,0,-1537,0,1629
250,4,31,11263,-5632,-31746,0,3072,0,1628
259,9,8,13567,-4608,-27138,0,1792,0,1629
244,12,16,13567,-4608,-27138,0,-7169,0,1630
244,-6,23,11007,-5632,-29442,0,-4865,0,1628
246,-21,18,10239,-5888,-29442,0,-1025,0,1627
275,-29,16,10239,-5888,-29442,0,3584,0,1629
246,-14,-1,10751,-5120,-32002,0,14592,0,1628
271,-2,15,11007,-4352,-29442,0,1024,0,1629
251,5,23,11007,-4352,-29442,0,2560,0,1630
271,-2,4,10495,-5888,-30722,0,3584,0,1628
228,-8,22,9983,-4352,-30722,0,1792,0,1628
194,-16,5,9983,-4352,-30722,0,-10241,0,1628
255,-27,30,10495,-6400,-32258,0,26879,0,1629
298,-36,26,11775,-4864,-31234,0,-15361,0,1628
417,-35,32,11775,-4864,-31234,0,-30720,0,1628
205,-8,6,10239,-4864,30718,0,-27904,0,1629
286,27,26,11263,-3840,-31490,0,-6145,0,1629
172,31,45,11263,-3840,-31490,0,-25345,0,1628
253,-10,-12,12287,-4864,-30210,0,-9985,0,1629
261,-57,24,12031,-4096,-32258,0,-24833,0,1628
313,-73,-64,11775,-6912,-31746,0,25856,0,1628
249,-30,-17,11775,-6912,-31746,0,5120,0,1627
251,0,28,13055,-5632,-31234,0,-17153,0,1629
199,18,67,11519,-4608,32254,0,-13825,0,1627
249,9,30,11519,-4608,32254,0,-18177,0,1629
240,15,4,14335,-5632,-30466,0,-3329,0,1628
280,-19,-38,13823,-6400,31742,0,-1,0,1629
255,-3,10,13823,-6400,31742,0,11520,0,1628
267,-21,38,14079,-3584,-27906,0,9728,0,1629
237,-21,37,12287,-4096,-30722,0,9216,0,1630
255,-23,26,12287,-4096,-30722,0,-23041,0,1628
257,-22,-1,11519,-5120,-31490,0,-6145,0,1628
281,-20,-13,11775,-6656,-28418,0,-4609,0,1628
248,-11,14,12543,-4352,-26370,0,-513,0,1628
278,-12,13,12543,-4352,-26370,0,-6145,0,1628
243,-4,16,10495,-5632,-32258,0,-6145,0,1629
273,-21,10,12799,-4096,-24834,0,-9217,0,1627
249,-13,3,12799,-4096,-24834,0,-3073,0,1629
269,-15,0,11519,-5376,-31234,0,-6401,0,1627
269,-10,21,9983,-4864,-31234,0,3584,0,1628
282,-11,11,9983,-4864,-31234,0,256,0,1628
253,-3,12,12543,-5632,32254,0,3584,0,1628
269,2,7,11263,-5376,31742,0,3840,0,1629
247,-3,8,11263,-5376,31742,0,9216,0,1629
262,-14,1,11519,-4864,-27906,0,9216,0,1629
241,-14,3,11263,-4864,-30722,0,9984,0,1628
246,-19,9,11263,-4864,-30722,0,7936,0,1629
233,-27,14,11775,-5888,-29954,0,-7681,0,1629
254,-24,17,10495,-5120,-29186,0,-6657,0,1628
261,-29,19,10495,-5120,-29186,0,6400,0,1628
259,-18,2,11519,-7680,-32258,0,1024,0,1627
246,-14,15,10751,-5888,32766,0,-1537,0,1627
259,-4,16,10751,-5888,32766,0,256,0,1627
247,-10,18,12031,-5120,-30722,0,512,0,1628
221,-23,-3,10751,-4352,31998,0,-5889,0,1629
267,-16,10,10751,-4352,31998,0,-4609,0,1628
236,-19,8,9471,-5376,-31234,0,-6401,0,1629
278,-24,-7,10751,-6912,31742,0,-3841,0,1628
211,-9,11,10751,-6912,31742,0,7680,0,1629
240,-7,12,12543,-5376,-32258,0,-2817,0,1625
218,-6,19,11519,-4608,-29442,0,-13569,0,1629
267,-23,12,11519,-4608,-29442,0,-9473,0,1628
250,-26,13,13567,-6144,-31746,0,-5889,0,1627
266,-36,2,13055,-6656,-30978,0,-5633,0,1628
280,-14,25,13055,-6656,-30978,0,768,0,1627
295,-13,27,13311,-4864,-27394,0,-2305,0,1629
282,-2,4,14591,-4352,-27906,0,2560,0,1629
263,2,-17,14591,-4352,-27906,0,1536,0,1628
287,-9,-6,13055,-6400,-29954,0,8704,0,1629
269,-23,-2,12031,-6144,-29698,0,-2049,0,1629
295,-20,1,12031,-6144,-29698,0,-3329,0,1628
263,-27,-3,12031,-6144,-29698,0,12032,0,1630
246,-32,-9,9215,-6144,-29442,0,5120,0,1628
242,-8,13,11519,-6400,-30722,0,-3073,0,1628
255,-10,13,11519,-6400,-30722,0,-9217,0,1628
244,-10,-8,10495,-6400,32510,0,-2561,0,1627
251,-29,-5,10239,-5888,-26882,0,-3585,0,1629
233,-23,7,10239,-5888,-26882,0,-10497,0,1628
247,-27,16,9727,-4096,-32258,0,-16129,0,1628
258,-27,6,7935,-4352,-32514,0,-21505,0,1629
253,-18,-12,7935,-4352,-32514,0,-8449,0,1628
270,-18,0,10239,-4864,-31234,0,-17921,0,1628
235,1,16,9471,-3328,-32258,0,-25601,0,1627
272,-13,20,9471,-3328,-32258,0,-27905,0,1628
238,-18,9,8447,-3328,-31746,0,-21761,0,1628
252,-21,-12,7679,-1280,-32514,0,-29953,0,1629
230,-22,15,7679,-1280,-32514,0,31487,0,1629
298,-10,-1,7679,-1280,-32514,0,-21249,0,1627
260,1,-1,9215,769,-25602,0,-15873,0,1628
288,7,14,9727,3073,-29186,0,-26881,0,1628
249,14,6,9727,3073,-29186,0,-14849,0,1629
312,3,15,10751,2305,-28418,0,-19713,0,1629
298,8,5,10751,2305,-28418,0,0,0,1631
301,-7,-12,10751,2305,-28418,0,10496,0,1627
279,6,-15,11007,1281,-32258,0,10496,0,1628
249,9,3,11007,1281,-32258,0,5888,0,1627
247,8,-4,12543,1281,-31234,0,3328,0,1627
220,-7,2,14591,-1536,-29442,0,2560,0,1627
249,-20,5,14591,-1536,-29442,0,-1793,0,1628
213,-18,-2,13567,-2304,-28162,0,-769,0,1628
236,-16,12,13567,-3328,31230,0,8192,0,1628
232,1,23,13567,-3328,31230,0,-4097,0,1629
236,-4,20,12543,-3840,-30978,0,-13313,0,1628
273,6,4,12799,-4352,-31490,0,-5121,0,1628
263,-2,1,12799,-4352,-31490,0,-3329,0,1629
255,-6,2,11263,-3584,30718,0,2816,0,1628
278,1,15,12287,-4608,31742,0,-2305,0,1629
275,3,-5,12287,-4608,31742,0,-1025,0,1630
276,-16,3,12287,-4096,29694,0,-9985,0,1629
283,-5,2,11519,-3328,-31234,0,-2817,0,1629
258,-7,6,11519,-3328,-31234,0,-769,0,1629
254,-5,1,12031,-4864,30974,0,-3073,0,1629
232,7,0,12543,-5120,29694,0,-8449,0,1628
272,-3,6,12543,-5120,29694,0,-8193,0,1629
265,-5,4,13055,-4096,-28674,0,-769,0,1628
260,-14,15,12031,-4352,31486,0,768,0,1629
260,2,9,12031,-4352,31486,0,3072,0,1629
254,-2,12,12031,-5120,31486,0,3840,0,1627
234,4,-2,12031,-5120,31486,0,6912,0,1628
240,2,7,12031,-6144,32510,0,-1,0,1628
231,2,-3,12799,-3072,-30466,0,-257,0,1628
254,-11,5,12799,-3072,-30466,0,2816,0,1629
243,-20,-2,11263,-4096,-32514,0,-513,0,1630
233,-16,18,12543,-4608,-32002,0,-3329,0,1628
236,-5,16,12543,-4608,-32002,0,-2049,0,1629
271,-5,16,11519,-3072,-31490,0,-3329,0,1627
248,-7,3,10239,-4352,-32258,0,2048,0,1627
264,-1,3,10239,-4352,-32258,0,-1793,0,1628
264,4,12,11519,-2304,28670,0,-513,0,1629
269,-13,5,11775,-4352,31486,0,-4865,0,1628
276,-22,0,11775,-4352,31486,0,-1793,0,1627
291,-18,-11,11007,-3840,30462,0,5632,0,1627
270,0,-5,13055,-3328,30974,0,7424,0,1627
261,-3,8,13055,-3328,30974,0,-257,0,1629
262,-2,7,11775,-3328,32766,0,-3841,0,1627
261,-2,12,12287,-3328,29950,0,2304,0,1629
251,-19,3,12287,-3328,29950,0,2048,0,1629
243,-15,-2,12031,-3328,-30466,0,3328,0,1629
264,-10,14,13311,-3584,-32258,0,-7425,0,1629
241,-2,1,13311,-3584,-32258,0,-513,0,1629
260,-19,7,11007,-3328,-31490,0,-3585,0,1628
232,-16,3,12543,-3072,-32514,0,-4097,0,1628
262,-15,11,12543,-3072,-32514,0,-8193,0,1628
255,-4,-1,11007,-3584,-29442,0,4096,0,1628
276,-7,9,10751,-3840,30462,0,1024,0,1628
263,0,1,10751,-3840,30462,0,1536,0,1627
273,-8,18,10239,-4096,29182,0,-6145,0,1628
251,-17,8,9983,-3584,30974,0,1280,0,1627
281,-25,3,9983,-3584,30974,0,-2561,0,1628
256,-26,1,12287,-4096,-30722,0,-4097,0,1628
286,-17,0,10239,-4096,29950,0,6656,0,1627
235,-3,1,10239,-4096,29950,0,4608,0,1628
243,0,4,11263,-4352,31998,0,-11265,0,1628
259,-11,12,11007,-3584,-31746,0,-11521,0,1628
258,-23,-1,11007,-3584,-31746,0,-10241,0,1628
254,-24,-10,9727,-5376,30974,0,4352,0,1628
255,-10,-3,10239,-5120,29950,0,-2817,0,1629
251,5,11,10239,-5120,29950,0,-2817,0,1628
265,3,10,12031,-4096,32510,0,-6657,0,1628
257,-3,0,10495,-4608,31486,0,-7169,0,1628
245,-14,2,10495,-4608,31486,0,-5121,0,1628
279,-19,9,11775,-6144,31998,0,-6401,0,1628
269,-8,7,11263,-6144,30718,0,-1793,0,1628
282,-5,0,11263,-6144,30718,0,-3841,0,1630
248,6,-10,12287,-3840,-32514,0,-3585,0,1629
270,-3,7,11519,-3584,30206,0,-3841,0,1627
243,-9,15,11519,-3584,30206,0,-6913,0,1628
261,-12,-6,10495,-4096,28926,0,-4353,0,1628
251,-15,-6,11007,-4864,30718,0,-7425,0,1627
261,-8,15,11007,-4864,30718,0,-7937,0,1628
257,1,16,12543,-4352,-29698,0,1792,0,1628
253,5,-5,11007,-3584,30206,0,-5377,0,1629
248,9,-1,11007,-3584,30206,0,3840,0,1628
255,1,18,11263,-5120,30718,0,-9985,0,1627
274,-10,-3,11519,-2560,29950,0,5632,0,1629
272,-17,-11,11519,-2560,29950,0,512,0,1627
239,-3,-5,10751,-4352,-32002,0,-1793,0,1627
251,-3,5,11775,-4864,31742,0,4352,0,1628
249,-3,18,11775,-4864,31742,0,-8705,0,1628
237,-3,-1,9471,-5120,30206,0,-4353,0,1629
255,-13,-11,12543,-4352,-29954,0,-9985,0,1629
260,-15,8,12543,-4352,-29954,0,-11265,0,1629
244,-17,8,10495,-4864,29438,0,1024,0,1628
256,-8,10,10751,-4864,-31490,0,-5633,0,1628
241,0,-4,10751,-4864,-31490,0,-4609,0,1629
251,1,6,11263,-4864,30718,0,-12289,0,1627
279,-18,11,11007,-4096,-31234,0,-10753,0,1631
267,-17,6,11007,-4096,-31234,0,-257,0,1628
255,-6,-7,10751,-4608,-32002,0,0,0,1628
280,0,3,13823,-3840,-30722,0,-5377,0,1629
257,7,12,13823,-3840,-30722,0,-2305,0,1629
281,2,7,10239,-4864,31998,0,9728,0,1628
252,-4,-5,11263,-3840,28414,0,1792,0,1629
218,0,-3,11263,-3840,28414,0,1024,0,1628
211,1,10,8959,-5120,27902,0,-11265,0,1629
258,-11,1,8959,-5120,27902,0,-10241,0,1628
241,-8,8,8447,-5120,31230,0,1792,0,1628
243,-10,-17,9727,-3584,31742,0,9216,0,1629
208,7,11,9727,-3584,31742,0,-6145,0,1629
242,7,17,9983,-4608,28926,0,-12801,0,1628
249,3,23,10239,-4608,30206,0,-2817,0,1628
276,-8,-1,10239,-4608,30206,0,-513,0,1629
274,7,-4,11519,-4608,-29954,0,9216,0,1629
276,1,-7,11519,-3840,29950,0,10496,0,1628
280,3,36,11519,-3840,29950,0,5888,0,1628
249,-6,-8,11519,-4864,-31490,0,14592,0,1629
273,-8,-2,9983,-4864,29694,0,-1281,0,1629
269,-9,-32,9983,-4864,29694,0,8448,0,1629
295,-9,-3,11007,-4352,-31746,0,11264,0,1629
206,3,-1,9727,-6656,31230,0,9984,0,1627
239,-4,9,9727,-6656,31230,0,-6401,0,1628
209,-4,14,10495,-6656,-31490,0,-8705,0,1628
279,-11,27,11263,-5888,29950,0,-14849,0,1627
230,-27,2,11263,-5888,29950,0,-2305,0,1628
241,-9,7,9983,-6656,30718,0,-16129,0,1630
249,-10,7,9983,-6144,30718,0,-5633,0,1628
256,-2,21,9983,-6144,30718,0,-10497,0,1627
281,1,1,11007,-7168,32510,0,-3841,0,1627
265,2,-17,11007,-6912,28670,0,-769,0,1627
253,8,0,11007,-6912,28670,0,-11265,0,1628
267,-1,17,11007,-4864,32766,0,-12289,0,1628
269,-6,4,11263,-5376,29182,0,-3841,0,1628
263,-14,4,11263,-5376,29182,0,5888,0,1628
282,-9,-19,12799,-5376,-30210,0,4352,0,1628
235,-1,1,12031,-5376,27646,0,-1025,0,1628
245,-4,10,12031,-5376,27646,0,4864,0,1627
235,-20,20,13055,-3584,-28930,0,7168,0,1629
250,-25,-4,13055,-3584,-28930,0,1024,0,1627
251,-32,-5,13055,-3584,-28930,0,5632,0,1628
258,-27,-5,10495,-7680,28670,0,-257,0,1629
243,-23,20,11263,-6912,30974,0,1280,0,1628
249,-11,16,11263,-6912,30974,0,-3329,0,1629
254,-3,8,11519,-6144,31742,0,-15617,0,1628
247,-10,-11,13567,-6144,31230,0,-15617,0,1629
252,-22,6,13567,-6144,31230,0,-26113,0,1628
277,-27,5,12031,-4352,31486,0,-16129,0,1627
266,-16,-1,12543,-3584,30206,0,-4353,0,1628
244,-6,-10,12543,-3584,30206,0,-2561,0,1629
244,8,0,12031,-2048,31486,0,-16897,0,1629
241,9,17,12031,-1536,30974,0,-28417,0,1630
275,-19,24,12031,-1536,30974,0,-5121,0,1628
268,-28,10,13311,-768,-26882,0,-3841,0,1629
230,-13,0,10495,1,28926,0,-4609,0,1628
256,2,27,10495,1,28926,0,-17665,0,1629
271,7,24,12031,-2048,-30978,0,-12545,0,1627
271,-1,2,8959,-2048,26366,0,4608,0,1628
255,-9,-40,8959,-2048,26366,0,-3841,0,1628
270,-2,-2,8447,-3328,27902,0,-5121,0,1627
259,2,16,8447,-3328,27902,0,8448,0,1629
253,-8,15,8447,-3328,27902,0,-3585,0,1629
256,-15,-4,9983,-2560,32510,0,3328,0,1629
262,-18,4,9983,-2560,32510,0,-3073,0,1628
259,-10,14,9471,-3840,27902,0,-5633,0,1628
251,-1,9,6399,-6400,18686,0,1024,0,1628
236,-4,3,6399,-6400,18686,0,-3329,0,1629
260,-11,6,11263,-3840,-29954,0,-2305,0,1629
258,-16,6,10495,-4864,30974,0,-3585,0,1629
252,-14,1,10495,-4864,30974,0,-2049,0,1629
266,-5,11,10751,-3584,26878,0,0,0,1630
241,-3,13,9471,-5120,29182,0,5376,0,1629
281,6,1,9471,-5120,29182,0,-769,0,1629
223,7,2,11519,-3328,-30978,0,-3073,0,1629
262,-3,-2,9215,-4352,30206,0,-1025,0,1628
247,-11,5,9215,-4352,30206,0,10496,0,1629
250,-6,1,9215,-4096,29694,0,768,0,1629
241,-5,12,9215,-4096,29694,0,-769,0,1629
260,-6,15,10495,-4608,26878,0,-1,0,1628
237,-12,5,11775,-3328,-32002,0,4864,0,1628
252,-13,-4,11775,-3328,-32002,0,1792,0,1629
262,-11,17,12799,-3328,-29442,0,-4097,0,1629
277,-15,25,10239,-4096,26878,0,6912,0,1628
283,-16,12,10239,-4096,26878,0,16640,0,1629
243,-1,8,10495,-2048,30206,0,3072,0,1628
275,-2,12,12031,-2816,-32514,0,6144,0,1630
259,-9,16,12031,-2816,-32514,0,256,0,1628
267,-21,8,9983,-4352,28670,0,-11777,0,1627
275,-26,-4,9983,-3328,29694,0,-13057,0,1628
289,-30,-5,9983,-3328,29694,0,-4609,0,1629
265,-27,9,8959,-4096,28670,0,-6145,0,1627
258,-7,10,9983,-3584,-32258,0,-7681,0,1630
256,4,0,9983,-3584,-32258,0,-5889,0,1629
256,3,-2,9471,-4096,27134,0,-15873,0,1628
261,-7,-2,8703,-5120,27902,0,-2561,0,1629
255,-13,12,8703,-5120,27902,0,3072,0,1629
250,-8,6,10239,-4096,-29954,0,768,0,1628
257,-13,13,9727,-4096,29182,0,512,0,1629
243,-10,6,9727,-4096,29182,0,3328,0,1630
242,-9,6,8191,-4352,26878,0,3072,0,1627
246,-8,11,8191,-4352,26878,0,-4097,0,1627
245,-21,8,8191,-4352,26878,0,-3585,0,1628
270,-22,5,11263,-3584,-31490,0,-4865,0,1629
251,-21,-2,11263,-3584,-31490,0,-3841,0,1628
256,-18,2,9983,-3840,26878,0,5376,0,1628
234,-15,12,10239,-3072,29950,0,-11009,0,1629
267,3,4,11775,-4352,29950,0,-12801,0,1628
249,-5,15,11775,-4352,29950,0,-9729,0,1629
238,-19,-2,11263,-3328,-30466,0,-9473,0,1628
282,-10,9,11519,-3584,28414,0,-8449,0,1628
238,-4,12,11519,-3584,28414,0,-5377,0,1627
271,-6,2,11519,-2560,32766,0,-5633,0,1628
252,11,2,10495,-3072,29182,0,-2817,0,1629
252,-2,14,10495,-3072,29182,0,-3329,0,1629
246,1,15,11007,-1792,26366,0,0,0,1628
266,-2,5,11007,-1792,26366,0,256,0,1629
261,-3,-2,10495,-3072,26366,0,0,0,1629
253,-1,-3,11519,-2560,25598,0,2816,0,1627
262,-4,11,11519,-2560,25598,0,4096,0,1629
237,-2,24,9983,-2816,30462,0,1280,0,1627
274,-10,13,10239,-1536,28414,0,-1793,0,1628
254,-5,6,10239,-1536,28414,0,-257,0,1628
247,-9,1,11519,-3072,27134,0,-1537,0,1628
243,-7,18,11775,-2560,27646,0,0,0,1627
259,-19,15,11775,-2560,27646,0,-2305,0,1630
246,-11,4,10239,-3072,30718,0,1792,0,1627
268,-13,7,10239,-2560,27134,0,-10753,0,1628
251,-5,8,11775,-2560,27134,0,-257,0,1629
232,-13,26,11007,-2560,27390,0,512,0,1628
252,2,15,11007,-2560,27390,0,-2049,0,1629
258,-3,26,13055,-4096,31486,0,-3585,0,1629
266,-5,3,10495,-3584,25342,0,-513,0,1629
263,-4,4,10495,-3584,25342,0,-3073,0,1629
272,-12,7,10495,-3840,25086,0,-3841,0,1628
239,-9,21,11519,-4864,25854,0,6144,0,1628
263,-8,15,11519,-4864,25854,0,1792,0,1628
245,1,8,10495,-4864,25086,0,6656,0,1627
254,-5,-4,11263,-5376,25854,0,-257,0,1630
254,-3,10,11263,-5376,25854,0,-769,0,1628
288,-17,17,10239,-4864,26110,0,4352,0,1628
248,-13,9,8959,-5632,26110,0,6144,0,1627
257,-10,1,8959,-5632,26110,0,3072,0,1627
248,2,17,10751,-4608,-32002,0,768,0,1627
256,-2,11,8703,-2560,27134,0,768,0,1629
255,0,12,8703,-2560,27134,0,2304,0,1629
263,-8,3,9215,-3840,28926,0,4608,0,1629
270,-17,13,9215,-3840,28926,0,1024,0,1628
251,-15,11,9983,-2816,32510,0,1024,0,1628
253,-6,21,8703,-3840,27646,0,-1793,0,1629
247,-9,9,8703,-3840,27646,0,-2817,0,1628
251,-10,8,7423,-5376,25854,0,-7937,0,1628
266,-8,5,9983,-4608,26366,0,-5889,0,1628
261,-4,10,9983,-4608,26366,0,-4609,0,1629
243,-2,7,9983,-4864,28926,0,-257,0,1628
231,-3,15,9983,-5888,30462,0,-1537,0,1630
247,-2,10,9983,-5888,30462,0,-10241,0,1629
253,1,13,7935,-7168,27902,0,-3585,0,1628
261,-8,-6,9471,-5632,26622,0,-2561,0,1629
237,-16,10,9471,-5632,26622,0,-9985,0,1628
249,-8,0,11263,-6400,29950,0,-6657,0,1628
245,-1,31,11263,-6400,29950,0,-6913,0,1629
248,-4,10,11263,-6400,29950,0,-9729,0,1628
274,3,-2,12543,-4096,30462,0,-19713,0,1628
265,-12,3,12543,-4096,30462,0,-8449,0,1628
257,-12,13,12543,-4096,30462,0,-10497,0,1627
242,-7,20,9727,-3072,29694,0,-6401,0,1628
274,3,9,11007,-2048,31486,0,-8449,0,1629
258,9,10,11007,-2048,31486,0,-3329,0,1628
265,15,-6,9471,-4096,26622,0,-6401,0,1629
248,6,16,9471,-4096,26622,0,-513,0,1629
245,-7,7,9471,-4096,26622,0,-8449,0,1627
267,-6,10,9983,-4352,28670,0,-3073,0,1627
247,-5,8,9983,-4352,28670,0,-7681,0,1627
264,-13,-4,9215,-3328,26622,0,-12289,0,1627
253,-7,22,10495,-4352,27390,0,-5889,0,1628
269,8,9,10495,-4352,27390,0,-1,0,1628
258,12,4,10751,-4096,30974,0,-257,0,1628
253,8,1,10751,-4352,27134,0,-4865,0,1627
239,18,-1,10751,-4352,27134,0,-2561,0,1626
256,-4,9,8703,-5632,26110,0,768,0,1628
255,-3,6,8703,-5632,26110,0,-513,0,1627
253,-8,3,8703,-5632,26110,0,-769,0,1628
250,-2,12,12031,-4352,30718,0,-4097,0,1629
261,2,20,12031,-4352,30718,0,-513,0,1629
264,4,2,10495,-6656,30974,0,-3073,0,1628
245,6,-4,11263,-6912,28926,0,-6657,0,1628
256,-8,10,11263,-6912,28926,0,-1025,0,1629
254,-2,9,13311,-4352,-32002,0,-4353,0,1628
255,1,11,11519,-4352,-32514,0,-5889,0,1630
258,-4,1,11519,-4352,-32514,0,-4353,0,1628
248,-8,1,11263,-5632,27390,0,-3841,0,1628
276,-5,6,10239,-4096,28926,0,-15617,0,1628
252,9,10,10239,-4096,28926,0,-7937,0,1628
269,-1,9,8447,-4096,27646,0,-8961,0,1628
255,4,12,7935,-4608,27390,0,-7681,0,1628
262,-3,1,7935,-4608,27390,0,-1281,0,1628
249,2,16,10239,-5376,29694,0,-2305,0,1628
260,1,15,11519,-4608,27390,0,-8449,0,1628
255,1,9,11519,-4608,27390,0,-5377,0,1627
262,-8,5,8703,-4352,26110,0,-3073,0,1628
268,-15,0,8703,-4352,26110,0,1536,0,1628
231,-10,7,8703,-4352,26110,0,-5377,0,1628
271,-2,9,11519,-3584,27646,0,-9473,0,1627
249,-6,11,11519,-3584,27646,0,-3585,0,1627
271,-16,1,10495,-4096,28926,0,-5633,0,1627
239,-2,6,11007,-4352,28414,0,-5121,0,1627
260,-7,15,11007,-4352,28414,0,2816,0,1627
246,6,-1,10495,-3840,27134,0,10240,0,1628
234,3,7,11775,-2560,32254,0,-9729,0,1629
248,2,11,11775,-2560,32254,0,-2561,0,1628
280,-21,23,9983,-3840,27902,0,4352,0,1628
219,-20,0,9471,-6144,29438,0,3584,0,1628
252,-15,10,9471,-6144,29438,0,-9217,0,1629
244,-8,16,8959,-3072,28926,0,1280,0,1628
266,-2,8,9983,-4096,29694,0,5632,0,1629
236,0,5,9983,-4096,29694,0,-6401,0,1628
276,10,7,8959,-4608,25342,0,768,0,1628
234,-1,-2,8959,-4608,25342,0,7168,0,1628
236,-12,11,10495,-3840,27134,0,2304,0,1627
229,-3,13,10751,-3840,31742,0,3328,0,1627
251,-2,9,10751,-3840,31742,0,4608,0,1628
231,-15,5,13055,-2560,-32514,0,5120,0,1629
255,-4,1,9471,-3840,28158,0,-5377,0,1627
245,8,16,9471,-3840,28158,0,-3841,0,1629
260,-1,14,10239,-4096,27902,0,3584,0,1629
229,1,8,12543,-3584,32510,0,5376,0,1628
240,0,11,12543,-3584,32510,0,2304,0,1629
243,0,6,12287,-4608,30206,0,12032,0,1627
216,-5,7,12287,-4608,30206,0,6144,0,1629
225,-3,13,12287,-4608,30206,0,-3585,0,1628
253,-7,10,10239,-4352,30974,0,-1,0,1628
249,-7,18,10239,-4352,30974,0,1280,0,1627
231,-8,6,13055,-4352,28414,0,2560,0,1629
233,-12,16,10239,-5888,29694,0,512,0,1627
251,-2,23,10239,-5888,29694,0,-1281,0,1627
233,-5,27,10495,-6144,-32514,0,-14337,0,1628
205,-8,10,12287,-5120,-30978,0,-8449,0,1629
242,-12,21,12287,-5120,-30978,0,2048,0,1627
238,-14,16,11263,-6144,-27650,0,13568,0,1629
235,-14,25,11007,-6912,31742,0,8192,0,1628
231,-20,26,11007,-6912,31742,0,7168,0,1629
263,-17,36,13055,-4352,-25602,0,-3841,0,1629
267,-44,26,10751,-5632,-27650,0,-8961,0,1629
265,-49,14,11775,-5120,-29442,0,-10497,0,1629
303,-39,30,11775,-5120,-29442,0,-6145,0,1625
295,-27,29,11519,-6144,-29954,0,5120,0,1628
260,1,32,10751,-6144,-30466,0,-3329,0,1631
231,11,10,10751,-6144,-30466,0,0,0,1628
263,6,12,12287,-4608,-29698,0,-8449,0,1628
255,-16,5,11007,-5632,-32514,0,-2305,0,1629
253,-35,-3,11007,-5632,-32514,0,0,0,1629
249,-36,5,9983,-4096,-32258,0,-257,0,1628
244,-33,20,12031,-6400,-29954,0,-5889,0,1627
245,-11,21,12031,-6400,-29954,0,-6401,0,1628
