258,-2,50,-2049,13824,-22274,0,-1793,0,1628
261,-6,55,-3841,13824,-22018,0,-2049,0,
264,4,47,-2049,13824,-22274,0,-2817,0,1629
258,-2,50,-2049,13824,-22274,0,-1793,0,1628
261,-6,55,-3841,13824,-22018,0,-2049,0,264
258,-2,50,-2049,13824,-22274,0,-1793,0,1628
261,-6,55,-3841,13824,-22018,0,-2049,0,1628
268,5,49,-2817,12800,-22786,0,-2817,0,1628
261,-1,49,-2817,12800,-22786,0,-6401,0,1628
264,0,51,-1025,15104,-16642,0,-1281,0,1628
257,0,46,2816,15104,-9474,0,-1,0,1627
255,7,41,2816,15104,-9474,0,-1537,0,1628
271,9,52,1280,16384,-9218,0,-3585,0,1629
260,-4,49,1536,14848,-7426,0,-3329,0,1628
259,0,50,1536,14848,-7426,0,-1537,0,1629
251,-4,39,2048,16384,-8450,0,-1793,0,1628
252,-3,30,3584,15360,-7170,0,-2049,0,1629
260,7,42,3584,15360,-7170,0,-2305,0,1629
259,-1,40,512,16640,-7682,0,-2305,0,1628
261,3,37,512,16640,-7682,0,-2561,0,1628
265,4,45,3584,16640,-2562,0,-3841,0,1629
259,3,37,4608,16640,-1026,0,-1537,0,1628
266,3,36,4608,16640,-1026,0,-3585,0,1629
266,2,36,1792,17152,-6146,0,-1793,0,1628
257,-9,43,1792,15360,-8962,0,-2817,0,1629
261,4,34,1792,15360,-8962,0,-2049,0,1628
255,-5,39,2560,17152,-2306,0,-1793,0,1628
254,6,38,3584,15616,-4610,0,-2049,0,1628
266,4,41,3584,15616,-4610,0,-3329,0,1629
265,4,45,2560,14080,-4098,0,-2561,0,1628
257,0,29,2560,14080,-4098,0,-2561,0,1629
263,3,33,2560,14080,-4098,0,-2561,0,1629
255,2,29,2560,16128,-8194,0,-1793,0,1629
250,-1,29,2560,16128,-8194,0,-1793,0,1628
249,-2,26,1280,15616,-6914,0,-3073,0,1629
253,0,37,1280,15360,-6658,0,-769,0,1628
250,4,19,1280,15360,-6658,0,-2305,0,1627
267,1,11,3072,15616,-2306,0,-3073,0,1630
261,7,9,2048,16384,-7938,0,-3329,0,1627
257,5,17,2048,16384,-7938,0,-3585,0,1628
257,4,17,1536,16896,-9474,0,-2305,0,1628
265,2,5,1536,16896,-9474,0,-3073,0,1628
265,3,11,1536,16896,-9474,0,-2049,0,1627
264,8,9,1792,16384,-7426,0,-1537,0,1630
258,4,16,1792,16384,-7426,0,-1537,0,1629
256,6,12,3072,17664,-6146,0,512,0,1629
257,4,13,2560,15104,-7170,0,-257,0,1628
251,-1,7,2560,15104,-7170,0,-2561,0,1627
259,-3,15,2816,16384,1023,0,-3585,0,1629
251,-1,16,3328,15872,-4610,0,-2561,0,1628
247,5,14,3328,15872,-4610,0,-2049,0,1630
259,5,16,1792,15872,-6658,0,-2305,0,1629
264,7,8,1792,15872,-6658,0,-4865,0,1628
259,8,12,2816,16128,-4098,0,-2305,0,1629
253,7,10,2048,16640,-8194,0,-1793,0,1629
255,9,8,2048,16640,-8194,0,-2305,0,1629
248,5,15,1792,16384,-6658,0,-257,0,1627
244,12,2,1792,16128,-6402,0,-2049,0,1630
258,4,-5,1792,16128,-6402,0,-1537,0,1627
264,1,1,2048,17152,1791,0,-513,0,1629
263,0,10,2048,17152,1791,0,-1537,0,1628
251,-10,6,4352,17408,-258,0,-4609,0,1628
258,5,6,512,16384,-5122,0,-6913,0,1629
258,3,6,512,16384,-5122,0,-6657,0,1629
261,12,4,3840,17408,-4098,0,-3585,0,1628
262,7,2,3328,17664,-6914,0,-513,0,1629
261,10,5,3328,17664,-6914,0,-1025,0,1629
264,11,13,2816,17920,1791,0,-2049,0,1629
255,15,12,2816,17920,1791,0,-257,0,1629
248,-2,11,3840,18432,-4354,0,0,0,1628
244,1,12,2560,17152,-7938,0,1536,0,1628
248,4,1,2560,17152,-7938,0,-3329,0,1627
254,10,-2,1024,17152,-6146,0,-3329,0,1627
262,2,-9,3328,17664,1023,0,768,0,1627
250,7,-14,3328,17664,1023,0,512,0,1627
251,1,4,1280,16640,-5122,0,-513,0,1627
253,6,3,1280,16640,-5122,0,-3329,0,1630
256,6,-6,256,16384,-6146,0,-3585,0,1627
262,9,-2,2816,16384,-5634,0,-1793,0,1629
264,11,-11,2816,16384,-5634,0,-1537,0,1629
261,3,-2,2816,16896,-7170,0,-257,0,1628
264,10,0,4352,16896,-6146,0,1280,0,1628
262,3,-2,4352,16896,-6146,0,1792,0,1629
253,10,-5,2816,16640,-2818,0,5120,0,1631
257,-5,-10,2816,16640,-2818,0,2816,0,1628
255,3,-18,2560,17664,-6146,0,-1281,0,1631
256,-4,-15,768,18176,-6146,0,256,0,1631
252,-8,-7,768,18176,-6146,0,0,0,1629
251,-14,-8,3072,18432,-1538,0,-257,0,1631
264,-6,3,2560,16128,-6402,0,-257,0,1627
264,-19,4,2560,16128,-6402,0,-513,0,1629
266,-8,23,1536,17152,-3074,0,-513,0,1628
256,4,35,1536,17152,-3074,0,-1025,0,1629
258,7,50,2816,16128,-3586,0,-1,0,1628
258,6,38,2816,17408,-7938,0,-257,0,1628
256,2,28,2816,17408,-7938,0,256,0,1629
263,4,5,3840,16896,-7426,0,256,0,1629
264,-4,-9,3840,16896,-7426,0,1536,0,1631
262,-18,4,3840,16896,-7426,0,2048,0,1627
257,-20,11,1280,16128,-9218,0,1280,0,1627
259,-16,21,1280,16128,-9218,0,1280,0,1628
250,-3,37,1024,16640,-5634,0,512,0,1628
256,-5,18,2816,17152,-6914,0,-2561,0,1628
266,5,15,2816,17152,-6914,0,-2049,0,1628
263,5,2,1536,16896,-6914,0,-2817,0,1628
261,2,-1,3328,16384,-4610,0,-1793,0,1628
257,-4,9,3328,16384,-4610,0,2048,0,1627
256,-17,13,1280,14336,-8706,0,256,0,1628
260,-13,17,1280,14336,-8706,0,0,0,1629
270,-12,10,1280,14336,-8706,0,768,0,1629
257,-9,10,2560,16640,-6914,0,0,0,1628
250,-4,6,2560,16640,-6914,0,0,0,1628
256,6,2,2048,16640,-7682,0,-1793,0,1629
254,0,8,2048,16128,-8962,0,512,0,1628
259,-5,7,2048,16128,-8962,0,4608,0,1628
264,-22,11,3072,16384,2303,0,4608,0,1628
248,-18,11,3072,16384,2303,0,-1,0,1628
253,-16,3,2048,15360,-6402,0,-1281,0,1629
259,-22,19,1536,16128,-7426,0,-1537,0,1629
251,-20,9,1536,16128,-7426,0,-3073,0,1629
259,-11,4,1024,15360,-9730,0,-4097,0,1628
260,-6,-13,1536,15616,-6402,0,-769,0,1627
259,-6,-2,1536,15616,-6402,0,1792,0,1628
256,-6,11,2560,15616,-8450,0,-3585,0,1628
251,-8,20,2304,14848,-8450,0,-1281,0,1627
254,-6,17,2304,14848,-8450,0,-2561,0,1628
263,-19,9,1280,16128,-7170,0,-4865,0,1628
270,-26,4,1280,16128,-7170,0,-513,0,1626
262,-28,1,1280,16128,-7170,0,2816,0,1627
244,-14,5,1792,14592,-7938,0,-5633,0,1628
259,2,7,1792,14592,-7938,0,-7937,0,1627
260,1,30,768,14336,-8706,0,-2561,0,1628
269,-8,23,1792,15104,-5634,0,-1281,0,1628
252,-4,13,1792,15104,-5634,0,-2817,0,1629
249,-9,20,1792,13824,-6914,0,-10497,0,1628
265,-15,30,768,15104,-8706,0,-7425,0,1627
260,-16,48,768,15104,-8706,0,-8193,0,1628
253,2,42,3072,15104,-10242,0,-4097,0,1628
258,-3,55,4608,16128,-4354,0,-6657,0,1628
271,-2,40,4608,16128,-4354,0,-7169,0,1627
267,-9,34,512,14592,-8450,0,-3585,0,1627
273,-8,42,1792,14848,-8706,0,-5121,0,1628
257,-1,49,1792,14848,-8706,0,512,0,1627
254,-4,52,2816,14080,-9474,0,-2817,0,1628
256,-4,44,2816,14080,-9474,0,-5121,0,1628
265,-8,41,2816,14080,-9474,0,-5121,0,1628
236,-7,37,1536,15360,-8194,0,-1,0,1628
255,-11,22,1536,15360,-8194,0,-4097,0,1629
268,-1,3,1792,15104,-4866,0,-4609,0,1629
269,-4,-5,1536,14848,-6914,0,-5377,0,1627
268,-2,-26,1536,14848,-6914,0,-7169,0,1629
258,2,-9,768,15616,-1794,0,-6401,0,1629
275,-4,3,512,14848,-8194,0,-9217,0,1627
270,-6,19,512,14848,-8194,0,-3585,0,1628
257,-6,49,1536,15360,-8450,0,-1793,0,1628
249,-3,66,3072,17408,-2,0,4352,0,1628
248,-5,42,3072,17408,-2,0,-2561,0,1629
272,5,14,2816,15616,-770,0,-3841,0,1628
271,5,-14,2816,15616,-770,0,-6401,0,1628
256,0,1,512,13824,-6402,0,-7681,0,1628
264,-7,32,-1,13824,-8194,0,512,0,1630
268,-5,47,-1,13824,-8194,0,12032,0,1628
248,-14,29,-257,15616,-7938,0,14592,0,1627
252,-18,2,-257,15616,-7938,0,-769,0,1628
270,-3,-3,-257,15616,-7938,0,-9985,0,1627
274,2,29,768,15104,-4098,0,1024,0,1628
256,-6,40,768,15104,-4098,0,6144,0,1629
247,-12,31,-257,14592,-8194,0,0,0,1628
272,-9,9,768,14848,-8450,0,2048,0,1629
263,-22,23,768,14848,-8450,0,-1,0,1629
261,-21,20,1792,12800,-9986,0,-4097,0,1628
256,-5,28,1792,12800,-9986,0,-1,0,1628
261,-8,27,1792,12800,-9986,0,768,0,1628
246,-2,17,1024,13824,-8962,0,1024,0,1627
263,-2,17,1024,13824,-8962,0,-769,0,1628
256,-4,23,1792,13568,-6146,0,1024,0,1631
270,-10,29,1280,14848,-9986,0,-3585,0,1628
247,-7,17,1280,14848,-9986,0,1024,0,1629
260,-11,19,-257,13824,-8450,0,-3841,0,1631
259,-16,26,1536,14848,-8706,0,-1281,0,1628
276,-11,18,1536,14848,-8706,0,768,0,1628
251,-7,25,1280,14848,-4098,0,2304,0,1628
251,-5,22,0,14336,-8450,0,-4609,0,1628
275,-9,24,0,14336,-8450,0,-513,0,1628
247,-7,21,2816,13056,-258,0,5632,0,1627
246,-20,29,2816,13056,-258,0,-3073,0,1629
258,-16,29,1536,14592,-7938,0,3328,0,1628
270,-24,28,2816,14592,-514,0,2048,0,1627
260,-24,17,2816,14592,-514,0,1792,0,1629
258,-12,20,-1,14336,-9474,0,1792,0,1629
255,-14,25,1280,14592,-8450,0,4096,0,1629
250,-12,25,1280,14592,-8450,0,-1281,0,1629
262,-17,29,512,13312,-9474,0,-5121,0,1629
268,-27,21,512,13568,-7170,0,1024,0,1628
260,-22,7,1024,13568,-7170,0,256,0,1628
250,-9,16,256,14080,-3330,0,-257,0,1628
244,-10,23,256,14080,-3330,0,-3329,0,1627
264,-1,28,768,13312,-9986,0,-4609,0,1629
266,-8,9,768,12800,-8194,0,-6145,0,1627
268,-4,16,768,12800,-8194,0,-1025,0,1627
255,-8,22,2560,12800,-258,0,-2561,0,1629
244,-2,20,512,14080,-9218,0,-7425,0,1629
253,-9,13,512,14080,-9218,0,-2049,0,1629
249,-1,24,512,12288,-7938,0,768,0,1628
247,-7,4,512,12288,-7938,0,-4097,0,1629
265,-4,15,2304,12800,-7938,0,-2305,0,1628
256,-7,16,1536,13312,-8450,0,-769,0,1629
247,-8,18,1536,13312,-8450,0,-2049,0,1629
269,-14,17,1024,13568,-9986,0,-1281,0,1628
266,-11,23,1280,11520,-7170,0,-1537,0,1628
254,-5,30,1280,11520,-7170,0,-5121,0,1628
262,-3,19,512,12288,-9474,0,-5377,0,1629
260,-14,24,1024,12032,-6146,0,1280,0,1628
250,-7,11,1024,12032,-6146,0,-4097,0,1628
260,-10,19,0,13568,-6914,0,-3585,0,1629
264,-7,13,1024,13568,-8706,0,-4097,0,1628
266,-3,12,1024,13568,-8706,0,1792,0,1629
262,-6,12,768,12288,-8962,0,-1793,0,1629
251,-9,13,768,12288,-8962,0,-3073,0,1629
235,-10,29,768,13056,-9474,0,-5377,0,1629
258,-12,22,-1,12544,-7426,0,-10241,0,1628
270,-18,14,-1,12544,-7426,0,-3329,0,1628
257,-11,9,768,13056,-8450,0,-3585,0,1628
254,-6,11,512,12800,-514,0,-7937,0,1628
274,-5,21,512,12800,-514,0,-9217,0,1628
262,-6,16,-1,12800,-7682,0,-7425,0,1627
271,-5,15,0,11776,-8450,0,-3329,0,1627
265,-2,27,0,11776,-8450,0,-2817,0,1629
252,-3,18,256,13312,-4610,0,-2049,0,1629
263,-12,17,256,13312,-4610,0,-7169,0,1629
267,-3,10,-1025,14336,-9474,0,-2305,0,1629
266,-9,12,-1,14336,-6914,0,-3585,0,1629
270,-17,22,-1,14336,-6914,0,-1793,0,1629
261,-9,20,768,13824,-4098,0,-2305,0,1628
258,-17,26,-769,12544,-10498,0,-7169,0,1629
257,-2,14,-769,12544,-10498,0,1024,0,1629
255,-7,17,1024,12288,-4610,0,-1025,0,1628
246,-3,17,256,12032,-7938,0,-4609,0,1628
256,-7,21,256,12032,-7938,0,-5889,0,1629
270,-12,32,-1,13568,-7170,0,-6145,0,1628
268,-10,49,2304,14848,-4354,0,-7937,0,1627
248,-5,55,2304,14848,-4354,0,-2049,0,1629
272,-11,51,-513,14336,-9730,0,-3585,0,1628
271,-1,43,-513,14336,-9730,0,-6657,0,1629
263,7,30,-513,14336,-9730,0,-4609,0,1628
274,3,37,512,14592,-1026,0,-3329,0,1627
260,-7,41,512,14592,-1026,0,6912,0,1628
267,-13,42,0,14080,-7682,0,4352,0,1628
245,-9,34,-257,14336,-9730,0,1280,0,1628
255,-6,38,-257,14336,-9730,0,-7681,0,1629
269,-3,29,-1,13568,-5122,0,-5889,0,1629
261,-16,21,768,14336,-8194,0,2816,0,1628
248,-9,11,768,14336,-8194,0,-769,0,1629
242,-5,8,0,13568,-8450,0,-6657,0,1629
251,-3,10,0,13568,-8450,0,-5121,0,1628
257,-17,17,0,13568,-10498,0,-7425,0,1627
268,-19,6,1280,14848,-2,0,-6401,0,1628
257,-4,17,1280,14848,-2,0,-8449,0,1628
275,-5,15,-1793,13824,-6658,0,-6145,0,1629
254,4,33,512,12800,-7426,0,1280,0,1628
248,0,29,512,12800,-7426,0,-1,0,1628
264,7,27,-257,13824,-7682,0,-6145,0,1628
278,1,6,-257,13824,-7682,0,-9473,0,1628
275,-1,13,1024,14592,-514,0,4864,0,1629
265,-6,27,-513,14592,-9474,0,9728,0,1629
249,4,34,-513,14592,-9474,0,1024,0,1629
243,1,27,1280,13312,-7682,0,-3073,0,1627
268,-9,24,1280,13312,-7682,0,2048,0,1628
263,-16,17,1280,13568,-9730,0,7168,0,1629
240,-18,16,-257,14848,-7938,0,3328,0,1629
258,-20,21,-257,14848,-7938,0,-3329,0,1628
265,-20,39,512,13568,-8706,0,-2305,0,1631
249,-17,36,-257,14592,-8962,0,-513,0,1628
254,-20,12,-257,14592,-8962,0,-8961,0,1629
260,-15,19,-257,13824,-7426,0,-9217,0,1628
280,-19,13,768,14848,-7938,0,-3329,0,1629
255,-13,14,768,14848,-7938,0,-2049,0,1628
257,-5,23,0,13312,-7938,0,-11009,0,1628
269,-3,20,768,14336,-9986,0,-5889,0,1628
250,-8,14,768,14336,-9986,0,-769,0,1629
243,-6,18,1280,14592,-4098,0,512,0,1630
250,-6,15,1792,14592,-5890,0,-7425,0,1629
268,-6,27,1792,14592,-5890,0,-5633,0,1627
264,-16,21,0,13312,-7426,0,2048,0,1628
234,-12,14,0,13312,-7426,0,256,0,1628
248,-10,26,256,12800,-8962,0,-6401,0,1629
264,-5,26,0,14080,-8706,0,-7681,0,1628
274,-14,13,0,14080,-8706,0,-1025,0,1628
247,-9,14,768,14080,-10242,0,-513,0,1627
255,-5,16,-1025,12544,-7682,0,-5377,0,1629
274,-8,25,-1025,12544,-7682,0,-3585,0,1629
261,-10,18,-257,13568,-6402,0,-6401,0,1628
254,1,16,256,13824,-8706,0,-4609,0,1628
269,-9,11,256,13824,-8706,0,1792,0,1629
258,-1,14,512,13056,-8962,0,-513,0,1627
256,-2,29,512,13056,-8962,0,-10497,0,1627
264,-7,37,1792,14848,-5378,0,-4865,0,1629
266,-17,15,512,13824,-2,0,1024,0,1629
246,-3,12,512,13824,-2,0,0,0,1629
249,0,12,512,11776,-6402,0,-2817,0,1628
260,-1,19,512,11776,-6402,0,-2049,0,1627
242,-8,30,512,11776,-6402,0,2304,0,1628
261,-7,29,1280,14336,-6402,0,-3585,0,1628
275,-4,28,1280,14336,-6402,0,-5633,0,1628
254,-17,33,2048,14080,255,0,-1025,0,1627
265,-7,18,1536,15616,-6402,0,-513,0,1629
265,-4,22,1536,15616,-6402,0,-1793,0,1627
265,-6,17,-513,13824,-8194,0,-3841,0,1628
249,-4,15,-769,15104,-8450,0,-5633,0,1629
277,-5,20,-769,15104,-8450,0,-15873,0,1627
276,-15,23,2816,15616,511,0,-6401,0,1627
268,-10,13,-1281,14848,-8450,0,-8705,0,1627
246,6,19,-1281,14848,-8450,0,-8449,0,1628
243,19,11,1280,14336,-2050,0,-7425,0,1628
264,11,16,1280,12032,-7426,0,-1537,0,1627
253,13,33,1280,12032,-7426,0,-1281,0,1629
243,5,18,768,13568,-8450,0,-10241,0,1629
250,0,38,768,13568,-8450,0,-11009,0,1627
278,-5,31,768,13568,-8450,0,-3841,0,1627
270,1,20,3328,15872,-2,0,4096,0,1627
243,7,13,3328,15872,-2,0,-3329,0,1628
277,4,14,2304,14848,-7938,0,-6657,0,1629
277,1,18,1536,13568,-7426,0,-1537,0,1628
261,-8,22,1536,13568,-7426,0,0,0,1629
259,1,16,768,14080,-6658,0,-5889,0,1628
270,-2,4,768,14080,-6658,0,-11009,0,1628
266,-1,17,768,13312,-7682,0,-769,0,1629
241,3,29,1792,14336,-7170,0,-2305,0,1628
247,4,31,1792,14336,-7170,0,-4353,0,1630
266,14,14,1536,14336,-3586,0,3840,0,1628
242,3,10,512,15104,-8706,0,6144,0,1628
244,1,23,512,15104,-8706,0,2816,0,1628
245,1,28,1536,15360,-6146,0,5632,0,1628
263,-11,22,1536,15360,-6146,0,8704,0,1628
250,-13,18,768,13824,-9218,0,10752,0,1628
253,-14,5,-1,13824,-7170,0,8704,0,1629
240,-16,23,-1,13824,-7170,0,3584,0,1628
274,-22,25,-257,13568,-7426,0,-10753,0,1629
248,-21,36,1024,13056,-6914,0,-6145,0,1629
280,-16,17,1024,13056,-6914,0,-9217,0,1628
269,-18,36,-1025,12288,-6658,0,-12545,0,1628
295,-14,25,1024,14080,-1794,0,-3073,0,1628
293,-7,30,1024,14080,-1794,0,4096,0,1627
269,-1,32,512,15360,-4866,0,-10241,0,1628
283,6,45,-513,14848,-7426,0,-13057,0,1628
305,-4,42,-513,14848,-7426,0,-769,0,1628
265,-11,40,-513,14848,-8450,0,3328,0,1627
265,-12,33,512,15872,-4354,0,-769,0,1627
270,-14,58,512,15872,-4354,0,4096,0,1627
257,-15,35,-1,16128,-6402,0,-5377,0,1627
263,-13,33,-1,16128,-6402,0,-1793,0,1628
255,-3,40,256,13056,-8962,0,6400,0,1627
267,-10,43,768,14336,-5378,0,-3585,0,1628
258,-2,58,768,14336,-5378,0,4096,0,1627
286,0,40,-257,14336,-8962,0,5888,0,1629
232,5,53,1280,13312,-4866,0,4608,0,1629
223,-7,36,1280,13312,-4866,0,-7681,0,1628
271,-16,40,0,14336,-7682,0,-1537,0,1628
237,-23,26,1024,14592,-5378,0,0,0,1629
250,-32,18,1024,14592,-5378,0,-4353,0,1629
222,-18,52,-1,14336,-5890,0,-9473,0,1629
244,-10,61,-1,14336,-5890,0,-6145,0,1628
244,-4,59,-257,13568,-4610,0,-11521,0,1628
278,-11,30,-1025,14848,-8706,0,-4609,0,1629
264,3,38,-1025,14848,-8706,0,-5121,0,1628
257,-3,41,2048,15104,255,0,-4097,0,1629
291,-7,42,-513,15104,-7938,0,-12801,0,1630
278,-16,35,-513,15104,-7938,0,-11777,0,1628
285,-12,33,0,15104,-8194,0,-9473,0,1628
279,-5,20,1280,14336,-4354,0,-12033,0,1629
279,-11,36,1280,14336,-4354,0,-15617,0,1629
279,-1,36,768,14848,-3586,0,-17409,0,1628
286,-8,32,-513,13824,-5890,0,-3073,0,1629
280,1,32,-513,13824,-5890,0,-4609,0,1628
244,2,33,1280,15616,511,0,-9729,0,1628
280,3,32,1024,13824,-9730,0,-17409,0,1629
264,2,29,1024,13824,-9730,0,4864,0,1628
243,0,15,0,14848,-8962,0,1024,0,1628
238,-2,26,0,14848,-8962,0,-12801,0,1628
263,-4,32,-257,14848,-7170,0,-11009,0,1629
273,-12,34,512,14080,-5378,0,-769,0,1627
251,0,18,512,14080,-5378,0,5120,0,1629
256,8,21,-769,15360,-5122,0,-6145,0,1629
231,11,39,256,15616,-6914,0,-5377,0,1628
264,-9,39,256,15616,-6914,0,-7937,0,1631
240,-2,23,-1,15360,-4354,0,-2817,0,1627
252,-13,17,-1,15360,-4354,0,-1281,0,1628
245,1,40,-1,15104,-6914,0,-3585,0,1628
266,-16,40,-1,15104,-6402,0,-4865,0,1630
256,-12,43,-1,15104,-6402,0,-4353,0,1627
262,-11,34,512,12800,-4354,0,256,0,1629
264,-10,32,-513,14592,-6658,0,-1,0,1629
271,-11,18,-513,14592,-6658,0,-513,0,1628
273,-6,27,512,14848,1535,0,-2049,0,1629
266,0,26,512,14592,-5890,0,768,0,1628
251,-4,27,1536,14592,-5890,0,-2561,0,1627
265,2,29,-1281,14336,-7170,0,-3585,0,1628
254,-4,19,-1281,14336,-7170,0,1280,0,1628
257,-7,22,1280,15872,2047,0,2048,0,1629
248,-14,19,-513,14592,-2050,0,-4353,0,1628
238,-1,23,-513,14592,-2050,0,-2305,0,1629
244,0,26,256,15104,-5634,0,-3585,0,1628
260,-10,32,-257,12800,-7426,0,-1537,0,1628
261,-6,17,-257,12800,-7426,0,-513,0,1628
254,-9,25,2304,15616,2047,0,768,0,1628
264,1,29,2048,13824,-4354,0,-3329,0,1629
266,4,35,2048,13824,-4354,0,5888,0,1629
250,4,13,-1537,15360,-7682,0,-2817,0,1629
267,-9,22,-1537,15360,-7682,0,-9729,0,1628
258,-14,33,-257,14848,-7170,0,2048,0,1628
265,-11,23,-1,15360,767,0,-1025,0,1627
253,-16,23,-1,15360,767,0,-7425,0,1630
253,-14,23,256,15616,-6914,0,-7937,0,1627
240,-4,32,-513,14336,-7426,0,-1537,0,1628
272,-8,31,-513,14336,-7426,0,-14593,0,1629
255,2,26,-257,13568,-6146,0,2304,0,1628
262,-4,26,-257,14848,-3330,0,1536,0,1627
255,-1,41,-257,14848,-3330,0,-4609,0,1627
271,1,36,-769,13568,-8194,0,-6145,0,1627
258,-13,27,-769,13568,-8194,0,3584,0,1628
265,-12,17,-769,13568,-8194,0,-5889,0,1628
259,-2,22,1024,15872,-4866,0,-2049,0,1629
276,-12,20,1024,15872,-4866,0,-257,0,1628
259,-6,19,1024,15872,-4866,0,-5121,0,1627
255,-12,24,-1025,15104,-7938,0,-5377,0,1628
271,-3,37,-1025,15104,-7938,0,-3585,0,1629
252,-3,20,0,15616,-3330,0,-9729,0,1629
256,-1,22,-1793,16128,-9218,0,-10241,0,1628
256,-1,36,-1793,16128,-9218,0,-7169,0,1628
265,-2,26,-1,14848,-3842,0,-6913,0,1627
263,2,25,-1537,14336,-8962,0,-3585,0,1629
265,1,28,-1537,14336,-8962,0,-2049,0,1627
255,0,25,0,16128,-8450,0,-4609,0,1629
267,1,31,-1,14848,-2562,0,-6913,0,1628
254,2,30,-1,14848,-2562,0,-6657,0,1627
267,5,28,0,14336,-8706,0,-3329,0,1628
267,-2,20,0,14336,-8706,0,-5889,0,1629
254,0,22,1024,15104,-5122,0,-7937,0,1629
256,-7,32,512,16128,-8194,0,-16641,0,1627
274,-3,38,512,16128,-8194,0,-11521,0,1629
269,-9,28,1280,15616,-1026,0,-15361,0,1628
252,8,11,-769,14592,-7426,0,-9217,0,1627
259,1,20,-769,14592,-7426,0,-13313,0,1629
273,5,36,256,13824,-3586,0,-12033,0,1627
262,11,30,1024,15104,-7426,0,-12801,0,1629
246,14,18,1024,15104,-7426,0,-10753,0,1629
268,13,26,768,14848,-5378,0,-5889,0,1628
269,14,30,768,14848,-5378,0,512,0,1629
258,18,23,768,14848,-5378,0,4352,0,1629
243,21,18,2304,16896,1023,0,7680,0,1628
262,14,34,2304,16896,1023,0,768,0,1629
261,12,30,0,14848,-5378,0,7424,0,1628
281,10,30,256,15360,-4354,0,10496,0,1627
252,4,33,256,15360,-4354,0,11008,0,1629
254,4,20,-1,13568,-6914,0,-1,0,1627
241,5,21,-1,13568,-6914,0,768,0,1628
241,-6,28,-513,14080,-7682,0,4352,0,1630
266,-2,23,-1537,12800,-5378,0,-6657,0,1628
232,-1,17,-1537,12800,-5378,0,-2305,0,1628
248,4,27,-1281,15104,-7170,0,-8961,0,1628
245,-1,35,1280,15104,-4098,0,-12289,0,1627
259,2,28,1280,15104,-4098,0,-11009,0,1628
299,4,28,1536,15872,-1794,0,768,0,1629
249,8,25,1536,15872,-1794,0,3328,0,1628
257,21,38,1536,15872,-1794,0,-1537,0,1629
266,11,34,-1,15104,-6914,0,-8449,0,1629
268,7,34,-1,15104,-6914,0,4608,0,1627
241,1,23,0,15360,-2,0,2560,0,1628
261,0,16,256,14080,-3586,0,-9473,0,1628
265,2,34,256,14080,-3586,0,-8449,0,1627
272,-7,44,-769,15616,-7938,0,-3585,0,1628
264,4,35,-769,15616,-7938,0,-3841,0,1628
263,5,37,256,15360,-6402,0,-7681,0,1628
270,9,28,2560,15360,2559,0,-8449,0,1627
268,-2,28,2560,15360,2559,0,-3585,0,1629
279,3,23,-1,13824,-5890,0,-7937,0,1628
251,13,46,512,15616,-1538,0,-1793,0,1627
280,-1,39,512,15616,-1538,0,-13313,0,1629
284,7,31,-769,15616,-4866,0,-3585,0,1628
258,3,22,-769,15616,-4866,0,-4609,0,1629
252,6,24,-769,15616,-4866,0,-2305,0,1628
245,13,19,-769,15616,-5122,0,-10241,0,1629
276,1,40,-769,15616,-5122,0,-8705,0,1629
248,-4,30,-513,15616,-6402,0,4096,0,1628
244,-1,31,-1,15104,-2818,0,-5377,0,1628
259,2,40,-1,15104,-2818,0,-9729,0,1627
268,2,33,-1,15104,-6402,0,-2561,0,1627
234,1,24,-1,15104,-6402,0,-1025,0,1627
271,2,23,-1,15104,-6402,0,-16385,0,1629
276,21,37,-1025,16640,-4098,0,-7425,0,1629
268,4,40,-1025,16640,-4098,0,-769,0,1628
248,16,27,2304,17152,1279,0,-5377,0,1629
274,21,39,-1537,16896,-6402,0,-8961,0,1628
297,17,29,-1537,16896,-6402,0,6912,0,1629
290,10,27,-1537,15872,-4354,0,17152,0,1628
253,20,12,-257,15360,-7426,0,11776,0,1628
273,19,38,-257,15360,-7426,0,1024,0,1628
276,7,34,512,15104,-5890,0,8192,0,1627
249,6,36,-769,15616,-5890,0,14592,0,1628
238,-5,20,-769,15616,-5890,0,4608,0,1629
268,5,31,-1025,15360,-6402,0,-5121,0,1627
264,-7,28,-1025,15360,-6402,0,1024,0,1628
258,-11,25,-1,15616,-7426,0,-8961,0,1629
247,5,26,-257,15616,-6402,0,-6657,0,1628
254,10,27,-257,15616,-6402,0,-1537,0,1629
247,14,35,256,16128,-3586,0,-3329,0,1629
262,12,38,0,14848,-7682,0,-2049,0,1628
263,16,38,0,14848,-7682,0,13312,0,1628
216,11,37,1280,14592,-1282,0,11520,0,1628
229,11,38,1280,15616,-4610,0,-14337,0,1627
276,0,48,1280,15616,-4610,0,3072,0,1629
264,-10,44,-1,15360,-6914,0,22784,0,1628
228,-10,21,-1,15360,-6914,0,7936,0,1629
258,-11,38,0,14848,-6402,0,-17921,0,1628
280,-23,41,768,14592,-1282,0,-6145,0,1628
277,-35,37,768,14592,-1282,0,-6913,0,1629
282,-19,13,0,14848,-6914,0,-10497,0,1628
253,-14,25,-1281,14848,-3842,0,-5889,0,1627
277,-1,37,-1281,14848,-3842,0,-11009,0,1629
275,-5,50,256,15360,-5890,0,-10753,0,1629
263,0,38,-769,15104,-4354,0,-12545,0,1630
281,4,37,-769,15104,-4354,0,1536,0,1628
253,10,26,-257,14336,-7170,0,1536,0,1629
258,8,33,-513,15872,-7170,0,4352,0,1628
255,2,34,-513,15872,-7170,0,2048,0,1627
255,-3,41,512,15104,-4098,0,9472,0,1629
252,-16,30,512,15104,-4098,0,-6657,0,1628
241,-11,34,512,15104,-4098,0,2304,0,1629
246,-7,37,-1537,14592,-6146,0,2048,0,1627
262,2,30,-1537,14592,-6146,0,-769,0,1629
269,-7,30,0,15360,-770,0,-1025,0,1630
253,-1,27,-1025,13312,-6402,0,-769,0,1628
269,-7,44,-1025,13312,-6402,0,-12545,0,1627
271,1,29,512,15360,-4610,0,-5121,0,1628
280,-3,27,-769,14336,-4866,0,1280,0,1627
242,4,20,-769,14336,-4866,0,-2305,0,1627
268,9,29,1024,15104,1791,0,-7169,0,1628
283,7,40,1024,15104,1791,0,5376,0,1627
256,10,39,0,15104,-3330,0,11776,0,1628
267,8,25,-257,14336,-6914,0,-3329,0,1628
302,7,33,-257,14336,-6914,0,5632,0,1629
258,3,31,0,14336,-6658,0,15872,0,1628
226,0,28,-769,13568,-6658,0,10240,0,1628
248,-2,30,-769,13568,-6658,0,-11777,0,1629
284,1,39,-257,14080,-1794,0,2048,0,1629
249,-20,31,-257,14080,-1794,0,3840,0,1629
249,-12,18,-513,13568,-5890,0,-6401,0,1628
243,-5,49,-769,13056,-8706,0,-11009,0,1629
257,-6,35,-769,13056,-8706,0,-8449,0,1629
267,-2,25,-769,13056,-8706,0,-11009,0,1628
234,3,32,-1281,15104,-6402,0,-6145,0,1628
257,6,36,-1281,15104,-6402,0,-9473,0,1627
254,1,44,-769,13568,-6146,0,-15617,0,1629
246,5,46,512,16128,-3586,0,-12545,0,1628
265,-6,37,512,16128,-3586,0,-15617,0,1627
274,-4,21,512,16128,-2306,0,-8705,0,1629
264,-4,24,-1793,14848,-5122,0,-13569,0,1629
283,0,30,-1793,14848,-5122,0,-15873,0,1628
253,14,34,-769,14848,-5378,0,-8705,0,1629
286,4,23,0,15360,-2,0,-5377,0,1627
271,10,19,0,15360,-2,0,1280,0,1628
279,13,29,-513,16128,-4610,0,2304,0,1628
254,11,24,-513,16128,-4610,0,0,0,1629
258,15,38,-769,15360,-5890,0,2304,0,1626
265,15,39,-513,14848,-5634,0,7424,0,1629
258,5,30,-513,14848,-5634,0,10752,0,1628
260,0,26,768,15104,-4098,0,6400,0,1628
248,2,30,768,15104,-4098,0,8704,0,1629
268,0,38,768,15104,-4098,0,-1537,0,1628
245,-1,32,768,15104,-5634,0,7680,0,1628
262,-4,29,768,15104,-5634,0,-3073,0,1629
250,1,30,-1537,12800,-5890,0,-1025,0,1629
248,0,33,-257,14848,-6658,0,-3585,0,1629
248,-1,36,-257,14848,-6658,0,-3329,0,1628
270,-2,40,0,13056,-7426,0,-10241,0,1629
245,-1,33,-1025,14080,-7426,0,-11009,0,1628
268,-6,32,-1025,14080,-7426,0,-13569,0,1629
267,0,35,512,15360,-4610,0,-11009,0,1629
264,2,15,768,15104,-2306,0,-8705,0,1629
256,7,18,768,15104,-2306,0,-15873,0,1629
267,-10,36,-1,14848,-4866,0,-13825,0,1629
255,12,42,-1,14848,-4866,0,-9985,0,1629
249,-4,32,-1,14848,-4866,0,-15361,0,1629
271,4,34,-257,14080,-5890,0,-13569,0,1628
271,6,32,-257,14080,-5890,0,-7425,0,1627
265,4,28,1280,15616,2303,0,-3329,0,1629
267,8,40,0,14848,-2306,0,-7937,0,1627
281,9,43,0,14848,-2306,0,-1793,0,1628
259,7,31,-1,15616,-5634,0,1536,0,1628
262,7,31,-1,15616,-5634,0,1792,0,1629
255,9,28,-513,15616,-5634,0,-4097,0,1629
270,10,34,2048,16384,255,0,768,0,1628
246,5,26,2048,16384,255,0,5632,0,1629
256,3,25,-769,15872,-4610,0,-513,0,1628
256,1,33,-769,15872,-4610,0,-769,0,1628
257,3,21,1024,16896,-1282,0,2816,0,1628
250,-3,30,-1025,14848,-6146,0,7680,0,1628
252,5,35,-1025,14848,-6146,0,2304,0,1627
267,9,29,0,16384,-6658,0,1792,0,1629
250,8,27,-513,15360,-4610,0,5376,0,1627
256,7,26,-513,15360,-4610,0,4096,0,1628
253,9,28,-1281,13568,-6402,0,2304,0,1629
258,3,28,-1281,13568,-6402,0,-3073,0,1629
282,-12,37,-513,16896,-2,0,-3329,0,1629
267,-8,25,-513,14848,-7938,0,-3073,0,1628
267,-5,33,-513,14848,-7938,0,-9985,0,1628
270,-4,32,-3073,12544,-18178,0,-8705,0,1628
256,-5,27,-3073,14336,-12290,0,512,0,1629
257,6,22,-3073,14336,-12290,0,-3841,0,1627
261,18,28,-1793,13568,-11522,0,-4097,0,1627
253,15,29,1280,16640,767,0,0,0,1627
252,4,35,1280,16640,767,0,256,0,1629
263,7,37,-513,15616,-5634,0,512,0,1628
257,12,44,-513,15616,-5634,0,10496,0,1627
248,9,22,256,15360,-4866,0,4608,0,1627
248,-6,36,-769,13824,-5378,0,-6401,0,1628
275,-11,37,-769,13824,-5378,0,-1025,0,1627
283,-5,45,-1793,15360,-6146,0,10496,0,1628
237,-4,13,512,14848,-3330,0,3584,0,1630
280,4,39,512,14848,-3330,0,-8193,0,1628
274,-13,37,-1537,14080,-5122,0,-4865,0,1628
251,-5,29,-1793,14592,-5890,0,-1,0,1628
260,-5,25,-1793,14592,-5890,0,-11777,0,1628
262,-2,31,-1025,14848,-5378,0,2816,0,1628
265,3,31,0,17152,767,0,-8705,0,1631
244,-3,39,0,17152,767,0,-12033,0,1628
270,0,32,-1281,14592,-6658,0,-9729,0,1629
259,-2,20,-1281,14592,-6658,0,-5377,0,1628
284,0,25,-1025,15872,-2562,0,-11265,0,1629
272,1,32,-1025,14080,-5378,0,-3585,0,1629
269,2,37,-1025,14080,-5378,0,-5633,0,1628
280,4,39,-769,15360,-6402,0,-7937,0,1628
257,0,29,-2049,14592,-5378,0,-1281,0,1629
254,-2,12,-2049,14592,-5378,0,-1,0,1629
273,6,21,-257,15616,511,0,512,0,1628
254,11,25,-257,15616,511,0,3584,0,1629
248,3,34,0,15104,-3842,0,6656,0,1628
238,10,28,-1,15104,-6146,0,3072,0,1628
251,5,36,-1,15104,-6146,0,768,0,1628
251,0,32,-1793,15360,-6658,0,2048,0,1627
261,2,28,-1793,15360,-6658,0,4352,0,1629
248,-3,42,-257,15104,-8450,0,3328,0,1629
267,0,29,-1025,14592,-4610,0,768,0,1629
263,2,15,-1025,14592,-4610,0,2048,0,1629
248,1,25,-1793,15616,-6402,0,4608,0,1629
266,-2,23,0,13312,-5378,0,-1537,0,1627
260,4,25,0,13312,-5378,0,1024,0,1630
261,3,27,-1025,14080,-6914,0,512,0,1629
258,-1,35,-1025,14080,-6914,0,256,0,1628
253,3,30,-1025,14080,-6914,0,1792,0,1628
245,6,26,-1281,14080,-9218,0,-257,0,1630
251,2,32,-1281,14080,-9218,0,-3329,0,1628
251,-1,31,-1025,13824,-5634,0,-3585,0,1631
252,-11,26,-1281,13568,-5890,0,-12801,0,1628
281,-19,31,-1281,13568,-5890,0,-11521,0,1628
243,-7,39,-1793,13568,-6914,0,-7425,0,1630
251,-9,38,-2049,14336,-8450,0,-23553,0,1628
281,3,29,-2049,14336,-8450,0,-13313,0,1629
270,-5,22,-1025,15360,-6402,0,-16385,0,1628
268,9,33,-1025,15360,-5378,0,-15873,0,1629
270,4,38,-1025,15360,-5378,0,-4097,0,1628
255,13,28,-2049,14592,-7682,0,-2561,0,1628
282,13,19,-769,14848,-6146,0,-7681,0,1628
262,5,30,-769,14848,-6146,0,7936,0,1628
246,11,28,-1281,16640,-5634,0,6400,0,1628
245,11,40,-769,15872,-4098,0,256,0,1627
268,9,32,-769,15872,-4098,0,8960,0,1627
248,2,43,-1793,14848,-6914,0,10240,0,1630
260,1,25,-1,13568,-7170,0,-2049,0,1629
262,-5,28,-1,13568,-7170,0,5376,0,1629
259,-13,28,-513,14336,-6402,0,2304,0,1629
262,-6,33,-513,14336,-6402,0,-1025,0,1628
261,-7,25,-1,16128,-1282,0,-3329,0,1628
275,-12,31,-1537,14336,-7426,0,6912,0,1630
273,-2,35,-1537,14336,-7426,0,-5121,0,1628
257,1,38,-2049,15104,-8450,0,-9729,0,1627
265,-3,35,-513,14080,-5890,0,-9729,0,1629
271,1,33,-513,14080,-5890,0,-4865,0,1629
253,-6,27,-1537,14848,-6914,0,-11521,0,1627
271,1,36,-1281,14336,-6914,0,-14081,0,1629
257,-3,36,-1281,14336,-6914,0,-4097,0,1629
262,6,26,-2305,15104,-7682,0,-4609,0,1628
263,16,27,-7169,14592,-11522,0,-1793,0,1627
247,12,25,-7169,14592,-11522,0,-1281,0,1628
240,17,40,-3585,14080,-11778,0,1536,0,1628
272,12,37,-2561,13056,-12034,0,-257,0,1628
247,5,25,-2561,13056,-12034,0,4864,0,1629
276,4,32,-1793,13824,-12546,0,-3073,0,1628
272,-1,21,-3585,13312,-12290,0,7936,0,1628
267,2,29,-3585,13312,-12290,0,-513,0,1628
275,9,38,-2561,15360,-11010,0,-3329,0,1628
267,-9,30,-3073,12800,-12802,0,2304,0,1629
251,6,23,-3073,12800,-12802,0,256,0,1630
279,13,32,-2049,13824,-11778,0,-8193,0,1629
263,8,28,-3841,15360,-12546,0,1792,0,1628
243,2,25,-3841,15360,-12546,0,-12545,0,1628
248,4,42,-2561,14592,-11522,0,-9217,0,1628
253,3,29,-2561,14336,-9218,0,-8961,0,1628
242,-3,26,-2561,14336,-9218,0,-9729,0,1630
256,1,29,-2049,15872,-11266,0,-9985,0,1630
254,11,33,-2049,16640,-8450,0,-2305,0,1627
246,14,39,-2049,16640,-8450,0,-9473,0,1627
270,14,34,-2305,15104,-11010,0,-769,0,1628
256,15,29,-3585,15616,-12034,0,-1025,0,1628
268,12,30,-3585,15616,-12034,0,-4353,0,1627
278,12,34,-513,15872,-6658,0,-2817,0,1629
272,6,25,-2817,15616,-11010,0,-769,0,1628
271,-1,32,-2817,15616,-11010,0,-4353,0,1628
277,-4,30,-2561,14080,-11010,0,256,0,1629
265,1,26,-1793,15872,-6914,0,-1281,0,1628
278,4,29,-1793,15872,-6914,0,-11009,0,1629
259,9,22,-3585,13568,-13314,0,2304,0,1629
262,3,30,-2305,15104,-11266,0,-3841,0,1629
255,6,27,-2305,15104,-11266,0,-8705,0,1628
263,2,28,-2561,15872,-13058,0,-1281,0,1628
266,1,25,-513,15872,-4866,0,8448,0,1628
233,7,22,-513,15872,-4866,0,7168,0,1629
203,13,29,-3073,14592,-9986,0,6144,0,1629
248,-5,31,512,14848,-9474,0,-16897,0,1627
240,-13,36,512,14848,-9474,0,-1025,0,1627
273,-15,41,-3585,15360,-12034,0,-4609,0,1629
228,-8,37,-2049,14592,-5890,0,-3329,0,1629
284,-2,24,-2049,14592,-5890,0,-17921,0,1628
274,0,34,-4353,15104,-9986,0,-5633,0,1627
270,-7,11,-2049,13312,-11266,0,-6913,0,1627
259,6,29,-2049,13312,-11266,0,-11009,0,1627
281,2,25,-4353,15360,-11010,0,-25089,0,1628
264,1,21,-1793,14848,-9218,0,-5121,0,1629
245,1,21,-1793,14848,-9218,0,-11265,0,1629
236,12,27,-2561,16640,-12290,0,-9217,0,1629
256,15,37,-1025,16640,-8962,0,-8449,0,1630
253,11,32,-1025,16640,-8962,0,-257,0,1629
256,7,35,-2049,15616,-10498,0,-1793,0,1628
255,16,32,-1537,17152,-12290,0,-1025,0,1628
259,4,34,-1537,17152,-12290,0,-2561,0,1628
264,3,38,-1537,15872,-12546,0,1024,0,1628
274,6,17,-1793,15616,-7426,0,1280,0,1629
262,0,18,-1793,15616,-7426,0,0,0,1629
280,-2,32,-2817,15104,-13570,0,-5121,0,1628
256,-6,36,-2817,15104,-13570,0,-3841,0,1629
287,-5,29,-2817,15104,-13570,0,-513,0,1629
258,10,26,-2561,15360,-12034,0,5120,0,1627
244,1,27,-2561,15360,-12034,0,-9217,0,1627
267,-1,44,-3585,16128,-13314,0,-10753,0,1628
271,-3,31,-2305,15104,-6402,0,-2049,0,1629
267,-13,35,-2305,15104,-6402,0,-2049,0,1629
261,6,28,-2305,15104,-6402,0,-4353,0,1628
261,2,28,-2561,15104,-9986,0,2304,0,1628
247,9,27,-2561,15104,-9986,0,0,0,1628
267,8,29,-3585,13568,-12034,0,-1281,0,1628
260,11,21,-1537,15616,-6146,0,5888,0,1629
260,-2,28,-1537,15616,-6146,0,6656,0,1628
235,11,45,-2561,16128,-7938,0,5632,0,1629
263,3,41,-2049,15104,-11010,0,-769,0,1628
269,-11,29,-2049,15104,-11010,0,5632,0,1629
274,-12,17,-3329,13568,-10498,0,-769,0,1627
263,-8,31,-4609,13056,-10498,0,1280,0,1628
240,-6,39,-4609,13056,-10498,0,-8449,0,1629
260,-13,41,-4097,13568,-10498,0,-6145,0,1628
256,-12,30,-3841,15360,-11522,0,-7681,0,1630
262,0,26,-3841,15360,-11522,0,-13057,0,1627
252,-5,30,-2817,14848,-9218,0,-13569,0,1627
262,-3,29,-3073,14848,-11778,0,-11009,0,1629
242,7,29,-2817,14080,-8706,0,-14337,0,1629
278,1,27,-2817,14080,-8706,0,-11265,0,1628
268,11,33,-3073,14336,-10754,0,-4097,0,1629
232,17,36,-2817,15360,-5890,0,-19201,0,1628
264,8,49,-2817,15360,-5890,0,-16897,0,1628
278,14,32,-3073,14848,-11778,0,4352,0,1629
301,11,31,-2561,14080,-9730,0,14592,0,1628
229,21,23,-2561,14080,-9730,0,11264,0,1627
245,16,28,-3073,14848,-12034,0,256,0,1628
260,7,48,-1793,15104,-10242,0,768,0,1627
275,2,38,-1793,15104,-10242,0,9472,0,1628
236,-2,25,-3585,13568,-11778,0,11008,0,1627
245,3,14,-3585,13568,-11778,0,-5633,0,1627
248,3,44,-3585,13568,-11778,0,-3585,0,1630
246,-4,51,-4097,15360,-13058,0,-2561,0,1628
248,8,29,-2561,14848,-7938,0,-1537,0,1629
273,11,17,-2561,14848,-7938,0,512,0,1627
255,20,22,-4097,13824,-12034,0,1024,0,1628
270,12,43,-4097,13824,-12034,0,-7169,0,1628
259,14,33,-1793,15360,-6402,0,-769,0,1628
264,10,24,-4609,14592,-12034,0,-3073,0,1628
272,16,27,-4609,14592,-12034,0,-1537,0,1629
264,9,17,-4609,14592,-12034,0,1280,0,1627
248,8,30,-3585,13312,-13314,0,-1281,0,1629
254,10,36,-3585,13312,-13314,0,-2049,0,1630
275,11,38,-3585,13312,-13314,0,-1,0,1627
269,6,31,-3073,14080,-9986,0,-513,0,1628
258,5,34,-3073,14080,-9986,0,-1,0,1628
244,10,36,-1793,14336,-10498,0,-3329,0,1627
252,3,39,-3329,14592,-12802,0,-13313,0,1628
277,5,33,-3329,14592,-12802,0,-8705,0,1628
268,2,20,-2817,14336,-12546,0,2304,0,1628
272,9,22,-3841,15104,-11010,0,-8705,0,1627
247,19,35,-3841,15104,-11010,0,-9217,0,1628
271,7,44,-1537,15360,-11778,0,-12033,0,1628
267,11,30,-2817,15360,-12802,0,-1537,0,1629
259,15,9,-2817,15360,-12802,0,-4865,0,1629
249,11,26,-2817,15360,-12802,0,-5889,0,1629
267,10,44,-3585,13824,-9474,0,-12801,0,1629
253,8,39,-3585,13824,-9474,0,-12545,0,1629
272,5,36,-1025,15104,-10498,0,-10497,0,1629
261,16,22,-1793,15616,-8450,0,1536,0,1629
240,20,27,-1793,15616,-8450,0,-1025,0,1628
250,21,32,256,15360,-11522,0,-7169,0,1628
251,15,24,-2049,16128,-10498,0,-2817,0,1627
265,7,30,-2049,16128,-10498,0,1280,0,1629
259,13,24,-2817,14848,-11522,0,4096,0,1628
264,15,43,-2561,15104,-11010,0,0,0,1631
265,18,43,-2561,15104,-11010,0,3328,0,1628
264,20,30,-1281,15360,-6402,0,-2817,0,1628
274,11,30,-2049,14848,-11266,0,768,0,1628
273,8,35,-2049,14848,-11266,0,5376,0,1629
254,6,36,-2817,14592,-11522,0,1280,0,1627
273,5,29,-1281,15616,-6914,0,-3329,0,1629
274,4,31,-1281,15616,-6914,0,4864,0,1628
263,14,37,-1025,16128,-6146,0,-7937,0,1628
241,26,29,-2561,17152,-11010,0,-257,0,1627
261,13,29,-2561,17152,-11010,0,1536,0,1629
252,16,36,-1281,15360,-9218,0,1792,0,1629
254,11,29,-2817,15360,-10498,0,-1537,0,1628
268,7,34,-2817,15360,-10498,0,11264,0,1629
234,8,37,-2049,16128,-10242,0,0,0,1629
235,13,40,-3073,15872,-11522,0,-9985,0,1628
271,4,48,-3073,15872,-11522,0,-5889,0,1629
252,1,21,-2561,14848,-15362,0,4864,0,1628
255,2,19,-3073,16128,-11266,0,-11265,0,1628
238,10,24,-3073,16128,-11266,0,-8705,0,1628
276,17,42,-2817,14592,-13314,0,-6657,0,1627
249,11,43,-1025,15616,-7938,0,-6401,0,1628
278,14,21,-1025,15616,-7938,0,-15105,0,1627
264,15,39,-257,14848,-9218,0,256,0,1631
268,10,41,-2561,15872,-13058,0,-1281,0,1629
262,16,43,-2561,15872,-13058,0,512,0,1629
261,10,31,-2305,14848,-12034,0,-2561,0,1629
266,25,37,-1793,15104,-11010,0,256,0,1628
265,21,40,-1793,15104,-11010,0,-1281,0,1628
258,12,41,-769,15360,-11266,0,1280,0,1628
256,24,33,-1025,16640,-8450,0,512,0,1629
255,19,39,-1025,16640,-8450,0,4608,0,1628
272,16,37,-257,15360,-11522,0,4096,0,1627
251,21,24,-2049,16128,-12802,0,2560,0,1628
259,15,27,-2049,16128,-12802,0,0,0,1630
250,11,34,-769,16640,-12290,0,7168,0,1628
256,16,49,-2049,16128,-12546,0,-513,0,1629
265,13,36,-2049,16128,-12546,0,4352,0,1630
250,8,37,-513,16384,-9218,0,0,0,1629
270,9,28,-513,16384,-9218,0,2304,0,1629
264,12,37,-769,15616,-12546,0,-2817,0,1629
264,18,44,-513,15872,-10498,0,5632,0,1627
254,15,35,-513,15872,-10498,0,-2561,0,1628
262,11,45,-1281,15872,-10498,0,-1,0,1627
269,11,30,768,17408,-8450,0,3072,0,1629
252,8,29,768,17408,-8450,0,1792,0,1628
264,14,26,-769,16640,-11266,0,-1,0,1628
257,15,30,-769,17408,-10754,0,8448,0,1628
258,10,32,-769,17408,-10754,0,5120,0,1628
250,21,30,-257,17408,-10242,0,3840,0,1630
265,14,44,-257,17408,-10242,0,-3073,0,1630
254,8,33,-257,17408,-10242,0,6656,0,1627
253,7,17,-1281,15360,-9986,0,3584,0,1629
265,5,36,-1281,15360,-9986,0,3584,0,1631
258,2,33,-1537,16896,-11266,0,5376,0,1628
275,-7,36,0,16640,-7938,0,3840,0,1631
251,-8,37,0,16640,-7938,0,11520,0,1627
252,-14,27,-1281,15872,-11778,0,7680,0,1628
229,-24,24,-769,15616,-13570,0,3840,0,1628
237,-21,23,-769,15616,-13570,0,-14081,0,1628
264,-33,29,-769,17664,-7170,0,-6401,0,1628
265,-38,25,-1025,14336,-13570,0,1536,0,1629
239,-28,31,-1025,14336,-13570,0,-6145,0,1627
236,-3,39,-2049,16128,-10242,0,-15617,0,1629
273,-6,40,-2049,15872,-14594,0,-16641,0,1629
266,-11,26,-2049,15872,-14594,0,-9473,0,1629
259,0,9,256,17920,-8450,0,-9217,0,1628
264,7,29,-1,15616,-8962,0,-9985,0,1629
267,5,39,-1,15616,-8962,0,-10497,0,1628
264,-1,48,-1281,16384,-13314,0,-14081,0,1628
253,3,39,-1025,15104,-10498,0,-7681,0,1629
270,5,20,-1025,15104,-10498,0,-2561,0,1629
263,7,26,-257,16896,-6402,0,3328,0,1628
254,5,30,-257,17920,-10498,0,4096,0,1628
254,7,34,-257,17920,-10498,0,768,0,1630
267,1,23,-1025,15872,-10242,0,1536,0,1629
241,5,25,-1025,15872,-10242,0,7424,0,1627
251,-3,21,512,15616,-7426,0,-1025,0,1627
254,-8,31,-1025,14848,-9730,0,-4353,0,1628
256,-5,43,-1025,14848,-9730,0,-769,0,1629
284,-5,36,-769,16896,-13058,0,7168,0,1629
252,5,22,-769,15616,-9218,0,1024,0,1627
258,8,29,-769,15616,-9218,0,-3073,0,1628
256,10,40,0,17664,-9218,0,1536,0,1627
278,4,30,-513,15360,-12034,0,-2561,0,1628
282,1,22,-513,15360,-12034,0,4352,0,1629
259,7,24,-1793,15872,-11522,0,-3585,0,1629
255,12,34,-769,15872,-12546,0,1024,0,1629
262,3,35,-769,15872,-12546,0,0,0,1628
254,1,44,-257,15104,-11522,0,1536,0,1627
262,7,23,-257,15104,-11522,0,-513,0,1629
260,-1,30,-1025,14848,-14338,0,2560,0,1629
254,15,45,-257,15616,-9986,0,3584,0,1628
259,9,29,-257,15616,-9986,0,5888,0,1628
259,2,34,-1,16384,-9986,0,5120,0,1628
283,9,20,-1025,17920,-8962,0,5888,0,1631
272,3,32,-1025,17920,-8962,0,11008,0,1628
256,10,26,1536,17408,-8194,0,11008,0,1631
244,4,36,-2305,15616,-14594,0,10496,0,1631
274,-2,26,-2305,15616,-14594,0,7168,0,1628
261,-7,33,-1,15104,-10754,0,14080,0,1627
262,-9,27,-1,15104,-10754,0,1280,0,1629
247,5,29,-1025,14080,-10242,0,3072,0,1628
264,-11,43,-513,15616,-12546,0,1536,0,1629
256,-4,36,-513,15616,-12546,0,9216,0,1629
253,-3,21,-769,14848,-13570,0,-3329,0,1629
264,8,27,0,14848,-11010,0,1280,0,1629
243,-2,31,0,14848,-11010,0,7168,0,1631
245,0,32,-1025,14080,-13570,0,4352,0,1628
225,-1,34,0,15872,-14338,0,4352,0,1627
256,-5,22,0,15872,-14338,0,-2561,0,1628
258,-3,28,1792,16896,-11522,0,8448,0,1629
245,-8,26,1792,16896,-11522,0,2304,0,1629
260,-10,47,2560,15104,-6658,0,6912,0,1626
244,-8,31,0,15360,-12290,0,7168,0,1626
245,-17,30,0,15360,-12290,0,7168,0,1628
273,-13,28,-513,15360,-13314,0,1536,0,1629
262,-20,35,512,14080,-13314,0,11776,0,1629
230,-21,26,512,14080,-13314,0,4864,0,1629
251,-16,31,-1,15872,-13314,0,-10241,0,1627
279,-23,35,768,14592,-13058,0,4096,0,1627
251,-26,26,768,14592,-13058,0,10240,0,1628
242,-29,30,-769,14080,-14594,0,-5121,0,1628
256,-12,38,1024,16640,-8450,0,-5889,0,1628
267,-28,40,1024,16640,-8450,0,6912,0,1631
242,-20,30,-1,14080,-14594,0,7168,0,1630
246,-30,37,-769,15360,-14082,0,-9473,0,1627
276,-20,38,-769,15360,-14082,0,-1281,0,1629
252,-37,36,512,14848,-15618,0,4864,0,1628
260,-29,15,1024,15104,-8962,0,-2561,0,1628
260,-24,27,1024,15104,-8962,0,-11265,0,1628
276,-23,30,0,15360,-13826,0,1280,0,1629
249,-29,22,-513,14848,-8450,0,3328,0,1629
271,-26,19,-513,14848,-8450,0,-2561,0,1628
250,-21,33,1024,15360,-11010,0,-1025,0,1628
272,-21,35,-1537,14848,-16130,0,-3329,0,1628
257,-22,38,-1537,14848,-16130,0,4608,0,1629
263,-19,26,-1,14080,-15362,0,1280,0,1628
240,-22,31,-1281,14848,-16130,0,4864,0,1628
266,-21,39,-1281,14848,-16130,0,-4353,0,1628
259,-37,34,-257,13824,-14850,0,4352,0,1631
268,-29,17,-257,14080,-13570,0,3328,0,1629
271,-28,23,-257,14080,-13570,0,3072,0,1628
252,-29,44,-769,14592,-14594,0,256,0,1629
251,-28,33,-257,13824,-15874,0,-257,0,1628
268,-19,24,-257,13824,-15874,0,-2817,0,1628
267,-20,24,-1,13824,-9218,0,7168,0,1631
252,-15,35,256,14336,-15618,0,4352,0,1628
252,-17,25,256,14336,-15618,0,-769,0,1629
260,-21,29,-257,14080,-14338,0,-1,0,1628
257,-26,32,768,12544,-16898,0,2304,0,1628
257,-21,14,768,12544,-16898,0,-769,0,1629
253,-24,28,0,13568,-11778,0,-1537,0,1629
277,-23,24,0,13568,-11778,0,1024,0,1627
243,-24,26,0,13568,-11778,0,4096,0,1629
258,-13,18,0,13056,-13826,0,-1793,0,1628
274,-22,29,0,13056,-13826,0,-4353,0,1628
256,-27,31,1280,15104,-12290,0,4608,0,1627
250,-27,26,-257,13312,-14850,0,2048,0,1627
259,-12,22,-257,13312,-14850,0,-5889,0,1628
257,-17,26,-1537,12800,-15618,0,2816,0,1628
262,-25,25,-257,12800,-13570,0,2560,0,1629
238,-21,28,-257,12800,-13570,0,-3585,0,1628
259,-18,41,-1025,13568,-15874,0,512,0,1628
268,-33,46,512,14080,-14338,0,-4353,0,1628
238,-29,17,512,14080,-14338,0,-6145,0,1628
269,-23,23,512,12288,-14850,0,-513,0,1628
254,-21,34,1792,14080,-11522,0,-3073,0,1627
256,-27,31,1792,14080,-11522,0,-9729,0,1627
258,-27,38,512,12800,-14082,0,-3585,0,1631
277,-28,20,-257,13312,-16130,0,-2305,0,1628
247,-22,25,-257,13312,-16130,0,512,0,1629
248,-18,32,512,13056,-14594,0,-6401,0,1627
262,-10,44,1024,14080,-13570,0,-7681,0,1628
253,-28,18,1024,14080,-13570,0,-1537,0,1630
266,-23,23,256,14080,-16898,0,1024,0,1628
263,-31,27,-1537,14336,-15362,0,-3073,0,1627
259,-29,40,-1537,14336,-15362,0,0,0,1630
255,-23,24,-1537,14336,-15362,0,-4609,0,1628
255,-19,22,-1,14336,-17154,0,-8193,0,1628
268,-31,27,-1,14336,-17154,0,1536,0,1627
257,-32,24,256,14336,-15362,0,1792,0,1628
249,-27,30,1280,14592,-11010,0,-6401,0,1628
253,-16,22,1280,14592,-11010,0,-7937,0,1628
252,-30,26,512,14592,-12546,0,-7169,0,1630
260,-33,19,1024,14336,-12034,0,-9473,0,1629
256,-27,17,1024,14336,-12034,0,-6145,0,1628
266,-23,28,1024,14336,-12034,0,-1793,0,1627
237,-25,29,512,14080,-13826,0,2816,0,1629
249,-15,19,512,14080,-13826,0,-14849,0,1628
267,-25,23,512,14080,-13826,0,-6145,0,1629
259,-35,9,256,13312,-14594,0,-1281,0,1628
244,-20,21,256,13312,-14594,0,1792,0,1629
254,-9,28,256,13312,-14594,0,1280,0,1629
258,-15,30,1536,14080,-11266,0,3840,0,1628
249,-10,25,1536,14080,-11266,0,-4097,0,1629
269,-24,16,768,15104,-14082,0,-2817,0,1627
262,-28,20,512,15360,-17666,0,3840,0,1627
266,-28,23,512,15360,-17666,0,-2817,0,1628
270,-17,23,2304,15360,-8962,0,-10241,0,1628
274,-27,9,1280,14592,-13570,0,-4353,0,1630
248,-19,16,1280,14592,-13570,0,-513,0,1629
279,-21,22,0,14080,-14082,0,-12545,0,1629
262,-27,22,1792,14848,-9730,0,1792,0,1628
248,-18,14,1792,14848,-9730,0,-2305,0,1629
258,-8,19,-1025,13312,-16386,0,-8961,0,1629
247,-18,18,256,15104,-13570,0,-2561,0,1629
253,-16,16,256,15104,-13570,0,-1,0,1628
270,-13,19,1536,14080,-13570,0,-2305,0,1629
244,-18,23,3072,15616,-10498,0,5120,0,1628
246,-11,19,3072,15616,-10498,0,4864,0,1628
249,-16,25,2048,14336,-10498,0,-2049,0,1628
256,-20,15,-1281,13568,-21506,0,-4097,0,1630
257,-22,20,-1281,13568,-21506,0,1792,0,1628
259,-20,8,0,14080,-14850,0,-1281,0,1628
258,-17,14,768,15360,-13058,0,-4609,0,1628
249,-23,36,768,15360,-13058,0,-6657,0,1628
273,-22,18,1792,14080,-12546,0,0,0,1627
258,-18,23,1536,16128,-13314,0,-1025,0,1627
254,-19,17,1536,16128,-13314,0,-1025,0,1631
241,-14,31,2304,16896,-13058,0,-4353,0,1629
262,-16,23,3328,16640,-11010,0,-14593,0,1627
255,-24,43,3328,16640,-11010,0,-5633,0,1629
256,-24,37,512,15360,-13826,0,-1025,0,1627
259,-15,19,1536,16128,-11522,0,-8449,0,1629
266,-12,36,1536,16128,-11522,0,-11521,0,1630
258,-16,53,1280,16640,-15618,0,-1793,0,1628
272,-21,54,2304,16640,-10754,0,-11265,0,1628
265,-13,46,1536,16640,-14850,0,-8705,0,1627
242,-5,39,1536,16640,-14850,0,-3073,0,1628
262,-19,50,2304,16640,-13058,0,-13825,0,1629
259,-18,44,2304,16896,-15106,0,-12033,0,1627
261,-14,34,2304,16896,-15106,0,-3073,0,1629
248,-9,34,1792,15104,-13826,0,-6145,0,1629
259,-13,47,2560,16896,-9218,0,-6401,0,1628
263,-20,74,2560,16896,-9218,0,-3073,0,1628
222,-20,73,1536,17152,-13570,0,5888,0,1628
247,-20,41,2304,16896,-12802,0,2560,0,1629
275,-10,-6,2304,16896,-12802,0,-14593,0,1627
245,-10,-20,1536,16128,-15362,0,-7425,0,1629
283,-26,-20,1792,15872,-12290,0,-769,0,1628
247,-29,-6,1792,15872,-12290,0,-3073,0,1628
244,-28,11,2560,15616,-8194,0,-4097,0,1628
266,-16,21,2048,15616,-13058,0,5376,0,1627
267,-6,-6,2048,15616,-13058,0,1536,0,1629
248,-5,2,1792,16384,-11522,0,-2049,0,1630
261,-6,4,2560,15872,-9730,0,-4609,0,1628
274,-20,18,2560,15872,-9730,0,1280,0,1629
251,-27,9,2048,16128,-9474,0,3584,0,1628
258,-30,5,512,15616,-15874,0,-513,0,1627
248,-31,12,512,15616,-15874,0,512,0,1629
254,-30,16,2816,15872,-10242,0,768,0,1628
258,-24,0,1536,14080,-12034,0,-6913,0,1627
254,-29,4,1536,14080,-12034,0,-6401,0,1629
261,-26,3,1024,15872,-14082,0,0,0,1628
261,-31,16,1024,15872,-14082,0,-4353,0,1627
266,-22,12,1024,15872,-14082,0,-5633,0,1628
260,-20,14,3072,15360,-13826,0,-4865,0,1628
268,-17,-2,2560,14848,-13058,0,-11265,0,1627
253,-18,5,2560,14848,-13058,0,-14849,0,1629
277,-20,7,2560,15104,-11778,0,-14849,0,1628
241,-31,12,1024,15872,-13826,0,-11521,0,1628
255,-35,-1,1024,15872,-13826,0,-11009,0,1629
261,-14,0,3584,16640,-7426,0,-4353,0,1629
257,-14,10,1024,16640,-13314,0,-8705,0,1629
263,-13,16,1024,16640,-13314,0,-5377,0,1630
249,-6,16,3840,16384,-9218,0,5888,0,1628
243,-2,11,1792,15360,-15874,0,-1793,0,1628
261,-5,11,1792,15360,-15874,0,-8961,0,1627
267,-19,3,3584,16896,-13058,0,-4609,0,1629
253,-31,9,3072,16384,-11266,0,-1025,0,1627
291,-15,13,3072,16384,-11266,0,-7425,0,1628
275,-14,3,2304,16128,-10498,0,12032,0,1628
268,-29,-1,1024,16896,-13314,0,1536,0,1628
273,-15,5,1024,16896,-13314,0,-2817,0,1628
276,-14,8,1024,16640,-15106,0,5632,0,1628
267,-26,11,1024,17152,-13826,0,9984,0,1629
234,-13,-3,1024,17152,-13826,0,-257,0,1629
265,-8,12,768,15616,-14850,0,-2817,0,1628
236,-19,15,2048,16640,-14338,0,2560,0,1627
239,-20,11,2048,16640,-14338,0,-12545,0,1629
255,-19,4,1280,15872,-13314,0,-9473,0,1629
261,-11,-1,1536,15616,-14082,0,-4609,0,1628
239,-16,17,1536,15616,-14082,0,-5889,0,1627
270,-13,13,1536,16128,-13570,0,-14849,0,1630
265,-7,7,2048,16384,-9730,0,-3329,0,1629
255,-16,0,2048,16384,-9730,0,-4353,0,1629
259,1,10,3072,17664,-9474,0,-7681,0,1628
270,-8,9,2560,16384,-10754,0,-6913,0,1628
260,-12,4,2560,16384,-10754,0,1792,0,1629
259,-21,5,2048,15104,-12546,0,-9729,0,1628
264,-17,9,4096,17920,-10498,0,-3841,0,1627
246,-24,3,4096,17920,-10498,0,1792,0,1628
250,-12,13,1792,16896,-13570,0,-5889,0,1627
258,-14,14,1280,16384,-13314,0,-3841,0,1629
247,-20,0,1280,16384,-13314,0,-4353,0,1628
249,-14,9,2048,15872,-10242,0,-11777,0,1629
267,-11,15,3072,16384,-8706,0,-6145,0,1630
270,-17,3,3072,16384,-8706,0,-3585,0,1627
254,-14,0,3072,16640,-11778,0,-7169,0,1627
262,-8,13,3840,16384,-8450,0,256,0,1627
271,-14,10,3840,16384,-8450,0,-6657,0,1628
262,-13,6,3840,15104,-8450,0,0,0,1628
278,-22,-1,3328,17664,-11010,0,-4865,0,1628
245,-11,12,3328,17664,-11010,0,4096,0,1627
268,-15,14,2816,17920,-13826,0,-7425,0,1627
242,-20,19,2304,16384,-13058,0,-1025,0,1627
263,-16,-4,2304,16384,-13058,0,-3585,0,1631
273,-13,0,2048,16384,-14338,0,3584,0,1629
244,-11,11,2816,16640,-12034,0,-5633,0,1628
259,-8,22,2816,16640,-12034,0,-2305,0,1628
251,-20,8,1536,17152,-12034,0,-2049,0,1629
287,-9,2,3840,18176,-9730,0,-2305,0,1630
246,-2,2,3840,18176,-9730,0,6400,0,1628
264,-15,3,2304,17920,-11778,0,6656,0,1629
248,-6,13,2304,16896,-13826,0,4352,0,1627
266,-14,5,1792,16896,-13826,0,5120,0,1628
230,-15,0,3584,16896,-9474,0,10496,0,1629
267,-11,18,3584,16896,-9474,0,6144,0,1629
246,-16,5,3584,16896,-9474,0,256,0,1628
246,-21,8,3072,18176,-14338,0,6912,0,1628
256,-21,14,3072,18176,-14338,0,-5633,0,1628
254,-24,3,3840,17664,-9474,0,-5633,0,1629
247,-30,7,1536,15872,-13826,0,-1537,0,1628
259,-30,3,1536,15872,-13826,0,-6145,0,1628
244,-13,4,3072,16640,-11010,0,-6913,0,1628
266,-13,15,1792,18176,-13058,0,-257,0,1629
246,-6,4,1792,18176,-13058,0,-3073,0,1629
277,-10,12,3328,18432,-11010,0,-3841,0,1629
264,-20,9,2816,17920,-10498,0,3840,0,1628
243,-6,8,2816,17920,-10498,0,-3841,0,1628
257,-10,4,512,17408,-13314,0,4352,0,1628
249,-17,9,2816,16128,-13570,0,11776,0,1628
251,-21,3,2816,16128,-13570,0,4352,0,1628
239,-17,-1,3072,17152,-10242,0,12288,0,1628
245,-18,13,2560,18432,-15874,0,11264,0,1628
244,-17,11,2560,18432,-15874,0,1792,0,1628
268,-31,8,4608,18176,-12034,0,-6657,0,1629
251,-26,6,1280,16128,-13570,0,7936,0,1628
256,-26,4,1280,16128,-13570,0,1280,0,1628
247,-29,7,3328,17664,-12034,0,-4609,0,1628
282,-28,-7,2048,15872,-13826,0,9216,0,1628
242,-31,12,2048,15872,-13826,0,11264,0,1629
222,-21,15,2816,17664,-13826,0,-12289,0,1628
282,-24,30,3328,17152,-14082,0,-15105,0,1628
266,-40,13,3328,17152,-14082,0,-13313,0,1627
269,-29,-4,3328,16896,-12034,0,-8961,0,1629
260,-22,32,3072,17664,-14594,0,-11009,0,1629
260,-26,87,3072,17664,-14594,0,-14337,0,1628
268,-21,59,3072,18432,-13570,0,-9473,0,1628
263,-14,28,3328,18944,-7426,0,-30209,0,1628
286,-6,26,4608,19456,-6914,0,30719,0,1628
273,-7,31,4608,19456,-6914,0,-24577,0,1628
293,-11,55,3072,19200,-11778,0,-11777,0,1629
257,-6,47,3072,18432,-12546,0,-5633,0,1628
251,-1,34,3072,18432,-12546,0,-3585,0,1628
255,-14,44,4352,19712,-6658,0,-1281,0,1628
249,-10,31,4864,18176,-13058,0,8704,0,1631
230,2,18,4864,18176,-13058,0,-769,0,1629
255,-2,4,3072,18688,-14082,0,-7425,0,1628
258,-4,8,3072,17152,-12290,0,-1025,0,1628
255,-19,-3,4864,17152,-12290,0,-6401,0,1629
252,-36,14,4352,19200,-7170,0,-4865,0,1628
274,-32,26,4864,18688,-11266,0,-11009,0,1629
254,-22,19,4864,18688,-11266,0,-3585,0,1629
282,-27,17,3072,18688,-11522,0,-20737,0,1628
275,-11,10,5120,19712,-5634,0,-17665,0,1630
279,-7,0,5120,19712,-5634,0,-19713,0,1628
283,-16,11,3584,19968,-9730,0,-10241,0,1627
259,-9,26,2816,18432,-10498,0,-11777,0,1628
244,-6,37,2816,18432,-10498,0,-3841,0,1630
271,-12,29,2304,20992,-13314,0,-3841,0,1628
275,-2,-1,3072,19968,-13058,0,-6401,0,1628
250,-3,26,3072,19968,-13058,0,5632,0,1629
242,-13,18,1792,19200,-12034,0,9216,0,1628
249,-14,14,3840,18176,-13826,0,2304,0,1629
252,-15,29,3840,18176,-13826,0,1280,0,1629
253,-18,17,3328,19712,-10754,0,5120,0,1628
233,-21,19,4864,20224,-7938,0,-3841,0,1628
254,-28,17,4864,20224,-7938,0,-11777,0,1628
257,-21,13,3328,18688,-11010,0,-9217,0,1629
256,-24,20,4864,21248,-7170,0,-11777,0,1628
262,-17,14,4864,21248,-7170,0,-12033,0,1628
252,-18,18,1792,19200,-12546,0,-8449,0,1630
264,-23,18,4096,20736,-10498,0,-15105,0,1628
242,-5,19,4096,20736,-10498,0,-5121,0,1629
242,-1,22,3072,19712,-13826,0,-9217,0,1629
243,-13,41,4096,18944,-13314,0,-9985,0,1628
232,-9,34,4096,18944,-13314,0,-4097,0,1627
254,-13,34,3840,19712,-10754,0,-5121,0,1629
263,-17,36,3072,20224,-12290,0,-10241,0,1628
242,-16,33,3072,20224,-12290,0,-1281,0,1628
268,-24,42,3072,20224,-12290,0,-11265,0,1628
267,-27,35,5376,19712,-7938,0,-11009,0,1628
245,-18,35,3328,18944,-12802,0,-3841,0,1628
278,-8,36,3328,18944,-12802,0,-12289,0,1629
256,-10,40,4096,20480,-11778,0,-15361,0,1628
254,-18,30,4608,20224,-13570,0,-9729,0,1627
254,-6,44,4608,20224,-13570,0,-11521,0,1628
237,-6,41,4352,19712,-6914,0,-18945,0,1628
255,-22,44,3584,21504,-10754,0,-27393,0,1628
271,-11,32,3584,21504,-10754,0,-20225,0,1631
272,-6,31,3840,21504,-11266,0,-19201,0,1628
268,2,39,4352,20992,-9986,0,-17665,0,1627
292,11,39,4352,20992,-9986,0,-20225,0,1628
264,12,42,3584,21760,-9986,0,-4865,0,1628
264,18,40,2816,21760,-11778,0,-19457,0,1629
260,21,43,2816,21760,-11778,0,-20737,0,1628
268,21,42,3840,21760,-11266,0,-16385,0,1629
247,26,49,4096,23040,-11010,0,-15361,0,1629
268,33,35,4096,23040,-11010,0,-22273,0,1628
258,30,58,4864,23808,-6146,0,-12033,0,1629
262,31,63,4352,22784,-11266,0,-12801,0,1628
253,36,71,4352,22784,-11266,0,-6657,0,1628
277,32,46,4864,23808,-11778,0,-10497,0,1629
273,25,58,5376,24064,-9218,0,-4609,0,1628
